ResponseId,LanguageWantToWorkWith
1,R
1,Rust
1,TypeScript
2,C
2,C#
2,C++
2,HTML/CSS
2,Java
2,JavaScript
2,TypeScript
3,C
3,C#
3,SQL
3,TypeScript
4,C
4,C#
4,Elixir
4,F#
4,Go
4,Java
4,JavaScript
4,R
4,Rust
4,TypeScript
5,Lua
6,C
6,C#
6,C++
6,Elixir
6,Go
6,HTML/CSS
6,Java
6,JavaScript
6,Kotlin
6,Python
6,R
6,Rust
6,Swift
6,TypeScript
7,APL
7,Bash/Shell
7,Go
7,Python
7,TypeScript
9,Delphi
9,Java
9,Swift
10,C
10,C#
10,Go
10,Java
10,JavaScript
11,C
11,C++
11,Go
11,HTML/CSS
11,Java
11,JavaScript
11,Lua
11,R
11,Rust
11,TypeScript
12,C
12,HTML/CSS
12,Haskell
12,R
12,Rust
12,Swift
13,C
13,Elixir
13,Erlang
13,HTML/CSS
13,Java
13,JavaScript
13,R
13,Ruby
13,SQL
13,TypeScript
14,C
14,HTML/CSS
14,Java
14,JavaScript
14,Python
14,Scala
15,Bash/Shell
15,C
15,HTML/CSS
15,SQL
15,TypeScript
16,Java
16,JavaScript
16,Kotlin
16,PowerShell
16,SQL
16,TypeScript
16,VBA
17,Python
17,SQL
18,C
18,C#
18,F#
18,PowerShell
18,SQL
19,C
19,HTML/CSS
19,Python
19,SQL
20,Bash/Shell
20,C
20,HTML/CSS
20,Java
20,JavaScript
20,Python
20,SQL
20,TypeScript
21,Elixir
21,Julia
21,Kotlin
21,Python
21,R
21,Rust
21,SQL
21,Scala
21,TypeScript
22,C
22,C#
22,SQL
23,SQL
23,VBA
24,C
24,C++
24,Java
24,JavaScript
24,PHP
24,TypeScript
25,C
25,C#
25,Dart
25,Java
25,Kotlin
25,Swift
25,TypeScript
26,Bash/Shell
26,C
26,Groovy
26,HTML/CSS
26,Java
26,JavaScript
26,Python
27,C
27,HTML/CSS
27,R
27,Rust
27,TypeScript
28,C
28,C++
29,TypeScript
31,TypeScript
32,Python
33,Go
33,Python
34,C
34,HTML/CSS
34,Java
34,JavaScript
34,Python
34,SQL
35,Python
36,Bash/Shell
36,Go
36,Python
37,C
37,HTML/CSS
37,Java
37,JavaScript
37,PHP
37,Python
37,R
37,Ruby
38,C
38,C++
38,Python
38,R
38,Ruby
38,SQL
38,TypeScript
39,Bash/Shell
39,C
39,Dart
39,Go
39,Groovy
39,HTML/CSS
39,Java
39,Perl
39,SQL
39,Scala
41,Bash/Shell
41,Python
41,SQL
42,C
42,C#
42,HTML/CSS
42,Java
42,JavaScript
42,Python
42,R
42,Ruby
42,SQL
42,TypeScript
44,Bash/Shell
44,Java
44,Kotlin
44,SQL
45,Dart
46,Bash/Shell
46,C
46,C++
46,Lua
46,Python
47,C
47,C++
47,Go
48,Dart
48,Haskell
48,Java
48,Swift
49,C
49,C#
49,HTML/CSS
49,Java
49,JavaScript
49,SQL
49,TypeScript
51,Bash/Shell
51,C
51,HTML/CSS
51,Java
51,JavaScript
51,Python
51,R
51,Rust
51,SQL
52,Bash/Shell
52,Go
52,Lua
52,Python
52,R
52,Rust
54,Bash/Shell
54,C
54,C#
54,F#
54,Go
54,Haskell
54,Java
54,JavaScript
54,Kotlin
54,LISP
54,Python
54,R
54,Ruby
54,Rust
55,C
55,C#
55,HTML/CSS
55,Java
55,JavaScript
55,SQL
55,TypeScript
56,C
56,C++
57,C
57,C#
57,Dart
57,HTML/CSS
57,PowerShell
57,SQL
57,TypeScript
58,C
58,Clojure
58,Java
58,Kotlin
58,R
58,Rust
59,C
59,C++
59,Python
59,R
59,Rust
60,Bash/Shell
60,C
60,HTML/CSS
60,Java
60,JavaScript
60,Kotlin
60,Python
60,R
60,Rust
60,TypeScript
61,Assembly
61,Dart
61,R
61,Rust
61,SQL
61,Solidity
62,Java
62,Kotlin
63,C
63,HTML/CSS
63,Java
63,JavaScript
63,Python
63,R
63,Rust
63,TypeScript
64,C
64,C#
64,Erlang
64,Haskell
64,R
64,Rust
65,C
65,C++
65,Java
65,JavaScript
66,C
66,HTML/CSS
66,Java
67,C
67,C#
67,HTML/CSS
67,Java
67,JavaScript
67,SQL
67,TypeScript
68,C
68,C#
68,C++
68,PowerShell
68,Python
68,R
68,Rust
69,Java
69,SQL
69,TypeScript
71,Bash/Shell
71,C
71,Groovy
71,Java
71,JavaScript
71,Python
72,Java
72,JavaScript
72,SQL
73,Bash/Shell
73,C
73,Go
73,HTML/CSS
73,Java
73,JavaScript
73,Python
73,R
73,Rust
73,SQL
74,C
74,C#
74,Swift
74,TypeScript
75,Go
75,R
75,Rust
75,TypeScript
76,C
76,C#
76,PHP
76,SQL
77,Java
78,Bash/Shell
78,R
78,Rust
79,C
79,Clojure
79,SQL
80,Delphi
81,Bash/Shell
81,C
81,HTML/CSS
81,Java
81,JavaScript
82,Java
82,R
83,C
83,C#
83,HTML/CSS
83,Java
83,JavaScript
83,R
83,Rust
83,SQL
83,TypeScript
84,Dart
84,R
84,Rust
85,C
85,Clojure
85,Dart
85,Go
85,Java
85,JavaScript
85,Kotlin
85,Python
85,Scala
85,TypeScript
87,Bash/Shell
87,C
87,C#
87,Groovy
87,HTML/CSS
87,Java
87,JavaScript
88,TypeScript
89,C
89,C#
89,C++
89,Python
90,Python
90,SQL
91,Delphi
92,Bash/Shell
92,C
92,C++
92,HTML/CSS
92,Python
92,R
93,C
93,HTML/CSS
93,TypeScript
95,Bash/Shell
95,C
95,Python
95,R
95,Rust
96,C
96,HTML/CSS
96,Java
96,JavaScript
96,R
96,Ruby
96,Rust
97,C
97,C#
97,HTML/CSS
97,Java
97,JavaScript
97,SQL
97,VBA
98,Swift
99,C
99,C++
99,Clojure
99,Java
99,JavaScript
99,Kotlin
99,Python
99,Scala
100,APL
100,Assembly
100,Bash/Shell
100,C
100,C++
100,Haskell
100,LISP
100,Perl
100,Python
100,R
100,Rust
101,Kotlin
101,Python
102,C
102,C#
103,C
103,C++
103,Python
103,R
104,Java
104,JavaScript
104,Python
104,SQL
104,TypeScript
105,Go
105,TypeScript
106,C
106,C#
107,C
107,C++
107,Java
107,JavaScript
107,Python
107,R
107,SQL
107,VBA
108,C
108,C#
108,SQL
109,C
109,C#
109,Go
109,R
109,Rust
109,TypeScript
110,Go
111,C
111,C#
111,Go
111,HTML/CSS
111,Java
111,JavaScript
111,Python
111,SQL
111,TypeScript
112,Bash/Shell
112,Python
113,Bash/Shell
113,C
113,HTML/CSS
113,Java
113,JavaScript
113,PHP
113,R
113,SQL
113,TypeScript
114,Go
114,Java
114,JavaScript
114,Python
114,R
114,Ruby
114,Swift
114,TypeScript
115,Dart
115,Java
115,Python
116,C
116,HTML/CSS
116,Java
116,JavaScript
116,Python
117,C
117,C#
118,C
118,HTML/CSS
118,Java
118,JavaScript
118,SQL
118,TypeScript
119,Bash/Shell
119,Python
120,C
120,Clojure
120,Kotlin
120,TypeScript
121,Go
121,Kotlin
121,Python
121,R
121,Rust
122,C
122,C#
122,HTML/CSS
122,Java
122,JavaScript
122,SQL
122,TypeScript
123,C
123,Crystal
123,Kotlin
123,SQL
123,VBA
124,Go
124,Kotlin
124,Python
124,R
124,Rust
124,SQL
124,TypeScript
125,Assembly
125,C
125,C#
125,C++
125,R
125,Rust
126,Java
126,JavaScript
126,Python
126,SQL
127,C
127,C#
127,Dart
127,Go
127,HTML/CSS
127,Java
127,JavaScript
127,PHP
127,SQL
127,TypeScript
128,C
128,C#
128,C++
128,Java
128,JavaScript
128,Python
129,Bash/Shell
129,C
129,C++
129,Python
129,R
129,Rust
131,Go
132,C
132,C#
132,HTML/CSS
132,Java
132,JavaScript
132,PowerShell
132,TypeScript
133,Java
133,JavaScript
133,Perl
133,Python
133,R
133,Ruby
133,SQL
134,C
134,Elixir
134,HTML/CSS
134,Java
134,JavaScript
134,Python
134,R
134,Ruby
134,TypeScript
135,R
135,Rust
136,C
136,C++
137,Kotlin
137,R
137,Rust
138,Python
138,Scala
139,C
139,C#
139,C++
139,Java
139,JavaScript
139,Python
139,R
140,Groovy
141,C
141,HTML/CSS
141,Java
141,JavaScript
141,TypeScript
142,F#
142,Python
142,R
142,Rust
144,C
144,Clojure
144,HTML/CSS
144,Java
144,JavaScript
144,LISP
144,SQL
144,Scala
145,Go
145,Java
145,JavaScript
145,R
145,Rust
145,TypeScript
147,Go
147,Java
147,Kotlin
147,R
147,Rust
147,TypeScript
148,C
148,HTML/CSS
148,Java
148,JavaScript
148,Python
148,SQL
148,TypeScript
149,C
149,C#
149,R
149,Rust
150,Python
151,Bash/Shell
151,C
151,HTML/CSS
151,Java
151,JavaScript
151,Python
151,SQL
152,C
152,C#
152,C++
152,Dart
152,Java
152,JavaScript
152,Kotlin
152,PHP
152,Python
152,Swift
153,C
153,Go
153,HTML/CSS
153,Java
153,JavaScript
153,Python
153,SQL
154,Bash/Shell
154,C
154,C#
154,Erlang
154,Go
154,HTML/CSS
154,Java
154,Kotlin
154,Python
154,SQL
156,C
156,C#
156,TypeScript
157,C
157,HTML/CSS
157,Java
157,JavaScript
157,Python
157,Swift
157,TypeScript
158,Bash/Shell
158,Go
158,R
158,Rust
158,TypeScript
159,C
159,HTML/CSS
159,Haskell
159,Java
159,JavaScript
159,LISP
159,Python
159,Scala
159,TypeScript
160,C
160,C#
161,Go
161,Python
162,Go
162,Java
163,Java
163,SQL
164,C
164,C#
164,Kotlin
164,SQL
165,Go
165,Java
165,Kotlin
165,Scala
167,C
167,C++
167,Python
168,C
168,C#
168,Go
168,HTML/CSS
168,Java
168,JavaScript
168,Python
168,R
168,Rust
168,SQL
168,Solidity
168,TypeScript
169,Assembly
169,C
170,LISP
170,Python
171,C
171,C#
171,Python
171,Swift
172,C
172,C++
172,Python
173,C
173,HTML/CSS
173,Python
173,R
173,Rust
174,Assembly
174,Bash/Shell
174,C
174,Dart
174,Go
174,Groovy
174,Java
174,JavaScript
174,Kotlin
174,Lua
174,Python
174,SQL
174,Swift
175,C
175,HTML/CSS
175,Java
175,JavaScript
175,PowerShell
176,Kotlin
176,R
176,Rust
177,Bash/Shell
177,Java
177,JavaScript
177,Python
177,SQL
178,C
178,HTML/CSS
178,Java
178,JavaScript
178,Python
178,TypeScript
179,Elixir
179,Go
179,R
179,Ruby
179,Rust
180,C
180,C#
181,Go
181,Java
181,Kotlin
182,C
182,HTML/CSS
182,Java
182,JavaScript
182,Python
182,SQL
182,TypeScript
183,Go
184,Bash/Shell
184,C
184,C#
184,C++
184,Clojure
184,Elixir
184,Erlang
184,F#
184,HTML/CSS
184,Haskell
184,Java
184,JavaScript
184,Julia
184,Kotlin
184,LISP
184,PowerShell
184,R
184,Rust
184,SQL
184,Scala
184,Swift
184,TypeScript
185,Groovy
185,Java
185,JavaScript
186,C
186,R
186,Rust
187,Delphi
187,SQL
188,Bash/Shell
188,C
188,HTML/CSS
188,Java
188,JavaScript
188,PHP
188,Python
188,SQL
188,TypeScript
189,Go
189,Python
191,C
191,C#
191,HTML/CSS
191,Java
191,JavaScript
191,R
191,Rust
192,C
192,Clojure
192,Julia
192,R
192,Rust
193,Assembly
193,C
193,C#
193,C++
194,Bash/Shell
194,C
194,C++
194,Go
194,Java
194,Python
194,SQL
194,Swift
195,Assembly
195,Bash/Shell
195,C
195,C++
195,Python
196,Elixir
196,Python
196,R
196,Rust
196,TypeScript
197,APL
197,Bash/Shell
197,C
197,Clojure
197,Erlang
197,LISP
197,Lua
197,Python
197,R
197,Ruby
198,R
198,Rust
199,Python
199,R
199,Rust
200,C
200,C#
200,Go
200,PowerShell
201,Java
201,JavaScript
201,TypeScript
202,Bash/Shell
202,C
202,C++
202,LISP
202,Python
202,R
202,Rust
202,SQL
203,Bash/Shell
203,Python
203,SQL
204,Bash/Shell
204,Java
204,Kotlin
204,R
204,Rust
205,C
205,C#
205,F#
205,Java
205,JavaScript
205,Swift
206,C
206,C++
206,Dart
206,Go
206,HTML/CSS
206,Java
206,JavaScript
206,Kotlin
206,Objective-C
206,R
206,Rust
206,Swift
207,C
207,C#
207,HTML/CSS
207,SQL
207,TypeScript
208,C
208,C++
208,PHP
208,R
208,Ruby
209,Kotlin
209,PHP
210,C
210,HTML/CSS
210,TypeScript
211,Java
211,JavaScript
211,Kotlin
212,C
212,C#
212,C++
212,Dart
212,Go
212,HTML/CSS
212,Java
212,JavaScript
212,Python
212,R
212,Ruby
212,Rust
212,SQL
212,TypeScript
213,C
213,C++
213,Perl
213,R
213,Rust
213,SQL
214,Java
214,JavaScript
214,Python
214,TypeScript
216,Bash/Shell
216,C
216,C++
216,Go
216,HTML/CSS
216,Python
216,R
216,Rust
216,TypeScript
218,C
218,C#
218,Go
218,PowerShell
218,SQL
219,C
219,C#
219,C++
219,Erlang
219,Go
219,Java
219,JavaScript
219,Python
219,SQL
219,TypeScript
220,Python
221,Go
221,Java
221,SQL
222,C
222,C#
222,C++
222,SQL
222,TypeScript
223,Java
223,JavaScript
223,VBA
224,C
224,C++
224,HTML/CSS
224,Java
224,JavaScript
224,Python
225,C
225,C#
225,SQL
226,C
226,C#
226,Go
226,PowerShell
226,Python
226,SQL
227,R
227,Rust
228,C
228,HTML/CSS
228,Java
228,JavaScript
228,PowerShell
228,Python
228,SQL
228,TypeScript
229,Go
231,C
231,HTML/CSS
231,Kotlin
231,Python
231,R
231,Rust
231,SQL
231,TypeScript
232,Bash/Shell
232,Python
232,SQL
232,Scala
233,C
233,C#
233,C++
233,F#
233,Go
233,HTML/CSS
233,Java
233,JavaScript
233,Python
233,SQL
233,TypeScript
234,Bash/Shell
234,Go
236,C
236,C#
237,Go
237,Python
237,SQL
237,Scala
238,Delphi
239,Bash/Shell
239,C
239,HTML/CSS
239,Python
239,SQL
240,C
240,HTML/CSS
240,Java
240,JavaScript
240,Python
240,R
240,Ruby
240,SQL
241,C
241,C++
241,Python
241,R
241,Rust
242,C
242,C#
242,HTML/CSS
242,Java
242,JavaScript
242,Lua
242,Python
242,SQL
243,C
243,Java
244,C
244,Dart
244,HTML/CSS
244,Java
244,JavaScript
244,Python
244,R
244,SAS
244,SQL
244,Swift
244,TypeScript
245,Haskell
245,Python
245,R
245,Rust
246,C
246,Go
246,HTML/CSS
246,Java
246,JavaScript
246,PHP
246,Python
246,SQL
247,C
247,C#
247,F#
247,HTML/CSS
247,Java
247,JavaScript
247,PowerShell
247,SQL
247,Swift
247,TypeScript
248,Java
248,JavaScript
248,Kotlin
248,Python
249,Python
250,C
250,C++
250,Dart
250,HTML/CSS
250,Java
250,JavaScript
250,PHP
250,Python
250,R
250,Rust
251,R
251,Rust
252,C
252,C#
252,Kotlin
252,Swift
253,C
253,C#
253,R
253,Rust
253,TypeScript
254,Bash/Shell
254,C
254,C++
254,Kotlin
254,R
254,Rust
255,C
256,Bash/Shell
256,Go
256,Java
256,JavaScript
256,Python
257,Bash/Shell
257,C
257,HTML/CSS
257,Java
257,JavaScript
257,PHP
257,PowerShell
257,Python
257,SQL
258,Haskell
258,Python
258,R
258,Rust
258,SQL
259,C
259,Clojure
259,Go
259,Python
260,C
260,C#
260,HTML/CSS
260,Java
260,JavaScript
260,R
260,Rust
260,TypeScript
261,C
261,C#
261,HTML/CSS
261,Java
261,JavaScript
261,SQL
262,Assembly
262,C
262,R
262,Rust
262,Swift
263,R
263,Rust
265,Bash/Shell
265,Go
265,Groovy
265,Java
265,JavaScript
265,Python
265,R
265,Rust
265,SQL
266,C
266,C++
266,Python
266,R
266,Rust
267,Bash/Shell
267,C
267,C++
267,Go
267,Java
267,JavaScript
267,Python
267,SQL
267,TypeScript
268,C
268,HTML/CSS
268,Java
268,JavaScript
268,Python
269,Bash/Shell
269,C
269,C#
269,HTML/CSS
269,Java
269,JavaScript
269,Python
269,R
269,Rust
269,SQL
269,TypeScript
270,C
270,C++
270,R
270,Rust
271,Go
273,C
273,C#
273,Java
273,R
273,Rust
274,Delphi
274,Python
274,R
274,Ruby
274,SQL
274,TypeScript
275,C
275,C++
275,Python
276,Bash/Shell
276,Go
276,Python
276,R
276,Rust
276,SQL
277,Bash/Shell
277,C
277,Go
277,HTML/CSS
277,Java
277,JavaScript
277,Python
277,SQL
278,C
278,C#
278,Java
278,JavaScript
278,Python
278,TypeScript
279,C
279,C#
279,HTML/CSS
279,Java
279,JavaScript
279,TypeScript
280,C
280,C++
280,Java
280,Python
281,Go
281,R
281,Rust
281,TypeScript
282,Assembly
282,C
282,C#
282,C++
282,Haskell
282,R
282,Rust
283,C
283,Clojure
283,Crystal
283,Java
283,R
283,Ruby
284,Java
284,JavaScript
284,Kotlin
284,PHP
284,SQL
285,Java
285,JavaScript
285,PowerShell
286,Bash/Shell
286,Python
286,R
286,Rust
286,SQL
286,TypeScript
287,C
287,HTML/CSS
287,Java
287,JavaScript
287,Kotlin
287,TypeScript
289,Lua
289,R
289,Rust
290,C
290,C#
290,C++
290,Dart
290,Go
290,Python
291,C
291,HTML/CSS
291,Java
291,JavaScript
291,Python
291,R
291,Ruby
291,SQL
291,TypeScript
292,Bash/Shell
292,C
292,C#
292,Java
292,Kotlin
292,TypeScript
293,Java
293,JavaScript
293,PowerShell
293,SQL
294,Julia
294,Python
295,Elixir
295,R
295,Rust
295,SQL
296,Elixir
296,Julia
297,Bash/Shell
297,C
297,Go
297,HTML/CSS
297,Java
297,JavaScript
297,SQL
298,C
298,C#
298,C++
298,Java
298,JavaScript
299,C
299,C#
299,HTML/CSS
299,Java
299,JavaScript
299,Python
299,TypeScript
300,Java
300,JavaScript
300,Python
301,Dart
302,Java
302,JavaScript
302,R
302,Rust
302,TypeScript
303,R
303,Rust
303,Swift
304,C
304,HTML/CSS
304,Java
304,JavaScript
304,PHP
304,R
304,Ruby
304,SQL
305,C
305,C#
305,HTML/CSS
305,Java
305,JavaScript
305,Kotlin
305,Python
305,SQL
305,TypeScript
306,C
306,C++
306,Dart
306,Go
306,Haskell
306,Julia
306,Kotlin
306,LISP
306,Python
306,R
306,Rust
306,TypeScript
307,Kotlin
308,Elixir
308,Erlang
308,Go
308,Python
308,R
308,Rust
308,SQL
308,TypeScript
309,C
309,C#
309,PHP
309,R
309,Ruby
309,Rust
309,SQL
309,TypeScript
310,R
310,Rust
311,C
311,C#
311,HTML/CSS
311,Java
311,JavaScript
311,SQL
311,TypeScript
312,C
312,C++
312,Python
312,R
312,Rust
313,Bash/Shell
313,C
313,C#
313,HTML/CSS
313,Java
313,JavaScript
313,SQL
313,TypeScript
314,C
314,HTML/CSS
314,Java
314,JavaScript
314,Python
314,TypeScript
315,Bash/Shell
315,Python
315,R
315,Rust
316,C
316,HTML/CSS
316,Python
316,SQL
316,Scala
316,TypeScript
317,C
317,C#
318,Dart
318,Python
318,R
318,Ruby
319,R
319,Rust
320,Java
320,Kotlin
320,Python
320,Swift
321,C
321,C#
321,Dart
321,HTML/CSS
321,Java
321,R
321,Rust
321,SQL
322,Bash/Shell
322,Erlang
322,Go
322,Groovy
322,Java
322,JavaScript
322,Python
322,R
322,Ruby
323,Bash/Shell
323,C
323,Clojure
323,Java
323,SQL
324,Bash/Shell
324,Go
324,LISP
324,Python
325,C
325,C++
325,Dart
325,Go
325,Java
325,JavaScript
325,R
325,Rust
325,TypeScript
326,C
326,C#
326,C++
326,R
326,Rust
327,Bash/Shell
327,Python
327,R
327,Rust
328,Kotlin
328,SQL
329,Assembly
329,Bash/Shell
329,C
329,C#
329,Elixir
329,Julia
329,Lua
329,Python
329,R
329,Rust
330,C
330,HTML/CSS
330,R
330,Rust
330,TypeScript
331,Bash/Shell
331,C
331,C#
331,Go
331,Python
332,Bash/Shell
332,C
332,C++
332,HTML/CSS
332,Java
332,JavaScript
332,Python
332,TypeScript
333,Assembly
333,C
333,C++
333,Python
333,R
333,Rust
334,C
334,C++
334,Go
334,R
334,Rust
335,Go
335,Julia
335,Python
335,Swift
336,Bash/Shell
336,C
336,C++
336,Go
336,HTML/CSS
336,Java
336,JavaScript
336,Python
336,R
336,Rust
336,SQL
336,Scala
336,TypeScript
337,Haskell
337,R
337,Rust
338,Bash/Shell
338,C
338,C++
338,HTML/CSS
338,Java
338,JavaScript
338,PHP
338,SQL
339,C
339,C#
339,HTML/CSS
339,Java
339,JavaScript
340,C
340,C#
341,C
341,Delphi
341,HTML/CSS
341,Java
341,JavaScript
341,PHP
342,Bash/Shell
342,C
342,HTML/CSS
342,Java
342,JavaScript
342,PHP
342,R
342,Rust
342,SQL
343,Go
345,Bash/Shell
345,C
345,C#
345,Java
345,JavaScript
345,PowerShell
345,Python
345,SQL
345,VBA
346,Bash/Shell
346,C
346,Dart
346,Go
346,HTML/CSS
346,R
346,Rust
346,TypeScript
347,Bash/Shell
347,C
347,C++
347,Go
347,HTML/CSS
347,Java
347,JavaScript
347,Python
347,R
348,Elixir
348,Erlang
348,Go
348,R
348,Rust
349,Elixir
350,C
350,Clojure
350,Elixir
350,F#
350,Julia
350,OCaml
350,R
350,Rust
351,Bash/Shell
351,C
351,C++
351,Go
351,R
351,Rust
351,SQL
352,Java
352,JavaScript
352,TypeScript
353,R
353,Rust
353,TypeScript
354,Bash/Shell
354,C
354,HTML/CSS
354,Java
354,JavaScript
354,Python
354,R
354,Rust
354,SQL
354,TypeScript
355,C
355,C#
355,F#
355,R
355,Rust
356,Kotlin
357,Assembly
357,Bash/Shell
357,Java
357,Perl
357,SQL
358,C
358,C++
358,R
358,Rust
358,TypeScript
359,Assembly
359,Bash/Shell
359,C
359,C++
359,Python
359,R
359,Ruby
359,Rust
360,C
360,C#
360,C++
360,HTML/CSS
360,Java
360,JavaScript
360,Kotlin
360,Lua
360,PowerShell
360,TypeScript
361,R
361,Rust
362,Go
362,R
362,Rust
363,C
363,C#
363,PowerShell
364,C
364,C#
364,Go
364,Java
365,C
365,C#
365,Elixir
365,F#
365,PowerShell
366,Go
366,Java
366,Python
366,SQL
367,C
367,Clojure
367,Go
367,Julia
367,Python
367,R
367,Rust
368,Bash/Shell
368,C
368,C#
368,C++
368,Go
368,PowerShell
368,Python
368,R
368,Rust
369,Assembly
369,C
369,C++
369,HTML/CSS
369,Haskell
369,Java
369,JavaScript
369,Lua
369,Python
369,R
369,Rust
369,SQL
369,TypeScript
370,Bash/Shell
370,C
370,HTML/CSS
370,Kotlin
370,Python
370,R
370,Rust
370,SQL
371,R
371,Rust
372,R
372,Rust
373,C
373,C#
373,SQL
373,TypeScript
374,Elixir
374,Go
374,R
374,Rust
376,C
376,C#
376,C++
377,C
377,C++
377,Haskell
377,Python
377,R
377,Rust
377,Swift
378,R
378,Rust
378,SQL
379,R
379,Rust
381,Go
381,Java
382,C
382,HTML/CSS
382,Java
382,JavaScript
382,R
382,Rust
382,SQL
382,TypeScript
383,Assembly
383,Bash/Shell
383,C
383,C++
383,R
383,Rust
383,SQL
384,Go
384,Python
385,Bash/Shell
385,C
385,HTML/CSS
385,Java
385,Kotlin
385,Perl
385,Python
385,SQL
385,TypeScript
386,Elixir
386,Java
386,TypeScript
387,Java
387,JavaScript
387,SQL
388,C
388,HTML/CSS
388,Java
388,JavaScript
388,PHP
388,TypeScript
389,C
389,C#
389,C++
389,Python
390,R
390,Rust
390,TypeScript
391,C
391,C#
391,Elixir
391,F#
391,Go
391,HTML/CSS
391,Java
391,JavaScript
391,SQL
391,Swift
391,TypeScript
392,R
392,Rust
392,TypeScript
393,C
393,C#
393,HTML/CSS
393,Java
393,JavaScript
393,PowerShell
393,SQL
393,TypeScript
394,APL
394,C
394,C++
394,Haskell
394,Perl
394,R
394,Rust
395,Python
395,R
395,Rust
395,TypeScript
396,C
396,HTML/CSS
396,Java
396,JavaScript
396,PowerShell
396,Python
396,SQL
396,TypeScript
397,C
397,C#
397,HTML/CSS
397,Java
397,JavaScript
397,PowerShell
397,SQL
397,TypeScript
398,Assembly
398,C
398,C#
398,C++
399,Bash/Shell
399,C
399,C++
399,Go
399,Groovy
399,Java
399,Kotlin
399,Python
400,Python
400,SQL
401,Bash/Shell
401,C
401,C#
401,Go
401,Java
401,Kotlin
401,PowerShell
401,Python
401,SQL
402,C
402,HTML/CSS
402,Java
402,JavaScript
402,TypeScript
403,C
403,HTML/CSS
403,Java
403,JavaScript
403,R
403,Rust
403,Swift
403,TypeScript
404,C
404,C#
404,C++
404,HTML/CSS
404,Java
404,JavaScript
404,Python
405,Elixir
405,Haskell
406,Kotlin
406,R
406,Rust
407,C
407,C#
407,Java
407,JavaScript
407,PowerShell
407,SQL
408,Lua
408,R
408,Rust
409,Go
409,R
409,Rust
409,Solidity
409,Swift
410,C
410,HTML/CSS
410,R
410,Rust
411,Assembly
411,C
411,Clojure
411,Haskell
411,Python
411,R
411,Rust
411,SQL
412,R
412,Rust
413,Java
413,Python
414,R
414,Rust
415,Dart
415,Go
415,Python
415,R
415,Rust
416,Assembly
416,Bash/Shell
416,C
416,C++
416,Dart
416,Go
416,HTML/CSS
416,Java
416,JavaScript
416,Python
416,R
416,Rust
416,SQL
416,TypeScript
417,C
417,C++
417,Go
418,Elixir
418,R
418,Rust
419,C
419,C#
419,HTML/CSS
419,Java
419,JavaScript
419,TypeScript
420,Haskell
420,LISP
420,R
420,Rust
421,C
421,HTML/CSS
421,Java
421,JavaScript
421,Python
421,R
421,Ruby
421,SQL
422,Bash/Shell
422,Python
422,R
422,Rust
423,R
423,Ruby
423,Swift
424,C
424,C++
424,Python
425,C
425,C#
425,Go
425,Java
425,JavaScript
425,Python
426,Assembly
426,Bash/Shell
426,C
426,Haskell
426,LISP
426,Lua
426,OCaml
426,Python
426,R
426,Rust
426,TypeScript
427,Bash/Shell
427,R
427,Rust
427,SQL
428,Bash/Shell
428,C
428,C++
428,Go
428,HTML/CSS
428,Java
428,JavaScript
428,Python
428,R
428,Ruby
428,SQL
429,C
429,C#
429,F#
429,Haskell
429,Java
429,JavaScript
429,Kotlin
429,PHP
429,R
429,Rust
429,SQL
429,TypeScript
430,Go
431,Kotlin
431,Swift
432,Bash/Shell
432,C
432,HTML/CSS
432,Java
432,JavaScript
432,PowerShell
432,Python
432,SQL
433,C
433,C++
433,Delphi
434,C
434,Groovy
434,HTML/CSS
434,Java
434,Perl
434,SQL
434,VBA
435,Go
435,Java
436,C
436,C#
436,Go
436,HTML/CSS
436,Java
436,JavaScript
436,Python
437,APL
437,C
437,Elixir
437,Erlang
437,F#
437,Haskell
437,OCaml
437,R
437,Rust
438,Java
438,JavaScript
438,R
438,Rust
439,C
439,C#
439,Dart
440,Python
440,SQL
440,Scala
441,Kotlin
441,R
441,Rust
442,C
442,Go
442,HTML/CSS
442,Java
442,JavaScript
442,R
442,Rust
442,SQL
442,TypeScript
443,Bash/Shell
443,C
443,HTML/CSS
443,Java
443,JavaScript
443,Python
443,SQL
444,C
444,Haskell
444,Lua
444,OCaml
444,Python
444,R
444,Rust
444,TypeScript
445,C
445,HTML/CSS
445,Java
445,JavaScript
445,SQL
445,TypeScript
446,Python
446,SQL
446,Scala
447,C
447,HTML/CSS
447,Java
447,JavaScript
447,R
447,Rust
447,TypeScript
448,Bash/Shell
448,C
448,C++
448,Go
448,Python
448,R
448,Rust
448,TypeScript
449,C
449,Python
450,Python
450,R
450,Rust
451,Lua
451,R
451,Rust
453,C
453,C#
453,Delphi
453,HTML/CSS
453,Java
453,JavaScript
454,Go
454,Java
454,JavaScript
454,Python
454,TypeScript
455,Julia
455,R
455,Ruby
455,Rust
456,C
456,C#
456,Elixir
456,F#
456,Haskell
456,R
456,Rust
457,Bash/Shell
457,Go
457,Kotlin
457,Python
457,R
457,Rust
457,TypeScript
458,R
458,Rust
459,Bash/Shell
459,Python
459,R
459,Rust
460,C
460,HTML/CSS
460,Haskell
460,Java
460,JavaScript
460,Kotlin
460,R
460,Rust
460,TypeScript
461,Bash/Shell
461,C
461,HTML/CSS
461,Java
461,JavaScript
461,PowerShell
461,Python
461,R
461,Rust
461,TypeScript
462,Bash/Shell
462,C
462,Go
462,Lua
464,C
464,C#
464,Python
464,SQL
465,F#
465,Haskell
465,R
465,Rust
466,C
466,C++
466,R
466,Rust
466,TypeScript
467,R
467,Rust
468,C
468,C#
468,PowerShell
468,SQL
468,TypeScript
469,C
469,HTML/CSS
469,R
469,Rust
470,Bash/Shell
470,C
470,C#
470,Go
470,Haskell
470,Kotlin
470,PowerShell
470,Python
470,R
470,Rust
470,SQL
472,Elixir
472,F#
472,R
472,Rust
472,Swift
474,Java
474,JavaScript
474,Kotlin
474,TypeScript
475,C
475,C#
475,R
475,Rust
476,C
476,C++
476,Dart
476,Go
476,HTML/CSS
476,Java
476,JavaScript
476,Julia
476,Kotlin
476,Python
476,R
476,Ruby
476,TypeScript
477,C
477,C#
477,R
477,Rust
478,Assembly
478,Bash/Shell
478,C
478,C++
478,MATLAB
479,C
479,C#
479,HTML/CSS
479,Java
479,JavaScript
479,SQL
479,TypeScript
479,VBA
480,Java
480,JavaScript
480,Python
480,R
480,Rust
481,Elixir
481,Go
481,Java
481,JavaScript
481,Kotlin
481,Python
481,R
481,Rust
481,SQL
481,Solidity
481,TypeScript
482,Bash/Shell
482,C
482,C++
482,Lua
482,Python
482,SQL
482,TypeScript
483,Python
483,R
483,Rust
484,Bash/Shell
484,C
484,C#
484,Go
484,Java
484,JavaScript
484,Kotlin
484,SQL
484,TypeScript
485,C
485,C#
486,C
486,Go
486,HTML/CSS
486,Haskell
486,Kotlin
486,LISP
486,R
486,Ruby
486,Rust
486,SQL
486,TypeScript
487,C
487,Clojure
487,Elixir
487,HTML/CSS
487,Haskell
487,Kotlin
487,R
487,Rust
487,SQL
488,Elixir
488,R
488,Rust
489,Bash/Shell
489,Dart
489,Java
489,Kotlin
489,Python
489,R
489,Rust
490,Python
490,R
490,Rust
490,TypeScript
491,PHP
492,Java
492,JavaScript
492,TypeScript
493,C
493,C#
493,F#
493,HTML/CSS
493,Java
493,JavaScript
493,PHP
493,Python
493,SQL
493,TypeScript
494,C
494,C#
494,C++
495,C
495,C#
496,Java
496,JavaScript
496,Kotlin
496,Python
496,TypeScript
497,Go
498,Kotlin
498,Python
498,SQL
500,C
500,C#
500,F#
500,R
500,Rust
500,SQL
500,TypeScript
501,C
501,C++
501,Python
501,R
501,Rust
502,Assembly
502,C
502,C++
502,Haskell
502,R
502,Rust
503,C
503,C#
503,HTML/CSS
503,Java
503,JavaScript
503,Python
503,R
503,SQL
503,TypeScript
504,R
504,Rust
505,Bash/Shell
505,C
505,C#
505,C++
505,HTML/CSS
505,Java
505,JavaScript
505,Julia
505,PowerShell
505,Python
505,R
505,Rust
505,SQL
505,Solidity
506,Assembly
506,C
506,C++
506,Java
506,JavaScript
506,R
506,Rust
506,Swift
506,TypeScript
507,C
507,C#
507,C++
507,Java
507,JavaScript
507,Python
507,R
507,Rust
507,SQL
507,TypeScript
508,C
508,C++
508,Java
508,JavaScript
508,Objective-C
508,PHP
508,SQL
509,C
509,C++
509,R
509,Rust
510,C
510,C#
510,F#
510,R
510,Rust
510,TypeScript
511,Assembly
511,Bash/Shell
511,C
511,C#
511,C++
511,HTML/CSS
511,Java
511,JavaScript
511,R
511,Rust
511,SQL
511,TypeScript
512,C
512,C#
512,Kotlin
512,SQL
512,TypeScript
513,C
513,C++
513,Python
513,R
513,Rust
514,Bash/Shell
514,C
514,C++
514,HTML/CSS
514,Java
514,JavaScript
514,Python
514,TypeScript
515,C
515,HTML/CSS
515,Java
515,JavaScript
515,PHP
515,SQL
518,R
518,Rust
519,Java
519,JavaScript
519,PHP
519,SQL
519,TypeScript
520,Python
520,R
520,Rust
521,R
521,Rust
522,Go
522,Java
522,Kotlin
522,SQL
522,Scala
522,TypeScript
523,C
523,HTML/CSS
523,Java
523,JavaScript
523,R
523,Rust
523,TypeScript
524,R
524,Rust
525,Java
526,C
526,HTML/CSS
526,Java
526,JavaScript
526,TypeScript
527,Java
527,Python
527,R
527,Rust
528,Go
528,Python
528,R
528,Rust
528,Scala
529,R
529,Rust
529,SQL
529,TypeScript
530,Delphi
530,SQL
531,Bash/Shell
531,C
531,C#
531,HTML/CSS
531,PowerShell
531,TypeScript
532,C
532,C#
532,TypeScript
533,Assembly
533,Bash/Shell
533,C
533,C++
533,Julia
533,OCaml
533,Python
533,R
533,Rust
534,C
534,C++
534,Python
534,R
534,Rust
535,C
535,C#
535,C++
535,Clojure
535,Go
535,R
535,Rust
536,Elixir
536,Erlang
536,Go
536,Java
536,Python
536,R
536,Ruby
536,Rust
537,Assembly
537,C
537,C++
537,Haskell
537,Kotlin
537,OCaml
537,R
537,Rust
537,Scala
537,Swift
537,TypeScript
538,Bash/Shell
538,C
538,C#
538,F#
538,HTML/CSS
538,Java
538,JavaScript
538,SQL
538,TypeScript
539,APL
539,Bash/Shell
539,C
539,Clojure
539,Haskell
539,R
539,Rust
540,Bash/Shell
540,R
540,Rust
540,SQL
541,Bash/Shell
541,C
541,HTML/CSS
541,Java
541,JavaScript
541,Kotlin
541,R
541,Rust
541,SQL
541,Swift
541,TypeScript
543,Bash/Shell
543,C
543,C++
543,Go
543,Java
543,SQL
544,C
544,C#
544,C++
545,C
545,C++
545,R
545,Rust
546,Elixir
546,Erlang
546,Java
546,Python
546,R
546,Rust
546,Scala
546,TypeScript
547,C
547,C++
547,R
547,Rust
548,Bash/Shell
548,C
548,HTML/CSS
548,Lua
548,R
548,Rust
548,SQL
549,C
549,C#
549,SQL
550,Python
551,C
551,HTML/CSS
551,Java
551,JavaScript
551,LISP
551,R
551,Rust
551,TypeScript
552,Java
552,JavaScript
552,Python
552,SQL
552,TypeScript
553,C
553,C#
553,Python
553,R
553,Rust
554,Go
554,Java
554,JavaScript
554,TypeScript
555,Julia
555,LISP
555,Perl
555,R
555,Rust
555,TypeScript
556,TypeScript
557,C
557,HTML/CSS
557,Java
557,JavaScript
557,PHP
557,Perl
557,SQL
558,C
558,C#
558,F#
558,R
558,Rust
559,Bash/Shell
559,C
559,HTML/CSS
559,Java
559,JavaScript
559,Python
559,SQL
559,TypeScript
561,C
561,C++
562,C
562,C#
562,Dart
562,HTML/CSS
562,Java
562,JavaScript
563,C
563,Go
563,HTML/CSS
563,Java
563,JavaScript
563,Kotlin
563,R
563,Rust
563,TypeScript
564,C
564,C++
564,Java
564,JavaScript
564,Python
565,Bash/Shell
565,C
565,C#
565,HTML/CSS
565,Java
565,JavaScript
565,R
565,Ruby
565,SQL
565,TypeScript
565,VBA
566,Assembly
566,Bash/Shell
566,C
566,C++
566,HTML/CSS
566,R
566,Rust
566,TypeScript
567,Assembly
567,C
567,C++
567,Go
567,R
567,Rust
568,Assembly
568,C
568,C#
568,Lua
568,PowerShell
568,R
568,Rust
568,TypeScript
569,Bash/Shell
569,C
569,Java
570,C
570,C++
570,Go
570,Python
571,Assembly
571,C
571,C++
571,Dart
571,Fortran
571,Go
571,Julia
571,LISP
571,Python
571,R
571,Ruby
571,Rust
572,C
572,Java
572,JavaScript
572,R
572,Rust
573,Java
573,JavaScript
573,Python
573,R
573,Rust
574,Bash/Shell
574,C
574,HTML/CSS
574,Java
574,JavaScript
574,R
574,Rust
574,TypeScript
576,C
576,C#
576,C++
576,HTML/CSS
576,Java
576,JavaScript
576,R
576,Rust
576,TypeScript
577,R
577,Rust
578,C
578,Kotlin
578,R
578,Rust
579,R
579,Rust
580,Bash/Shell
580,C
580,C#
580,Java
580,JavaScript
580,PowerShell
580,Python
580,SQL
581,Assembly
581,Bash/Shell
581,C
581,Go
581,Python
581,R
581,Rust
582,R
582,Rust
583,R
583,Rust
584,C
584,C#
584,Elixir
584,HTML/CSS
584,Java
584,JavaScript
584,Python
584,SQL
584,TypeScript
585,Python
585,R
585,Rust
586,Bash/Shell
586,C
586,HTML/CSS
586,Java
586,JavaScript
586,PHP
586,SAS
586,SQL
587,C
587,Clojure
587,R
587,Rust
589,F#
590,C
590,HTML/CSS
590,Java
590,JavaScript
590,Python
590,R
590,Rust
590,TypeScript
591,R
591,Rust
592,R
592,Rust
593,C
593,C#
593,HTML/CSS
593,Java
593,JavaScript
593,Kotlin
593,PowerShell
593,Python
593,TypeScript
594,C
594,C#
594,F#
594,PowerShell
594,R
594,Rust
595,C
595,Groovy
595,HTML/CSS
595,Java
595,JavaScript
595,Lua
595,PowerShell
595,Python
595,SQL
597,C
597,HTML/CSS
597,TypeScript
598,C
598,HTML/CSS
598,Java
598,JavaScript
598,TypeScript
599,C
599,Dart
599,HTML/CSS
599,Java
599,JavaScript
599,PHP
599,Python
599,SQL
599,Swift
600,C
600,HTML/CSS
600,Java
600,JavaScript
600,Kotlin
600,Python
600,TypeScript
601,Bash/Shell
601,C
601,HTML/CSS
601,Haskell
601,LISP
601,OCaml
601,R
601,Rust
601,SQL
601,TypeScript
602,Bash/Shell
602,C
602,C++
602,Elixir
602,Erlang
602,HTML/CSS
602,PHP
602,Python
602,R
602,Rust
602,SQL
603,Bash/Shell
603,C
603,Go
603,Haskell
603,Julia
603,Python
603,R
603,Ruby
603,Rust
604,Python
604,SQL
605,C
605,Dart
605,HTML/CSS
605,Java
605,JavaScript
605,R
605,Rust
605,TypeScript
606,C
606,Clojure
607,R
607,Rust
607,TypeScript
608,Groovy
608,Java
608,JavaScript
608,R
608,Rust
608,Scala
609,C
609,C++
609,Python
610,Kotlin
610,R
610,Rust
611,C
611,C++
611,Clojure
611,Go
611,Java
612,R
612,Rust
613,Java
613,Python
613,R
613,Rust
613,SQL
613,TypeScript
614,Bash/Shell
614,Haskell
614,Perl
614,Python
614,R
614,Rust
615,C
615,Clojure
615,HTML/CSS
616,Go
616,Java
616,R
616,Rust
617,C
617,C#
617,Dart
617,F#
617,Groovy
617,Haskell
617,Kotlin
617,LISP
617,R
617,Rust
617,SQL
617,TypeScript
618,C
618,C#
618,HTML/CSS
618,Java
618,JavaScript
618,PowerShell
618,TypeScript
619,C
619,Clojure
620,Bash/Shell
620,C
620,Clojure
620,Java
620,LISP
620,Python
620,R
621,C
621,C#
621,SQL
621,TypeScript
622,Java
622,JavaScript
622,TypeScript
623,C
623,C#
623,C++
623,Go
623,Java
623,JavaScript
623,R
623,Rust
623,SQL
623,TypeScript
624,Elixir
624,R
624,Rust
624,TypeScript
625,Bash/Shell
625,C
625,HTML/CSS
625,PHP
625,SQL
625,TypeScript
626,C
626,HTML/CSS
626,Java
626,JavaScript
626,Python
626,R
626,Rust
626,TypeScript
627,C
627,Clojure
628,C
628,Clojure
628,HTML/CSS
628,SQL
629,R
629,Rust
630,C
630,Go
630,HTML/CSS
630,Python
630,SQL
631,C
631,C++
631,SQL
632,Go
632,R
632,Rust
633,C
633,Clojure
634,C
634,C#
634,HTML/CSS
634,Java
634,JavaScript
634,PowerShell
634,SQL
635,C
635,HTML/CSS
635,Java
635,JavaScript
635,Python
635,R
635,Rust
635,SQL
635,Solidity
636,C
636,Go
636,HTML/CSS
636,Java
636,JavaScript
636,Kotlin
636,Python
636,R
636,Rust
636,TypeScript
637,C
637,C#
637,Clojure
637,F#
637,Haskell
638,C
638,C#
638,Python
638,R
638,Rust
639,Assembly
639,C
639,C#
639,C++
639,Go
639,Java
639,Python
639,R
639,Rust
640,C
640,HTML/CSS
640,R
640,Rust
640,TypeScript
641,Elixir
641,Erlang
642,Bash/Shell
642,Python
642,R
642,Rust
642,Scala
644,C
644,HTML/CSS
644,R
644,Rust
644,TypeScript
645,Bash/Shell
645,C
645,HTML/CSS
645,Java
645,JavaScript
645,PHP
646,C
646,C++
646,R
646,Rust
647,Kotlin
647,SQL
648,R
648,Rust
649,APL
649,Assembly
649,Bash/Shell
649,C
649,C++
649,COBOL
649,Dart
649,Fortran
649,Julia
649,OCaml
649,R
649,Rust
649,TypeScript
650,Go
650,Python
650,R
650,Rust
650,TypeScript
651,Bash/Shell
651,C
651,C++
651,HTML/CSS
651,Java
651,JavaScript
651,Python
652,Assembly
652,Bash/Shell
652,C
652,HTML/CSS
652,Haskell
652,Java
652,JavaScript
652,PHP
652,PowerShell
652,SQL
652,TypeScript
653,C
653,C++
653,COBOL
653,Go
653,R
653,Rust
654,Go
654,Python
654,R
654,Rust
655,Bash/Shell
655,C
655,Clojure
655,SQL
657,Julia
657,Kotlin
657,R
657,Rust
657,TypeScript
658,Haskell
658,Kotlin
658,Python
658,R
658,Rust
659,Java
659,Python
659,R
659,Rust
659,Swift
660,Bash/Shell
660,Go
660,Java
660,JavaScript
660,Python
660,R
660,Ruby
660,SQL
660,TypeScript
661,C
661,C++
661,Go
661,Python
662,R
662,Rust
663,C
663,C#
663,HTML/CSS
663,Java
663,JavaScript
663,PowerShell
663,SQL
664,Bash/Shell
664,Go
664,Haskell
664,Python
664,R
664,Rust
665,C
665,C#
665,Elixir
665,HTML/CSS
665,Java
665,JavaScript
665,Kotlin
665,SQL
665,TypeScript
666,Assembly
666,C
666,C#
666,Crystal
666,Elixir
666,Go
666,HTML/CSS
666,Java
666,JavaScript
666,Julia
666,Kotlin
666,Lua
666,PowerShell
666,Python
666,R
666,Ruby
666,Rust
666,SQL
666,TypeScript
667,C
667,C#
667,F#
667,PowerShell
669,Perl
669,Python
669,R
671,C
671,C#
671,R
671,Rust
672,Java
672,JavaScript
672,R
672,Ruby
672,Rust
673,C
673,C++
673,Clojure
673,Python
673,R
673,Rust
673,SQL
674,Elixir
674,Python
674,TypeScript
675,C
675,Clojure
675,Elixir
675,R
675,Ruby
676,C
676,F#
676,Haskell
676,OCaml
676,R
676,Rust
677,Bash/Shell
677,C
677,HTML/CSS
677,Python
677,R
677,Rust
678,C
678,C#
678,Python
678,SQL
679,Erlang
679,Go
679,Python
680,Assembly
680,C
680,C++
680,HTML/CSS
680,Java
680,JavaScript
680,R
680,Rust
680,Scala
680,TypeScript
681,C
681,Dart
681,Go
681,Haskell
681,Python
681,R
681,Rust
682,C
682,HTML/CSS
682,Java
682,JavaScript
682,PHP
682,TypeScript
683,Java
683,JavaScript
683,Python
684,Assembly
684,C
684,C++
684,OCaml
684,Python
684,R
684,Rust
684,TypeScript
685,C
685,C#
685,Elixir
685,Erlang
685,F#
685,Haskell
685,LISP
685,R
685,Rust
686,C
686,C#
686,Kotlin
686,R
686,Rust
687,R
687,Rust
688,C
688,HTML/CSS
688,Java
688,JavaScript
688,PHP
688,Python
688,SQL
689,C
689,HTML/CSS
689,Java
689,JavaScript
689,Python
689,SQL
690,R
690,Rust
691,C
691,C++
691,Java
691,JavaScript
691,R
691,Rust
691,SQL
692,Python
692,R
692,Rust
693,Bash/Shell
693,Elixir
693,Go
693,Python
693,R
693,Rust
693,Swift
693,TypeScript
694,Python
694,R
694,Rust
694,TypeScript
695,Go
695,R
695,Rust
696,C
696,Clojure
696,R
696,Rust
696,SQL
697,C
697,C#
697,Java
697,JavaScript
697,Python
697,SQL
698,Bash/Shell
698,C
698,HTML/CSS
698,Java
698,JavaScript
698,PHP
698,PowerShell
698,SQL
698,TypeScript
699,Bash/Shell
699,C
699,Go
699,HTML/CSS
699,Java
699,JavaScript
699,R
699,Rust
699,SQL
699,TypeScript
700,C
700,Elixir
700,Go
700,HTML/CSS
700,Haskell
700,Julia
700,LISP
700,Lua
700,Python
700,R
700,Rust
701,Kotlin
701,R
701,Rust
702,Bash/Shell
702,C
702,HTML/CSS
702,Java
702,JavaScript
702,Kotlin
702,TypeScript
703,Java
703,JavaScript
703,MATLAB
703,R
703,Rust
704,Bash/Shell
704,Kotlin
704,Python
704,SQL
704,Swift
706,C
706,HTML/CSS
706,Java
706,JavaScript
706,Python
706,SQL
706,Swift
706,TypeScript
707,C
707,Clojure
707,Go
707,Haskell
707,Java
707,JavaScript
707,LISP
707,Python
707,R
707,Rust
707,TypeScript
708,C
708,C++
708,Python
708,SQL
709,C
709,HTML/CSS
709,Java
709,Python
709,SQL
709,TypeScript
710,Bash/Shell
710,C
710,C++
710,Haskell
710,LISP
710,R
710,Rust
711,C
711,Clojure
711,Dart
711,Groovy
711,HTML/CSS
711,Java
711,SQL
712,C
712,HTML/CSS
712,Java
712,JavaScript
712,R
712,Rust
712,TypeScript
713,C
713,C#
713,Kotlin
713,Python
713,R
713,Rust
714,C
714,C#
714,Crystal
714,Python
714,TypeScript
715,R
715,Rust
716,C
716,HTML/CSS
716,Java
716,JavaScript
716,Python
716,R
716,Rust
716,TypeScript
719,C
719,C#
719,C++
719,HTML/CSS
719,Python
719,SQL
719,TypeScript
720,C
720,C#
720,SQL
720,TypeScript
721,C
721,C++
721,Go
721,Java
721,JavaScript
721,Perl
721,R
721,Rust
721,Swift
721,TypeScript
722,C
722,Clojure
723,Bash/Shell
723,Java
723,JavaScript
723,Kotlin
723,TypeScript
724,C
724,Clojure
724,R
724,Rust
724,SQL
725,Julia
725,Python
725,R
725,Rust
726,Elixir
726,Erlang
726,F#
726,Go
726,LISP
726,R
726,Rust
727,Java
727,Python
727,R
727,Rust
728,C
728,C#
729,Bash/Shell
729,PHP
729,Python
730,Python
730,R
730,Rust
730,SQL
730,TypeScript
731,C
731,C++
731,HTML/CSS
731,Java
731,JavaScript
731,Lua
731,PowerShell
731,R
731,Rust
731,TypeScript
732,C
732,C#
732,Java
732,JavaScript
732,TypeScript
733,Assembly
733,Bash/Shell
733,C
733,C++
733,HTML/CSS
733,Java
733,JavaScript
733,Kotlin
733,Python
733,R
733,Rust
733,SQL
733,TypeScript
734,C
734,HTML/CSS
734,Java
734,Kotlin
734,Python
734,R
734,Rust
734,SQL
734,TypeScript
736,C
736,Go
736,HTML/CSS
736,Java
736,JavaScript
736,R
736,Rust
736,TypeScript
737,Assembly
737,C
737,C#
737,C++
737,Elixir
737,Haskell
737,Lua
737,R
737,Rust
738,Java
738,JavaScript
738,Kotlin
738,Swift
738,TypeScript
739,C
739,C#
739,C++
740,C
740,C#
740,Dart
740,Python
740,R
740,Rust
741,C
741,C#
741,Haskell
741,Kotlin
741,R
741,Rust
741,SQL
741,TypeScript
743,Assembly
743,C
743,Go
743,Lua
743,R
743,Ruby
743,Rust
743,Solidity
744,C
744,C++
744,Haskell
744,Python
744,R
744,Rust
745,Haskell
745,Lua
745,R
745,Rust
746,R
746,Rust
747,C
747,F#
747,Go
747,HTML/CSS
747,Java
747,JavaScript
747,Kotlin
747,SQL
747,TypeScript
748,C
748,Elixir
748,Lua
748,R
748,Rust
749,C
749,C#
749,Java
749,JavaScript
749,PowerShell
749,SQL
750,R
750,Rust
751,Haskell
751,R
751,Rust
751,Scala
752,Bash/Shell
752,C
752,C#
752,Go
752,PowerShell
752,Python
752,R
752,Rust
753,Python
753,R
753,Rust
754,C
754,F#
754,OCaml
754,R
754,Rust
755,C
755,HTML/CSS
755,Haskell
755,Kotlin
755,Lua
755,Python
755,R
755,Rust
755,Scala
755,TypeScript
756,C
756,C#
756,C++
756,Crystal
756,Go
756,LISP
756,Perl
756,R
756,Ruby
756,SQL
758,C
758,C++
758,F#
758,OCaml
758,Python
758,R
758,Rust
758,Swift
758,TypeScript
759,Bash/Shell
759,Go
759,R
759,Rust
760,C
760,C#
760,HTML/CSS
760,SQL
760,TypeScript
761,R
761,Rust
762,Bash/Shell
762,Elixir
762,LISP
762,R
762,Rust
762,SQL
763,C
763,HTML/CSS
763,Java
763,JavaScript
763,Lua
763,PHP
763,Python
763,R
763,Rust
763,SQL
764,Bash/Shell
764,Java
764,Python
764,R
764,Rust
764,SQL
765,C
765,Clojure
766,Bash/Shell
766,Lua
766,Python
766,SQL
767,R
767,Rust
767,TypeScript
768,R
768,Rust
768,TypeScript
769,C
769,C#
769,HTML/CSS
769,R
769,Rust
770,Elixir
770,Kotlin
770,Python
770,R
770,Rust
771,Python
771,TypeScript
772,C
772,Go
772,HTML/CSS
772,Java
772,JavaScript
773,Elixir
773,Java
773,JavaScript
773,R
773,Rust
773,TypeScript
774,R
774,Rust
775,R
775,Rust
775,TypeScript
776,Bash/Shell
776,C
776,HTML/CSS
776,Java
776,JavaScript
776,R
776,Rust
776,TypeScript
777,C
777,Clojure
777,HTML/CSS
777,Python
777,R
777,Rust
778,C
778,C++
778,Lua
778,Python
778,R
778,Rust
779,R
779,Rust
779,SQL
779,TypeScript
780,Python
780,R
780,Rust
780,SQL
781,Python
781,R
781,Rust
782,Kotlin
783,Bash/Shell
783,Haskell
783,Python
783,R
783,Rust
783,SQL
784,Go
784,R
784,Rust
785,C
785,C#
785,Java
785,JavaScript
785,TypeScript
786,Assembly
786,Bash/Shell
786,C
786,HTML/CSS
786,Python
786,SQL
787,Python
787,R
787,Rust
788,Bash/Shell
788,Java
788,JavaScript
788,PHP
788,SQL
789,C
789,Lua
789,Python
789,R
789,Rust
790,Bash/Shell
790,C
790,C#
790,C++
790,Go
790,HTML/CSS
790,Java
790,JavaScript
790,Kotlin
790,TypeScript
791,Java
791,JavaScript
791,Julia
791,Lua
791,SQL
791,Swift
791,TypeScript
792,Java
792,SQL
793,R
793,Rust
793,TypeScript
794,Java
794,JavaScript
795,C
795,COBOL
795,HTML/CSS
795,Java
795,Perl
795,SQL
796,R
796,Rust
797,Bash/Shell
797,Java
797,Python
797,R
797,Rust
798,C
798,C#
798,Python
798,R
798,Rust
798,SQL
799,C
799,C++
799,Go
799,HTML/CSS
799,Lua
799,Python
799,R
799,Rust
799,SQL
799,TypeScript
800,C
800,C++
800,R
800,Rust
801,R
801,Rust
802,Go
802,R
802,Rust
802,SQL
803,Kotlin
803,Python
803,R
803,Rust
803,TypeScript
804,R
804,Rust
806,C
806,C++
806,PowerShell
806,Python
806,R
806,Rust
806,SQL
807,R
807,Rust
808,Go
808,R
808,Rust
808,TypeScript
809,Bash/Shell
809,Go
809,PHP
809,Python
809,SQL
809,Swift
810,Bash/Shell
810,C
810,Kotlin
810,Python
811,Bash/Shell
811,C
811,C#
811,Go
811,Julia
811,PowerShell
811,Python
811,R
811,Rust
811,SQL
811,TypeScript
812,C
812,C#
812,C++
812,Java
812,JavaScript
812,Kotlin
812,Lua
812,Python
812,R
812,Rust
812,Scala
813,C
813,C++
813,R
813,Rust
814,APL
814,C
814,C++
814,HTML/CSS
814,Java
814,JavaScript
814,LISP
814,Lua
814,Python
814,R
814,Ruby
814,SQL
814,TypeScript
815,Kotlin
816,C
816,HTML/CSS
816,Java
816,JavaScript
816,PHP
816,Python
816,R
816,Rust
816,TypeScript
817,Python
817,R
817,Rust
818,Bash/Shell
818,C
818,Clojure
818,HTML/CSS
818,Java
818,JavaScript
818,OCaml
819,Assembly
819,C
819,C++
819,Dart
819,HTML/CSS
819,Java
819,JavaScript
819,Python
819,R
819,Rust
819,SQL
820,C
820,Clojure
820,SQL
821,APL
822,Python
822,R
822,Rust
823,C
823,HTML/CSS
823,Java
823,R
823,Rust
823,SQL
823,TypeScript
824,C
824,C#
824,Dart
824,Elixir
824,Go
824,TypeScript
825,C
825,C#
825,F#
825,Go
826,Bash/Shell
826,Python
826,R
826,Rust
826,SQL
826,TypeScript
827,R
827,Rust
828,Bash/Shell
828,C
828,HTML/CSS
828,Java
828,JavaScript
828,PHP
828,R
828,Rust
828,SQL
828,TypeScript
829,Java
829,PHP
829,R
829,Rust
829,SQL
829,TypeScript
830,Bash/Shell
830,C
830,Crystal
830,Go
830,HTML/CSS
830,Java
830,PHP
830,Python
830,R
830,Ruby
830,SQL
831,C
831,Elixir
831,HTML/CSS
831,Java
831,JavaScript
831,Python
831,R
831,Rust
831,Swift
831,TypeScript
832,R
832,Rust
833,R
833,Rust
834,Java
834,Python
834,R
834,Rust
835,Assembly
835,Bash/Shell
835,Haskell
835,Julia
835,LISP
835,R
835,Rust
835,TypeScript
836,F#
836,Haskell
836,R
836,Rust
836,TypeScript
837,C
837,C#
837,C++
837,HTML/CSS
837,Java
837,JavaScript
837,Kotlin
837,Python
837,R
837,SQL
837,TypeScript
838,C
838,Clojure
838,Elixir
838,R
838,Ruby
838,SQL
839,Bash/Shell
839,Java
839,Kotlin
839,Python
839,SQL
840,APL
840,Assembly
840,R
840,Rust
841,Bash/Shell
841,C
841,HTML/CSS
841,R
841,Rust
841,SQL
841,TypeScript
842,C
842,Elixir
842,HTML/CSS
842,Java
842,JavaScript
842,Python
842,R
842,Rust
843,C
843,C#
843,F#
843,R
843,Rust
844,Dart
844,R
844,Rust
844,TypeScript
845,C
845,C#
845,Go
845,Python
845,R
845,Rust
846,C
846,C#
846,HTML/CSS
846,Java
846,JavaScript
846,SQL
847,C
847,Elixir
847,HTML/CSS
847,Java
847,JavaScript
847,Python
847,R
847,Rust
848,Java
848,JavaScript
848,TypeScript
849,Bash/Shell
849,Python
849,R
849,Rust
849,SQL
850,Bash/Shell
850,C
850,C++
850,Go
850,Lua
850,R
850,Rust
850,TypeScript
851,Assembly
851,C
851,C#
851,C++
851,SQL
852,Go
852,Python
852,R
852,Rust
852,Scala
853,Python
853,R
853,Rust
854,C
854,C#
855,C
855,C#
855,SQL
855,TypeScript
856,Delphi
856,SQL
857,Bash/Shell
857,Python
857,R
857,Rust
857,SQL
857,TypeScript
858,Bash/Shell
858,Go
858,Lua
859,R
859,Rust
859,SQL
859,TypeScript
860,Go
860,Java
860,JavaScript
860,Python
860,SQL
860,TypeScript
861,Python
861,R
861,Rust
862,Assembly
862,C
862,HTML/CSS
862,Haskell
862,Java
862,JavaScript
862,R
862,Rust
862,Solidity
862,Swift
862,TypeScript
863,C
863,R
863,Rust
864,R
864,Rust
865,Java
865,JavaScript
866,Assembly
866,Elixir
866,Python
866,R
866,Rust
867,Bash/Shell
867,Java
867,JavaScript
867,R
867,Rust
867,TypeScript
868,Python
868,SQL
869,Assembly
869,C
869,C#
869,C++
869,R
869,Rust
869,TypeScript
870,C
870,C#
870,Go
870,HTML/CSS
870,Java
870,JavaScript
870,Kotlin
870,R
870,Rust
870,SQL
870,TypeScript
871,Bash/Shell
871,Java
871,JavaScript
871,Kotlin
871,SQL
871,TypeScript
872,Assembly
872,Perl
872,Python
872,R
872,Rust
873,Go
873,Python
874,C
874,Clojure
874,Dart
874,LISP
874,PHP
874,R
874,Rust
874,SQL
875,C
875,C#
875,Elixir
875,Erlang
875,Haskell
875,Java
875,JavaScript
875,Python
875,Scala
875,TypeScript
876,C
876,Elixir
876,HTML/CSS
876,Haskell
876,OCaml
876,Python
876,R
876,Rust
876,TypeScript
877,Bash/Shell
877,C
877,C++
877,Python
877,R
877,Rust
877,SQL
878,C
878,Clojure
879,Bash/Shell
879,C
879,Elixir
879,Erlang
879,HTML/CSS
879,Haskell
879,Java
879,JavaScript
879,R
879,Rust
879,SQL
879,TypeScript
880,R
880,Rust
881,R
881,Rust
882,Go
882,R
882,Rust
883,C
883,HTML/CSS
883,Java
883,JavaScript
883,PHP
883,SQL
884,C
884,Elixir
884,Python
884,R
884,Rust
884,Scala
884,TypeScript
885,Assembly
885,Bash/Shell
885,C
885,C#
885,C++
885,Go
885,Python
885,R
885,Rust
886,C
886,C#
886,C++
886,F#
886,Go
886,Haskell
886,PowerShell
886,Python
886,R
886,Rust
887,R
887,Rust
887,SQL
887,TypeScript
888,Assembly
888,C
888,HTML/CSS
888,R
888,Rust
889,C
889,C#
889,HTML/CSS
889,Java
889,JavaScript
889,PHP
889,SQL
889,TypeScript
890,Python
890,R
890,Rust
891,Haskell
891,Java
891,R
891,Rust
891,SQL
892,C
892,C#
892,C++
892,Java
892,JavaScript
892,Python
894,C
894,C++
894,HTML/CSS
894,Java
894,JavaScript
894,Python
894,SQL
894,TypeScript
895,R
895,Rust
895,TypeScript
896,C
896,Clojure
897,Java
897,Scala
898,Haskell
898,Java
898,R
898,Rust
899,C
899,C#
899,HTML/CSS
899,Java
899,JavaScript
899,PowerShell
899,SQL
900,C
900,C++
900,Haskell
900,Julia
900,LISP
900,Lua
900,Python
900,R
900,Rust
901,TypeScript
902,Go
902,R
902,Rust
902,Swift
902,TypeScript
903,C
903,C++
903,Java
903,Lua
903,Python
903,R
903,Rust
904,Bash/Shell
904,C
904,HTML/CSS
904,Java
904,JavaScript
904,MATLAB
904,Python
905,PHP
905,R
905,Rust
906,R
906,Rust
907,C
907,C#
907,Dart
907,HTML/CSS
908,C
908,C#
908,Clojure
908,SQL
909,C
909,C#
909,Crystal
909,Julia
909,R
909,Rust
910,C
910,HTML/CSS
910,Java
910,JavaScript
910,Python
910,R
910,Rust
910,TypeScript
912,Python
912,R
912,Rust
913,C
913,HTML/CSS
913,Java
913,JavaScript
913,TypeScript
914,C
914,C++
914,Python
914,R
914,Rust
914,SQL
915,Bash/Shell
915,Python
916,R
916,Rust
916,SQL
916,TypeScript
917,Scala
918,C
918,HTML/CSS
918,R
918,Rust
919,R
919,Rust
920,Python
921,LISP
921,R
921,Rust
921,SQL
922,C
922,C#
922,Python
922,R
922,Rust
923,Python
923,R
923,Rust
924,C
924,Kotlin
924,R
924,Rust
926,R
926,Rust
927,Kotlin
927,R
927,Rust
927,TypeScript
928,Go
928,Kotlin
928,R
928,Rust
929,Bash/Shell
929,C
929,Go
929,Java
929,JavaScript
929,Python
929,R
929,Rust
930,C
930,C#
930,Python
930,R
930,Rust
930,TypeScript
931,Bash/Shell
931,C
931,Kotlin
931,PowerShell
931,Python
932,Bash/Shell
932,C
932,Go
932,HTML/CSS
932,Java
932,JavaScript
932,Python
932,R
932,Rust
932,SQL
932,TypeScript
933,C
933,C++
933,Haskell
933,Julia
933,Python
933,R
933,Rust
933,SQL
935,C
935,C#
935,Java
935,JavaScript
935,Python
935,SQL
935,TypeScript
936,C
936,C#
936,HTML/CSS
936,Java
936,JavaScript
936,SQL
937,C
937,C++
937,HTML/CSS
937,Java
937,JavaScript
937,Python
937,TypeScript
938,Bash/Shell
938,C
938,Clojure
938,Java
938,Kotlin
938,Scala
938,TypeScript
939,C
939,Clojure
940,Bash/Shell
940,C
940,Clojure
940,HTML/CSS
940,TypeScript
941,Lua
941,R
941,Rust
941,Solidity
942,Elixir
942,Java
942,JavaScript
942,R
942,Rust
942,SQL
943,Go
943,R
943,Rust
943,SQL
944,Go
945,Bash/Shell
945,C
945,C#
945,Java
945,JavaScript
945,PHP
945,PowerShell
945,Python
945,SQL
945,TypeScript
946,C
946,C#
946,C++
946,Go
946,R
946,Rust
947,C
947,C#
947,Java
947,Kotlin
948,C
948,C#
948,Go
948,HTML/CSS
948,Java
948,JavaScript
948,Python
948,SQL
948,Swift
948,TypeScript
949,Bash/Shell
949,Go
949,Java
949,JavaScript
949,Kotlin
949,SQL
949,TypeScript
950,Bash/Shell
950,C
950,Dart
950,Elixir
950,Erlang
950,Go
950,HTML/CSS
950,Java
950,JavaScript
950,OCaml
950,Python
950,R
950,Ruby
950,Rust
950,SQL
950,Scala
950,Solidity
950,Swift
950,TypeScript
951,R
951,Rust
951,SQL
952,C
952,C#
952,HTML/CSS
952,Haskell
952,Java
952,JavaScript
952,Python
952,R
952,Rust
952,TypeScript
953,C
953,C#
954,F#
954,Haskell
956,C
956,Crystal
956,Go
956,HTML/CSS
956,Java
956,JavaScript
956,R
956,Ruby
957,APL
957,R
957,Rust
959,C
959,C++
961,Python
961,R
961,Rust
961,Scala
962,R
962,Rust
962,Swift
963,R
963,Rust
963,SQL
963,Scala
964,Assembly
964,C
964,C#
964,C++
964,Dart
964,Java
964,R
964,Rust
965,C
965,C#
965,R
965,Rust
965,SQL
965,TypeScript
966,C
966,C#
966,C++
966,Java
966,Objective-C
966,PowerShell
966,Python
966,TypeScript
967,Elixir
967,Erlang
967,Julia
967,R
967,Rust
967,TypeScript
968,C
968,HTML/CSS
968,R
968,Rust
968,SQL
969,Elixir
969,Erlang
970,C
970,C#
971,Assembly
971,Bash/Shell
971,C
971,C++
971,Haskell
971,LISP
971,OCaml
971,Python
971,R
971,Rust
971,Solidity
972,Java
972,JavaScript
972,Perl
972,Python
973,R
973,Rust
974,C
974,C#
974,Java
974,JavaScript
974,Python
975,Java
975,JavaScript
975,Python
975,SQL
975,TypeScript
976,Java
976,Kotlin
977,Bash/Shell
977,C
977,HTML/CSS
977,Java
977,JavaScript
977,Python
977,TypeScript
978,C
978,C#
978,R
978,Rust
979,Java
979,Python
979,TypeScript
980,Bash/Shell
980,C
980,C#
980,Go
980,HTML/CSS
980,Python
980,R
980,Rust
980,Solidity
980,TypeScript
981,Bash/Shell
981,C
981,C++
981,HTML/CSS
981,Java
981,JavaScript
981,PHP
981,Python
982,Assembly
982,Bash/Shell
982,C
982,C++
982,PowerShell
982,Python
982,R
982,Rust
982,Swift
983,C
983,C#
983,Java
983,JavaScript
983,Python
983,SQL
984,C
984,C#
984,Clojure
984,F#
984,HTML/CSS
984,Haskell
984,TypeScript
985,C
985,Clojure
985,Elixir
985,F#
985,Haskell
985,OCaml
985,R
985,Rust
985,Scala
986,C
986,C++
986,Haskell
986,Java
987,Java
987,JavaScript
987,TypeScript
988,Bash/Shell
988,Python
988,R
988,Rust
988,SQL
989,Python
989,R
989,Rust
990,C
990,C#
990,TypeScript
991,C
991,Clojure
992,Bash/Shell
992,C
992,Go
992,HTML/CSS
992,Java
992,JavaScript
992,Python
992,R
992,Rust
992,SQL
993,C
993,HTML/CSS
993,Java
993,JavaScript
994,Bash/Shell
994,C
994,Dart
994,HTML/CSS
994,Python
994,R
994,Rust
994,SQL
994,TypeScript
995,C
995,C#
995,SQL
995,TypeScript
996,Bash/Shell
996,C
996,Clojure
996,Elixir
996,Haskell
996,Java
996,JavaScript
996,R
996,Rust
996,SQL
996,TypeScript
997,Go
997,Java
997,JavaScript
997,PowerShell
997,Python
997,SQL
997,TypeScript
999,Python
999,R
999,Rust
1000,C
1000,C#
1000,C++
1000,PowerShell
1000,R
1000,Rust
1000,TypeScript
1001,APL
1001,Assembly
1001,C
1001,C#
1001,Haskell
1001,R
1001,Rust
1002,Bash/Shell
1002,C
1002,C++
1002,Delphi
1002,HTML/CSS
1002,Java
1002,JavaScript
1002,PHP
1002,SQL
1002,TypeScript
1003,Java
1003,Python
1003,R
1003,Rust
1003,TypeScript
1004,Haskell
1005,Bash/Shell
1005,C
1005,C#
1005,Go
1005,Kotlin
1005,Python
1005,R
1005,Rust
1005,TypeScript
1006,Python
1006,R
1006,Rust
1007,C
1007,C#
1007,C++
1007,Dart
1007,Elixir
1007,Java
1007,Kotlin
1007,Objective-C
1007,R
1007,Ruby
1007,Rust
1007,Swift
1007,TypeScript
1008,Bash/Shell
1008,C
1008,Clojure
1008,F#
1008,Python
1008,R
1008,Rust
1008,TypeScript
1009,Bash/Shell
1010,C
1010,C#
1010,HTML/CSS
1010,TypeScript
1012,Python
1012,R
1012,Rust
1013,Kotlin
1013,R
1013,Rust
1014,Go
1014,Kotlin
1014,Python
1014,R
1014,Rust
1014,SQL
1015,C
1015,C#
1015,PowerShell
1016,Assembly
1016,Bash/Shell
1016,C
1016,C#
1016,C++
1016,PowerShell
1016,R
1016,Rust
1017,C
1017,C#
1017,Java
1017,JavaScript
1017,SQL
1018,Bash/Shell
1018,C
1019,Assembly
1019,C
1019,C++
1019,Dart
1019,Go
1019,Kotlin
1019,Python
1019,R
1019,Rust
1019,Scala
1019,TypeScript
1020,Bash/Shell
1020,R
1020,Rust
1020,SQL
1020,TypeScript
1021,C
1021,C#
1021,Java
1021,JavaScript
1021,Swift
1021,TypeScript
1022,C
1022,Clojure
1022,Dart
1023,Bash/Shell
1023,Java
1023,PHP
1023,Python
1023,SQL
1024,Bash/Shell
1024,R
1024,Rust
1024,TypeScript
1025,C
1025,Elixir
1025,HTML/CSS
1025,Haskell
1025,Java
1025,JavaScript
1025,Kotlin
1025,PowerShell
1025,TypeScript
1026,Bash/Shell
1026,C
1026,Dart
1026,Go
1026,HTML/CSS
1026,Java
1026,JavaScript
1026,Python
1026,R
1026,Rust
1026,Solidity
1026,TypeScript
1027,R
1027,Rust
1027,SQL
1028,C
1028,Clojure
1029,Python
1029,R
1029,Rust
1030,Go
1030,Python
1030,R
1030,Rust
1031,Bash/Shell
1031,C
1031,C#
1031,C++
1031,Dart
1031,Julia
1031,Python
1032,R
1032,Rust
1033,C
1033,C#
1033,C++
1033,Python
1034,C
1034,Dart
1034,HTML/CSS
1034,Java
1034,JavaScript
1034,SQL
1034,TypeScript
1035,Elixir
1035,Python
1035,R
1035,Rust
1035,SQL
1036,Bash/Shell
1036,Dart
1036,Go
1036,Java
1036,JavaScript
1036,Kotlin
1036,PowerShell
1036,R
1036,Rust
1036,SQL
1036,TypeScript
1037,C
1037,Crystal
1037,Dart
1037,OCaml
1037,R
1037,Rust
1037,TypeScript
1038,Bash/Shell
1038,C
1038,C#
1038,HTML/CSS
1038,Java
1038,JavaScript
1038,TypeScript
1039,C
1039,C++
1039,Julia
1039,Python
1039,R
1039,Rust
1040,Go
1040,Python
1040,R
1040,Rust
1041,C
1041,C#
1041,Java
1041,JavaScript
1041,SQL
1041,TypeScript
1042,Python
1042,R
1042,Rust
1043,Bash/Shell
1043,C
1043,Clojure
1043,Go
1043,HTML/CSS
1043,Java
1043,JavaScript
1043,SQL
1043,TypeScript
1044,C
1044,HTML/CSS
1044,Java
1044,JavaScript
1044,SQL
1044,TypeScript
1045,Java
1045,MATLAB
1045,Python
1046,C
1046,C++
1046,R
1046,Rust
1047,R
1047,Rust
1048,C
1048,Java
1048,JavaScript
1048,PHP
1048,R
1048,Rust
1048,SQL
1048,TypeScript
1049,C
1049,C++
1049,Go
1049,Lua
1049,Python
1050,Bash/Shell
1050,C
1050,Crystal
1050,Elixir
1050,R
1050,Ruby
1050,Rust
1050,SQL
1051,APL
1051,C
1051,Clojure
1051,Elixir
1051,LISP
1051,OCaml
1051,R
1051,Rust
1052,C
1052,Clojure
1052,F#
1052,Python
1053,C
1053,C#
1053,Go
1053,Java
1053,JavaScript
1053,TypeScript
1054,Python
1054,R
1054,Rust
1055,Bash/Shell
1055,C
1055,C#
1055,C++
1055,Delphi
1055,Haskell
1055,Kotlin
1055,Python
1055,R
1055,Rust
1055,SQL
1056,C
1056,C#
1056,Java
1056,Python
1056,Scala
1057,C
1057,C#
1057,Go
1057,HTML/CSS
1057,Java
1057,JavaScript
1057,Kotlin
1057,Python
1057,SQL
1057,TypeScript
