ResponseId,NEWCollabToolsWantToWorkWith
2,Notepad++
2,Visual Studio
3,Notepad++
3,Visual Studio
3,Visual Studio Code
4,Rider
4,Visual Studio
4,Visual Studio Code
5,Visual Studio
5,Visual Studio Code
6,Visual Studio
6,Visual Studio Code
6,WebStorm
7,Android Studio
7,IPython
7,IPython/Jupyter
7,Sublime Text
7,Vim
7,Visual Studio
7,Visual Studio Code
8,Emacs
8,Notepad++
9,Android Studio
9,"RAD Studio (Delphi, C++ Builder)"
9,Visual Studio
9,Visual Studio Code
9,Xcode
10,Rider
10,Visual Studio
10,Visual Studio Code
11,IPython
11,IPython/Jupyter
11,Neovim
11,Visual Studio
11,Visual Studio Code
12,Vim
12,Visual Studio
13,Visual Studio
13,Visual Studio Code
14,Visual Studio
14,Visual Studio Code
15,Visual Studio
15,Visual Studio Code
16,IntelliJ
16,Notepad++
17,PyCharm
17,Visual Studio
17,Visual Studio Code
18,Visual Studio
18,Visual Studio Code
19,Visual Studio
19,Visual Studio Code
20,IntelliJ
20,Notepad++
20,Visual Studio
20,Visual Studio Code
21,Neovim
21,Sublime Text
21,Visual Studio
21,Visual Studio Code
22,Visual Studio
24,Notepad++
24,Visual Studio
24,Visual Studio Code
25,Android Studio
25,IntelliJ
25,Visual Studio
25,Visual Studio Code
26,Atom
26,IntelliJ
26,Vim
27,Visual Studio
27,Visual Studio Code
32,Nano
32,PyCharm
33,Visual Studio
33,Visual Studio Code
34,IPython
34,IPython/Jupyter
34,PyCharm
34,Vim
35,IPython
35,IPython/Jupyter
35,Nano
35,PyCharm
35,Sublime Text
36,IntelliJ
36,PyCharm
36,Vim
37,IntelliJ
37,PhpStorm
37,PyCharm
37,RubyMine
37,WebStorm
38,Visual Studio
38,Visual Studio Code
39,IntelliJ
39,Vim
41,IPython
41,IPython/Jupyter
41,PyCharm
41,Vim
42,Visual Studio
42,Visual Studio Code
43,Vim
43,Visual Studio
43,Visual Studio Code
44,Eclipse
44,IntelliJ
44,PyCharm
45,Visual Studio
45,Visual Studio Code
46,Vim
48,Android Studio
48,Emacs
48,IntelliJ
48,Notepad++
48,Vim
48,Visual Studio
48,Xcode
49,Rider
49,Vim
49,Visual Studio
49,Visual Studio Code
49,WebStorm
51,IntelliJ
51,Visual Studio
51,Visual Studio Code
52,Neovim
52,Visual Studio
52,Visual Studio Code
53,Visual Studio
53,Visual Studio Code
54,Emacs
54,Vim
54,Visual Studio
54,Visual Studio Code
55,IntelliJ
55,Visual Studio
55,Visual Studio Code
56,Visual Studio
56,Visual Studio Code
57,Notepad++
57,Rider
57,WebStorm
58,Android Studio
58,IntelliJ
58,Vim
59,Notepad++
59,Visual Studio
59,Visual Studio Code
60,IntelliJ
60,Notepad++
60,PyCharm
60,Visual Studio
60,Visual Studio Code
60,WebStorm
62,Android Studio
62,IntelliJ
62,WebStorm
63,Visual Studio
63,Visual Studio Code
64,Android Studio
64,CLion
64,IntelliJ
64,Notepad++
64,PhpStorm
64,PyCharm
64,Rider
64,WebStorm
65,Notepad++
65,Visual Studio
65,Visual Studio Code
66,Eclipse
67,Notepad++
67,Visual Studio
67,Visual Studio Code
68,Visual Studio
68,Visual Studio Code
69,IntelliJ
71,Neovim
71,Visual Studio
71,Visual Studio Code
72,IntelliJ
72,Sublime Text
73,Vim
73,Visual Studio
73,Visual Studio Code
74,Rider
74,Visual Studio
74,Visual Studio Code
74,Xcode
75,IntelliJ
75,RubyMine
75,Vim
76,Notepad++
76,Rider
76,Visual Studio
76,Visual Studio Code
77,Eclipse
78,Neovim
78,PhpStorm
78,Vim
79,Emacs
80,Notepad++
80,"RAD Studio (Delphi, C++ Builder)"
81,Visual Studio
81,Visual Studio Code
82,Eclipse
82,Nano
82,RStudio
82,Spyder
82,Sublime Text
82,Visual Studio
83,Visual Studio
83,Visual Studio Code
85,Eclipse
85,IntelliJ
85,Notepad++
85,PyCharm
87,Android Studio
87,Visual Studio
87,Visual Studio Code
88,IntelliJ
88,Visual Studio
88,Visual Studio Code
89,Notepad++
89,Visual Studio
89,Visual Studio Code
90,PyCharm
90,Visual Studio
90,Visual Studio Code
91,"RAD Studio (Delphi, C++ Builder)"
92,IPython
92,IPython/Jupyter
92,RStudio
92,Visual Studio
92,Visual Studio Code
93,Visual Studio
93,Visual Studio Code
94,Atom
94,IPython
94,IPython/Jupyter
94,RStudio
95,Notepad++
95,Sublime Text
95,Visual Studio
95,Visual Studio Code
96,IntelliJ
96,Nano
96,RubyMine
96,Visual Studio
96,Visual Studio Code
97,Notepad++
97,Visual Studio
97,Visual Studio Code
99,IPython
99,IPython/Jupyter
100,Neovim
101,IntelliJ
102,Notepad++
102,Rider
102,Visual Studio
103,Notepad++
103,Visual Studio
103,Visual Studio Code
104,Notepad++
104,PyCharm
104,Visual Studio
104,Visual Studio Code
104,WebStorm
105,GoLand
105,IntelliJ
106,Visual Studio
106,Visual Studio Code
107,Eclipse
107,Notepad++
107,Visual Studio
107,Visual Studio Code
108,Visual Studio
109,Rider
109,Sublime Text
110,GoLand
110,Neovim
110,Visual Studio
110,Visual Studio Code
111,GoLand
111,Notepad++
111,Rider
111,Visual Studio
112,Notepad++
112,PyCharm
112,Vim
113,Notepad++
113,RStudio
113,Vim
113,Visual Studio
113,Visual Studio Code
114,Eclipse
114,Vim
114,Visual Studio
114,Visual Studio Code
115,IntelliJ
115,PyCharm
116,IntelliJ
117,Notepad++
117,Sublime Text
117,Visual Studio
117,Visual Studio Code
118,Visual Studio
118,Visual Studio Code
119,Visual Studio
119,Visual Studio Code
120,IntelliJ
121,GoLand
121,IPython
121,IPython/Jupyter
121,IntelliJ
121,Sublime Text
122,Visual Studio
122,Visual Studio Code
122,WebStorm
123,Android Studio
123,Visual Studio
124,GoLand
124,Visual Studio
124,Visual Studio Code
125,Notepad++
125,Visual Studio
126,IntelliJ
126,Nano
126,Visual Studio
126,Visual Studio Code
127,Rider
127,Vim
127,Visual Studio
127,Visual Studio Code
128,IPython
128,IPython/Jupyter
128,Visual Studio
128,Visual Studio Code
129,CLion
129,Neovim
129,PyCharm
131,Vim
132,Visual Studio
132,Visual Studio Code
133,RubyMine
133,Visual Studio
133,Visual Studio Code
134,Visual Studio
134,Visual Studio Code
136,Notepad++
136,Sublime Text
136,Visual Studio
136,Visual Studio Code
137,Android Studio
137,CLion
137,GoLand
137,IntelliJ
137,PhpStorm
137,PyCharm
137,Rider
137,RubyMine
137,WebStorm
138,IntelliJ
138,PyCharm
139,IPython
139,IPython/Jupyter
139,RStudio
140,Visual Studio
140,Visual Studio Code
140,WebStorm
141,IntelliJ
141,Visual Studio
141,Visual Studio Code
142,CLion
142,PyCharm
142,Visual Studio
142,Visual Studio Code
142,WebStorm
144,Emacs
145,CLion
145,GoLand
145,Rider
145,Visual Studio
145,Visual Studio Code
147,IntelliJ
147,Sublime Text
147,Visual Studio
147,Visual Studio Code
148,IntelliJ
149,Visual Studio
150,PyCharm
150,Spyder
150,Visual Studio
150,Visual Studio Code
151,Notepad++
151,Visual Studio
151,Visual Studio Code
152,Android Studio
152,IPython
152,IPython/Jupyter
152,IntelliJ
152,Visual Studio
152,Xcode
153,IntelliJ
153,Notepad++
153,Sublime Text
154,Android Studio
154,Atom
154,GoLand
154,IntelliJ
154,PyCharm
154,Vim
154,Visual Studio
154,Visual Studio Code
156,Notepad++
156,Sublime Text
156,Visual Studio
157,Visual Studio
157,Visual Studio Code
158,Vim
158,Visual Studio
158,Visual Studio Code
159,Rider
159,Visual Studio
159,Visual Studio Code
160,Visual Studio
160,Visual Studio Code
161,PyCharm
163,IntelliJ
163,Vim
164,IntelliJ
164,Rider
165,IntelliJ
165,Visual Studio
165,Visual Studio Code
167,IPython
167,IPython/Jupyter
167,Visual Studio
167,Visual Studio Code
168,RStudio
168,Visual Studio
168,Visual Studio Code
170,Emacs
170,IPython
170,IPython/Jupyter
171,Notepad++
171,Vim
171,Visual Studio
171,Visual Studio Code
171,Xcode
172,CLion
172,Emacs
172,Sublime Text
173,IntelliJ
173,Visual Studio
173,Visual Studio Code
174,Android Studio
174,GoLand
174,IPython
174,IPython/Jupyter
174,IntelliJ
174,Neovim
174,PyCharm
174,Rider
174,Visual Studio
174,Xcode
175,Notepad++
176,Visual Studio
176,Visual Studio Code
177,IPython
177,IPython/Jupyter
177,Notepad++
177,PyCharm
177,Sublime Text
177,Visual Studio
177,Visual Studio Code
178,Visual Studio
178,Visual Studio Code
179,Android Studio
179,Atom
179,IntelliJ
179,RubyMine
180,Visual Studio
180,WebStorm
181,GoLand
181,IntelliJ
181,Visual Studio
181,Visual Studio Code
182,Visual Studio
182,Visual Studio Code
183,GoLand
184,CLion
184,IntelliJ
184,PhpStorm
184,Rider
184,Vim
184,Visual Studio
184,Visual Studio Code
184,WebStorm
184,Xcode
185,CLion
185,GoLand
185,IntelliJ
185,Notepad++
185,PhpStorm
185,PyCharm
185,Visual Studio
185,Visual Studio Code
186,Neovim
186,Vim
186,Visual Studio
186,Visual Studio Code
187,"RAD Studio (Delphi, C++ Builder)"
188,Android Studio
188,IntelliJ
188,Nano
188,PhpStorm
189,GoLand
189,PyCharm
191,Rider
191,Visual Studio
191,Visual Studio Code
192,Emacs
192,Vim
193,IntelliJ
193,Rider
193,Sublime Text
193,Visual Studio
193,Visual Studio Code
194,Atom
194,IntelliJ
194,Visual Studio
194,Visual Studio Code
194,Xcode
195,CLion
195,Eclipse
195,IntelliJ
195,PyCharm
195,Vim
196,IPython
196,IPython/Jupyter
196,Neovim
196,PyCharm
196,Visual Studio
196,Visual Studio Code
197,Neovim
197,Sublime Text
197,Visual Studio
197,Visual Studio Code
197,Xcode
198,Emacs
198,IPython
198,IPython/Jupyter
198,Vim
198,Visual Studio
198,Visual Studio Code
199,CLion
199,PyCharm
200,Notepad++
200,Visual Studio
200,Visual Studio Code
201,Visual Studio
201,Visual Studio Code
202,PhpStorm
202,PyCharm
203,Visual Studio
203,Visual Studio Code
204,IntelliJ
204,Qt Creator
204,Sublime Text
204,Vim
204,Visual Studio
204,Visual Studio Code
205,Visual Studio
205,Visual Studio Code
206,Atom
206,CLion
206,IntelliJ
206,Vim
206,Visual Studio
206,Visual Studio Code
206,Xcode
207,Notepad++
207,Rider
208,CLion
208,PhpStorm
208,RubyMine
208,Vim
209,Visual Studio
209,Visual Studio Code
210,Rider
210,WebStorm
211,IntelliJ
211,Rider
212,Visual Studio
212,Visual Studio Code
214,CLion
214,PyCharm
214,Visual Studio
214,Visual Studio Code
214,WebStorm
216,IntelliJ
216,Notepad++
218,Notepad++
218,Visual Studio
218,Visual Studio Code
219,Vim
219,Visual Studio
219,Visual Studio Code
220,IPython
220,IPython/Jupyter
221,GoLand
221,IntelliJ
221,Sublime Text
221,Visual Studio
221,Visual Studio Code
222,Notepad++
222,Visual Studio
222,Visual Studio Code
223,Visual Studio
223,Visual Studio Code
224,Notepad++
224,Visual Studio
225,Visual Studio
226,Visual Studio
226,Visual Studio Code
227,Neovim
228,Notepad++
228,Visual Studio
228,Visual Studio Code
229,Vim
231,CLion
231,IntelliJ
231,PyCharm
231,Vim
231,Visual Studio
231,Visual Studio Code
232,Notepad++
232,PyCharm
232,Visual Studio
233,Visual Studio
233,Visual Studio Code
234,GoLand
234,Visual Studio
234,Visual Studio Code
237,Vim
237,Visual Studio
237,Visual Studio Code
238,"RAD Studio (Delphi, C++ Builder)"
239,Vim
240,IPython
240,IPython/Jupyter
240,Notepad++
240,PyCharm
240,RStudio
242,Visual Studio
242,Visual Studio Code
243,Android Studio
243,Visual Studio
244,Visual Studio
244,Visual Studio Code
244,Xcode
245,Neovim
245,Vim
245,Visual Studio
245,Visual Studio Code
246,Sublime Text
247,Visual Studio
247,Visual Studio Code
247,Xcode
248,IPython
248,IPython/Jupyter
248,IntelliJ
249,IPython
249,IPython/Jupyter
249,PyCharm
249,Vim
249,Visual Studio
249,Visual Studio Code
250,Android Studio
250,Visual Studio
250,Visual Studio Code
251,Neovim
251,Visual Studio
251,Visual Studio Code
252,Rider
252,Visual Studio
252,Xcode
253,Notepad++
253,Visual Studio
253,Visual Studio Code
254,IntelliJ
254,Vim
254,Visual Studio
254,Visual Studio Code
256,GoLand
256,Nano
256,PyCharm
256,Visual Studio
256,Visual Studio Code
257,IPython
257,IPython/Jupyter
257,Notepad++
257,Spyder
257,Vim
257,Visual Studio
257,Visual Studio Code
258,Emacs
258,IPython
258,IPython/Jupyter
259,IntelliJ
259,Visual Studio
259,Visual Studio Code
260,Visual Studio
260,Visual Studio Code
261,Visual Studio
262,Neovim
263,Neovim
265,IntelliJ
265,Neovim
266,Notepad++
266,Visual Studio
267,Vim
267,Visual Studio
267,Visual Studio Code
268,PyCharm
268,Visual Studio
268,Visual Studio Code
269,Vim
269,Visual Studio
269,Visual Studio Code
270,Neovim
271,Android Studio
271,GoLand
271,Neovim
271,Sublime Text
271,Visual Studio
271,Visual Studio Code
273,Eclipse
273,Sublime Text
273,Vim
273,Visual Studio
274,Android Studio
274,Neovim
274,"RAD Studio (Delphi, C++ Builder)"
274,RubyMine
274,Xcode
275,Notepad++
275,PyCharm
275,Visual Studio
275,Visual Studio Code
276,Android Studio
276,GoLand
276,Neovim
276,Sublime Text
276,Vim
276,Visual Studio
276,Visual Studio Code
277,IPython
277,IPython/Jupyter
277,Visual Studio
277,Visual Studio Code
278,Sublime Text
278,Visual Studio
278,Visual Studio Code
279,Sublime Text
279,Visual Studio
279,Visual Studio Code
280,CLion
280,IntelliJ
280,PyCharm
280,Vim
281,Visual Studio
281,Visual Studio Code
282,Visual Studio
282,Visual Studio Code
283,Eclipse
283,Visual Studio
283,Visual Studio Code
284,Android Studio
284,Atom
284,IntelliJ
284,Sublime Text
285,Visual Studio
285,Visual Studio Code
286,Visual Studio
286,Visual Studio Code
287,IntelliJ
287,Visual Studio
287,Visual Studio Code
288,Visual Studio
288,Visual Studio Code
289,Neovim
290,IntelliJ
290,Visual Studio
290,Visual Studio Code
290,WebStorm
291,PyCharm
291,Sublime Text
291,Visual Studio
291,Visual Studio Code
292,IntelliJ
292,PyCharm
292,Rider
293,IntelliJ
293,Nano
293,Notepad++
293,Rider
294,IPython
294,IPython/Jupyter
294,Sublime Text
295,IntelliJ
295,Vim
295,Visual Studio
295,Visual Studio Code
297,Vim
297,Visual Studio
297,Visual Studio Code
298,CLion
298,Vim
298,Visual Studio
298,Visual Studio Code
299,Visual Studio
299,Visual Studio Code
300,Visual Studio
300,Visual Studio Code
301,Android Studio
301,Visual Studio
301,Visual Studio Code
302,Visual Studio
302,Visual Studio Code
303,Neovim
303,Vim
303,Visual Studio
303,Visual Studio Code
303,Xcode
304,Notepad++
304,Visual Studio
304,Visual Studio Code
305,IntelliJ
305,PyCharm
305,Rider
305,WebStorm
306,CLion
306,Visual Studio
306,Visual Studio Code
307,Vim
307,Visual Studio
307,Visual Studio Code
308,IPython
308,IPython/Jupyter
308,Visual Studio
308,Visual Studio Code
309,Vim
309,Visual Studio
309,Visual Studio Code
310,CLion
310,Neovim
310,Visual Studio
310,Visual Studio Code
311,Notepad++
311,Visual Studio
311,Visual Studio Code
312,PyCharm
313,Notepad++
313,Visual Studio
313,Visual Studio Code
314,Visual Studio
314,Visual Studio Code
315,Sublime Text
315,Visual Studio
315,Visual Studio Code
316,Visual Studio
316,Visual Studio Code
317,Notepad++
317,Visual Studio
317,Visual Studio Code
318,Visual Studio
318,Visual Studio Code
319,Visual Studio
319,Visual Studio Code
320,Android Studio
320,IPython
320,IPython/Jupyter
320,Xcode
321,CLion
321,IntelliJ
321,Rider
321,Visual Studio
321,Visual Studio Code
321,Xcode
322,Visual Studio
322,Visual Studio Code
323,IntelliJ
324,Emacs
325,GoLand
325,IntelliJ
325,Rider
325,Visual Studio
325,Visual Studio Code
326,Eclipse
326,PyCharm
326,Visual Studio
326,Visual Studio Code
326,WebStorm
327,Emacs
328,Android Studio
329,CLion
329,Notepad++
329,PyCharm
329,Visual Studio
329,Visual Studio Code
330,Visual Studio
330,Visual Studio Code
331,Visual Studio
331,Visual Studio Code
332,Emacs
332,RStudio
332,Visual Studio
332,Visual Studio Code
333,CLion
333,Vim
334,CLion
336,Neovim
337,Visual Studio
337,Visual Studio Code
338,Android Studio
338,PhpStorm
338,Visual Studio
338,Visual Studio Code
339,Visual Studio
339,Visual Studio Code
340,Visual Studio
341,Notepad++
341,"RAD Studio (Delphi, C++ Builder)"
342,IntelliJ
342,Notepad++
342,Visual Studio
342,Visual Studio Code
343,GoLand
345,Android Studio
345,Vim
345,Visual Studio
346,Nano
346,Vim
346,Visual Studio
346,Visual Studio Code
347,IPython
347,IPython/Jupyter
347,Nano
347,Vim
347,Visual Studio
347,Visual Studio Code
350,Neovim
350,Visual Studio
350,Visual Studio Code
351,CLion
351,GoLand
351,Visual Studio
351,Visual Studio Code
352,IntelliJ
353,Visual Studio
353,Visual Studio Code
354,IPython
354,IPython/Jupyter
354,Neovim
354,Visual Studio
354,Visual Studio Code
355,Visual Studio
355,Visual Studio Code
356,Android Studio
356,IntelliJ
357,Vim
358,CLion
358,IntelliJ
358,Rider
358,Visual Studio
358,Visual Studio Code
359,Visual Studio
359,Visual Studio Code
360,Android Studio
360,Neovim
360,Visual Studio
360,Visual Studio Code
361,Android Studio
361,CLion
361,IntelliJ
361,Sublime Text
361,Visual Studio
361,Visual Studio Code
362,Vim
362,Visual Studio
362,Visual Studio Code
363,Notepad++
363,Visual Studio
363,Visual Studio Code
364,Visual Studio
364,Visual Studio Code
365,Visual Studio
365,Visual Studio Code
366,IntelliJ
366,Vim
367,Visual Studio
367,Visual Studio Code
368,IntelliJ
368,Neovim
368,Vim
368,Visual Studio
368,Visual Studio Code
369,Neovim
369,Visual Studio
369,Visual Studio Code
370,IntelliJ
370,PyCharm
372,Vim
373,Notepad++
373,Visual Studio
373,Visual Studio Code
375,PyCharm
375,Sublime Text
375,Visual Studio
375,Visual Studio Code
376,Visual Studio
377,Neovim
378,Vim
378,Visual Studio
378,Visual Studio Code
379,Visual Studio
379,Visual Studio Code
382,Vim
382,Visual Studio
382,Visual Studio Code
383,Android Studio
383,Neovim
384,PyCharm
385,IntelliJ
385,Notepad++
385,PyCharm
385,Vim
385,WebStorm
386,IntelliJ
386,Visual Studio
386,Visual Studio Code
387,Eclipse
387,Notepad++
387,Visual Studio
387,Visual Studio Code
388,PhpStorm
388,Vim
389,Sublime Text
389,Visual Studio
389,Visual Studio Code
390,IntelliJ
390,Visual Studio
390,Visual Studio Code
391,Visual Studio
391,Visual Studio Code
392,Vim
392,Visual Studio
392,Visual Studio Code
393,Notepad++
393,Visual Studio
393,Visual Studio Code
394,Emacs
395,PyCharm
395,Visual Studio
395,Visual Studio Code
396,IPython
396,IPython/Jupyter
396,Nano
396,Visual Studio
396,Visual Studio Code
397,Visual Studio
398,Visual Studio
399,Emacs
399,GoLand
399,PyCharm
399,Visual Studio
399,Visual Studio Code
400,IPython
400,IPython/Jupyter
401,IntelliJ
401,Vim
401,Visual Studio
402,Visual Studio
402,Visual Studio Code
402,WebStorm
403,Visual Studio
403,Visual Studio Code
404,PyCharm
404,Qt Creator
404,Visual Studio
404,Visual Studio Code
405,Neovim
405,Vim
406,IntelliJ
407,Notepad++
407,Visual Studio
407,Visual Studio Code
408,Vim
408,Visual Studio
408,Visual Studio Code
409,CLion
409,GoLand
409,IntelliJ
409,Visual Studio
409,Visual Studio Code
409,Xcode
410,Visual Studio
410,Visual Studio Code
411,Vim
411,Visual Studio
411,Visual Studio Code
412,Neovim
412,Visual Studio
412,Visual Studio Code
413,IPython
413,IPython/Jupyter
414,Eclipse
414,IntelliJ
414,Neovim
414,Vim
415,Neovim
415,Vim
415,Visual Studio
415,Visual Studio Code
416,Android Studio
416,Neovim
416,Qt Creator
416,Spyder
416,Vim
416,Visual Studio
416,Visual Studio Code
417,Visual Studio
417,Visual Studio Code
418,Emacs
418,Visual Studio
418,Visual Studio Code
419,Visual Studio
419,Visual Studio Code
420,Emacs
421,Visual Studio
421,Visual Studio Code
422,Vim
422,Visual Studio
422,Visual Studio Code
423,PhpStorm
423,RubyMine
423,Visual Studio
423,Visual Studio Code
423,Xcode
424,Visual Studio
425,Eclipse
425,IntelliJ
425,PyCharm
425,Visual Studio
425,Visual Studio Code
426,Emacs
427,IntelliJ
427,Neovim
427,Vim
428,Visual Studio
428,Visual Studio Code
429,CLion
429,Emacs
429,IntelliJ
429,PhpStorm
429,Rider
429,Vim
429,Visual Studio
429,Visual Studio Code
430,CLion
430,GoLand
430,IntelliJ
430,Nano
430,Rider
431,Android Studio
431,Visual Studio
431,Visual Studio Code
431,Xcode
432,Eclipse
432,Notepad++
432,Visual Studio
432,Visual Studio Code
433,"RAD Studio (Delphi, C++ Builder)"
433,Visual Studio
434,IntelliJ
434,Visual Studio
434,Visual Studio Code
435,IntelliJ
435,Visual Studio
436,Visual Studio
436,Visual Studio Code
437,Vim
438,CLion
438,Neovim
439,Rider
439,Visual Studio
439,Visual Studio Code
440,Notepad++
440,PyCharm
441,Android Studio
441,CLion
441,IntelliJ
441,Vim
442,Visual Studio
442,Visual Studio Code
443,Vim
444,CLion
444,Neovim
444,Vim
445,Eclipse
445,Notepad++
445,Visual Studio
445,Visual Studio Code
446,IntelliJ
446,PyCharm
446,Visual Studio
446,Visual Studio Code
447,Visual Studio
447,Visual Studio Code
448,IPython
448,IPython/Jupyter
448,Notepad++
448,Vim
448,Visual Studio
448,Visual Studio Code
449,IPython
449,IPython/Jupyter
449,Vim
450,Neovim
451,Visual Studio
451,Visual Studio Code
453,Notepad++
453,"RAD Studio (Delphi, C++ Builder)"
453,Visual Studio
453,Visual Studio Code
454,Nano
454,Visual Studio
454,Visual Studio Code
455,Neovim
455,Sublime Text
456,Rider
456,Visual Studio
456,Visual Studio Code
457,Android Studio
457,Vim
457,Visual Studio
457,Visual Studio Code
458,IntelliJ
458,Neovim
459,Neovim
459,Qt Creator
459,Vim
459,Visual Studio
459,Visual Studio Code
460,IntelliJ
460,Visual Studio
460,Visual Studio Code
461,Visual Studio
461,Visual Studio Code
462,Neovim
462,Vim
464,IntelliJ
464,Visual Studio
464,Visual Studio Code
465,Emacs
465,IPython
465,IPython/Jupyter
466,Visual Studio
466,Visual Studio Code
467,Neovim
468,Neovim
468,Vim
468,Visual Studio
468,Visual Studio Code
468,Xcode
469,Visual Studio
469,Visual Studio Code
470,IPython
470,IPython/Jupyter
470,Notepad++
470,PyCharm
470,Qt Creator
472,Visual Studio
472,Visual Studio Code
474,Visual Studio
474,Visual Studio Code
475,CLion
475,IntelliJ
475,Rider
475,Visual Studio
475,Visual Studio Code
476,Qt Creator
476,Vim
476,Visual Studio
476,Visual Studio Code
477,CLion
478,Xcode
479,Eclipse
479,Notepad++
479,Visual Studio
480,Visual Studio
480,Visual Studio Code
481,Android Studio
481,GoLand
481,IntelliJ
481,Sublime Text
481,Vim
481,Visual Studio
481,Visual Studio Code
482,Nano
482,Visual Studio
482,Visual Studio Code
483,Emacs
484,Android Studio
484,IntelliJ
484,Nano
484,Sublime Text
484,Visual Studio
484,Visual Studio Code
485,Rider
485,Vim
485,Visual Studio
485,Visual Studio Code
486,Neovim
486,RubyMine
486,Sublime Text
486,Visual Studio
486,Visual Studio Code
487,Neovim
487,Vim
488,Emacs
488,Visual Studio
488,Visual Studio Code
489,Android Studio
489,IntelliJ
489,Notepad++
489,PyCharm
489,Qt Creator
490,Vim
490,Visual Studio
490,Visual Studio Code
491,PhpStorm
492,Vim
492,Visual Studio
492,Visual Studio Code
493,IPython
493,IPython/Jupyter
493,IntelliJ
493,Visual Studio
493,Visual Studio Code
494,Visual Studio
494,Visual Studio Code
495,Visual Studio
495,Visual Studio Code
496,Visual Studio
496,Visual Studio Code
497,Visual Studio
497,Visual Studio Code
498,IntelliJ
498,PyCharm
498,Sublime Text
498,Vim
500,Emacs
500,Visual Studio
500,Visual Studio Code
501,CLion
501,Nano
501,Notepad++
501,Vim
501,Visual Studio
501,Visual Studio Code
503,RStudio
503,Visual Studio
504,Vim
504,Visual Studio
505,Eclipse
505,IPython
505,IPython/Jupyter
505,IntelliJ
505,Notepad++
505,RStudio
505,Spyder
505,Vim
505,Visual Studio
505,Visual Studio Code
506,CLion
506,Visual Studio
506,Visual Studio Code
506,WebStorm
507,IntelliJ
507,PyCharm
507,Visual Studio
507,Visual Studio Code
508,Qt Creator
508,Vim
508,Visual Studio
508,Visual Studio Code
508,Xcode
509,Visual Studio
509,Visual Studio Code
510,Neovim
510,Visual Studio
510,Visual Studio Code
511,Neovim
511,Visual Studio
511,Visual Studio Code
512,IntelliJ
512,Visual Studio
512,Visual Studio Code
513,CLion
513,PhpStorm
513,PyCharm
513,Visual Studio
513,Visual Studio Code
514,PyCharm
514,Vim
514,Visual Studio
514,Visual Studio Code
515,Sublime Text
518,Visual Studio
518,Visual Studio Code
519,Visual Studio
519,Visual Studio Code
520,Vim
520,Visual Studio
520,Visual Studio Code
522,IntelliJ
522,Visual Studio
522,Visual Studio Code
523,Visual Studio
523,Visual Studio Code
524,Neovim
524,Visual Studio
524,Visual Studio Code
525,IntelliJ
525,PyCharm
525,Vim
527,IntelliJ
527,Neovim
527,PyCharm
527,Vim
528,Visual Studio
528,Visual Studio Code
528,Xcode
529,Neovim
529,Vim
529,Visual Studio
529,Visual Studio Code
530,"RAD Studio (Delphi, C++ Builder)"
531,Notepad++
531,Rider
531,Visual Studio
531,Visual Studio Code
533,Atom
533,Neovim
533,Vim
534,Sublime Text
535,Neovim
536,CLion
536,GoLand
536,IntelliJ
536,Notepad++
536,PyCharm
536,Vim
536,Visual Studio
536,Visual Studio Code
537,Emacs
537,Vim
537,Visual Studio
537,Visual Studio Code
538,Notepad++
538,Rider
538,TextMate
538,Visual Studio
538,Visual Studio Code
539,Neovim
540,Neovim
541,Emacs
541,Visual Studio
541,Visual Studio Code
543,Vim
544,Visual Studio
544,Visual Studio Code
545,Android Studio
545,CLion
545,GoLand
545,IntelliJ
545,PyCharm
545,Rider
545,RubyMine
545,WebStorm
546,IntelliJ
546,PyCharm
546,Sublime Text
546,Visual Studio
546,Visual Studio Code
547,Visual Studio
547,Visual Studio Code
548,Neovim
549,Notepad++
549,Visual Studio
550,IPython
550,IPython/Jupyter
550,PyCharm
550,Vim
551,Nano
551,Vim
551,Visual Studio
551,Visual Studio Code
552,Eclipse
552,IPython
552,IPython/Jupyter
552,IntelliJ
552,Neovim
553,PyCharm
553,Rider
553,Visual Studio
553,Visual Studio Code
554,IntelliJ
554,Neovim
554,Visual Studio
554,Visual Studio Code
554,WebStorm
555,IntelliJ
555,Notepad++
555,Vim
556,Visual Studio
556,Visual Studio Code
557,Nano
557,Visual Studio
557,Visual Studio Code
557,Xcode
558,CLion
558,Notepad++
558,Rider
558,Visual Studio
559,IntelliJ
559,Notepad++
559,PyCharm
562,Android Studio
562,Notepad++
562,Visual Studio
562,Visual Studio Code
563,WebStorm
564,Atom
564,IntelliJ
564,Sublime Text
565,Notepad++
565,Rider
565,RubyMine
565,TextMate
565,Visual Studio
565,Visual Studio Code
566,Vim
566,Visual Studio
566,Visual Studio Code
567,Visual Studio
567,Visual Studio Code
568,Notepad++
568,Visual Studio
568,Visual Studio Code
569,Atom
569,Eclipse
569,Vim
569,Visual Studio
569,Visual Studio Code
570,IntelliJ
570,Nano
571,IPython
571,IPython/Jupyter
571,Vim
571,Visual Studio
571,Visual Studio Code
572,Vim
573,Vim
573,Visual Studio
573,Visual Studio Code
574,Visual Studio
574,Visual Studio Code
576,Notepad++
576,Visual Studio
576,Visual Studio Code
577,Neovim
578,Android Studio
578,Vim
578,Visual Studio
578,Visual Studio Code
579,Sublime Text
579,Vim
581,IPython
581,IPython/Jupyter
581,Vim
582,Rider
583,Neovim
584,Neovim
584,Rider
584,Vim
584,Visual Studio
584,Visual Studio Code
585,CLion
585,PyCharm
586,Notepad++
587,Emacs
587,Neovim
587,Visual Studio
587,Visual Studio Code
588,Visual Studio
588,Visual Studio Code
589,Visual Studio
589,Visual Studio Code
590,Atom
590,CLion
590,PyCharm
590,Rider
590,WebStorm
591,IntelliJ
591,Visual Studio
591,Visual Studio Code
592,Emacs
592,Vim
593,CLion
593,IntelliJ
593,Notepad++
593,PyCharm
593,Visual Studio
593,Visual Studio Code
593,WebStorm
594,Notepad++
594,Rider
594,Visual Studio
594,Visual Studio Code
595,IntelliJ
595,Notepad++
595,PyCharm
595,Sublime Text
596,Emacs
596,IntelliJ
596,PyCharm
596,Visual Studio
596,Visual Studio Code
596,WebStorm
597,Visual Studio
597,Visual Studio Code
598,Visual Studio
598,Visual Studio Code
599,Android Studio
599,Atom
599,Notepad++
599,Visual Studio
599,Visual Studio Code
599,Xcode
601,Emacs
601,Neovim
602,IntelliJ
602,Nano
602,PhpStorm
602,PyCharm
602,Sublime Text
603,Nano
603,Neovim
603,Sublime Text
603,Vim
603,Visual Studio
603,Visual Studio Code
604,IPython
604,IPython/Jupyter
604,PyCharm
604,Vim
605,Visual Studio
605,Visual Studio Code
606,IntelliJ
606,Visual Studio
606,Visual Studio Code
607,Neovim
607,Vim
607,Visual Studio
607,Visual Studio Code
608,IntelliJ
608,Sublime Text
609,Notepad++
609,Visual Studio
610,CLion
611,IntelliJ
611,Vim
612,CLion
612,IntelliJ
612,PyCharm
612,Vim
613,CLion
613,IPython
613,IPython/Jupyter
613,IntelliJ
613,PyCharm
614,Vim
615,Emacs
616,CLion
616,GoLand
616,IntelliJ
616,Visual Studio
616,Visual Studio Code
617,Notepad++
617,Visual Studio
617,Visual Studio Code
618,Notepad++
618,TextMate
618,Visual Studio
618,Visual Studio Code
619,IntelliJ
620,Emacs
620,RStudio
620,Visual Studio
620,Visual Studio Code
621,Visual Studio
621,Visual Studio Code
622,Visual Studio
622,Visual Studio Code
623,Neovim
623,Rider
623,Visual Studio
623,Visual Studio Code
623,WebStorm
624,Emacs
624,Neovim
624,Vim
624,Visual Studio
624,Visual Studio Code
625,PhpStorm
625,Vim
625,Visual Studio
625,Visual Studio Code
626,Neovim
627,Emacs
627,Neovim
627,Visual Studio
627,Visual Studio Code
628,Vim
628,Visual Studio
628,Visual Studio Code
629,Visual Studio
629,Visual Studio Code
630,Visual Studio
630,Visual Studio Code
632,Vim
632,Visual Studio
632,Visual Studio Code
633,IntelliJ
633,Sublime Text
634,Notepad++
634,Rider
634,Visual Studio
634,Visual Studio Code
635,Vim
635,Visual Studio
635,Visual Studio Code
636,IntelliJ
636,Notepad++
636,PyCharm
636,Visual Studio
636,Visual Studio Code
637,Rider
637,Visual Studio
637,Visual Studio Code
638,Notepad++
638,Visual Studio
638,Visual Studio Code
639,Eclipse
639,Vim
639,Visual Studio
639,Visual Studio Code
640,IntelliJ
640,Neovim
642,Vim
642,Visual Studio
642,Visual Studio Code
644,Vim
644,Visual Studio
644,Visual Studio Code
645,IntelliJ
645,PhpStorm
645,WebStorm
646,CLion
646,Sublime Text
647,IntelliJ
647,Sublime Text
648,Notepad++
648,Visual Studio
648,Visual Studio Code
649,Vim
649,Visual Studio
649,Visual Studio Code
650,Neovim
651,PyCharm
651,Visual Studio
651,Visual Studio Code
652,PhpStorm
653,NetBeans
653,Vim
654,Visual Studio
654,Visual Studio Code
655,Emacs
656,Vim
657,CLion
657,IntelliJ
657,Rider
657,Visual Studio
657,Visual Studio Code
658,Vim
658,Visual Studio
658,Visual Studio Code
659,Android Studio
659,CLion
659,IntelliJ
659,Notepad++
659,PyCharm
659,Visual Studio
659,Visual Studio Code
659,Xcode
660,Visual Studio
660,Visual Studio Code
661,Notepad++
661,PyCharm
661,Visual Studio
661,Visual Studio Code
662,Visual Studio
662,Visual Studio Code
663,Visual Studio
664,Emacs
665,IntelliJ
665,Visual Studio
665,Visual Studio Code
666,IntelliJ
666,Nano
666,Rider
666,Visual Studio
666,Visual Studio Code
667,Rider
667,Visual Studio
667,Visual Studio Code
669,RStudio
669,Vim
671,Visual Studio
671,Visual Studio Code
672,Visual Studio
672,Visual Studio Code
673,CLion
673,IntelliJ
673,Notepad++
673,PyCharm
673,Qt Creator
673,Vim
675,Vim
676,Visual Studio
676,Visual Studio Code
677,Vim
677,Visual Studio
677,Visual Studio Code
678,Notepad++
678,Visual Studio
679,IntelliJ
679,Vim
680,CLion
681,Neovim
681,PyCharm
681,Visual Studio
682,Visual Studio
682,Visual Studio Code
683,Sublime Text
684,Vim
684,Visual Studio
684,Visual Studio Code
685,Emacs
685,Vim
686,CLion
686,Visual Studio
686,Visual Studio Code
687,Neovim
688,PyCharm
689,Visual Studio
689,Visual Studio Code
690,Neovim
690,Vim
691,CLion
691,IntelliJ
691,Nano
691,PyCharm
691,Sublime Text
692,Visual Studio
692,Visual Studio Code
693,Neovim
693,Visual Studio
693,Visual Studio Code
694,IPython
694,IPython/Jupyter
694,IntelliJ
694,Nano
694,PyCharm
694,Vim
694,Visual Studio
694,Visual Studio Code
695,Emacs
695,IntelliJ
695,Vim
695,Visual Studio
695,Visual Studio Code
695,WebStorm
696,Neovim
697,Visual Studio
697,Visual Studio Code
698,Notepad++
698,Visual Studio
698,Visual Studio Code
698,Xcode
699,GoLand
699,Vim
700,Emacs
700,Neovim
700,Vim
701,Android Studio
701,IntelliJ
702,Vim
702,Visual Studio
702,Visual Studio Code
704,IntelliJ
704,Rider
704,WebStorm
706,Android Studio
706,IntelliJ
706,PyCharm
706,Visual Studio
706,Visual Studio Code
706,Xcode
707,Neovim
708,Notepad++
708,Visual Studio
708,Visual Studio Code
709,IntelliJ
709,Notepad++
709,WebStorm
709,Xcode
710,Emacs
710,Neovim
710,Vim
710,Visual Studio
710,Visual Studio Code
711,IntelliJ
712,Visual Studio
712,Visual Studio Code
713,Visual Studio
713,Visual Studio Code
714,Neovim
714,Vim
714,Visual Studio
714,Visual Studio Code
716,Emacs
717,IntelliJ
717,Sublime Text
717,Visual Studio
717,Visual Studio Code
719,Neovim
719,Visual Studio
719,Visual Studio Code
720,Visual Studio
721,Eclipse
721,NetBeans
721,Visual Studio
721,Visual Studio Code
723,Android Studio
723,IntelliJ
723,Vim
723,Visual Studio
723,Visual Studio Code
723,WebStorm
725,Visual Studio
725,Visual Studio Code
726,Emacs
726,Rider
726,Visual Studio
726,Visual Studio Code
727,IntelliJ
727,Vim
727,Visual Studio
727,Visual Studio Code
728,Notepad++
728,Visual Studio
728,Visual Studio Code
729,IntelliJ
729,PhpStorm
729,PyCharm
729,Sublime Text
729,Vim
729,WebStorm
730,RStudio
730,Visual Studio
730,Visual Studio Code
731,CLion
731,IntelliJ
731,Visual Studio
731,Visual Studio Code
731,WebStorm
732,Neovim
733,IntelliJ
733,Neovim
733,Visual Studio
733,Visual Studio Code
734,Visual Studio
734,Visual Studio Code
736,Neovim
737,PyCharm
737,Visual Studio
737,Visual Studio Code
738,Android Studio
738,IPython
738,IPython/Jupyter
738,IntelliJ
738,Notepad++
738,PyCharm
738,Visual Studio
738,Visual Studio Code
738,Xcode
740,CLion
740,IntelliJ
740,PyCharm
740,Rider
740,Visual Studio
740,Visual Studio Code
741,Emacs
741,IntelliJ
741,Neovim
741,Rider
741,Visual Studio
741,Visual Studio Code
743,Android Studio
743,Emacs
743,IntelliJ
743,NetBeans
743,Sublime Text
743,TextMate
744,Neovim
744,Sublime Text
744,Visual Studio
744,Visual Studio Code
745,Neovim
746,Visual Studio
746,Visual Studio Code
747,IntelliJ
747,Notepad++
747,Visual Studio
747,Visual Studio Code
748,Visual Studio
748,Visual Studio Code
749,IntelliJ
749,Notepad++
749,Visual Studio
749,Visual Studio Code
750,Sublime Text
751,Emacs
751,Neovim
751,Vim
752,Emacs
752,Visual Studio
752,Visual Studio Code
753,Vim
754,Neovim
754,Vim
755,Neovim
756,Emacs
756,IPython
756,IPython/Jupyter
756,IntelliJ
756,Sublime Text
756,Vim
756,Visual Studio
758,CLion
758,Emacs
758,PyCharm
758,Visual Studio
758,Visual Studio Code
759,Neovim
760,Visual Studio
760,Visual Studio Code
761,Visual Studio
761,Visual Studio Code
762,Emacs
762,Vim
763,Nano
763,PyCharm
763,Visual Studio
763,Visual Studio Code
764,Atom
764,IPython
764,IPython/Jupyter
764,IntelliJ
764,Vim
765,Emacs
765,Visual Studio
765,Visual Studio Code
766,IntelliJ
766,Neovim
767,CLion
767,IntelliJ
767,Neovim
767,Visual Studio
767,Visual Studio Code
768,IntelliJ
769,Visual Studio
769,Visual Studio Code
770,Neovim
770,Visual Studio
770,Visual Studio Code
771,Visual Studio
771,Visual Studio Code
772,Vim
772,Visual Studio
772,Visual Studio Code
773,Vim
773,Visual Studio
773,Visual Studio Code
774,Visual Studio
774,Visual Studio Code
775,IntelliJ
775,Visual Studio
775,Visual Studio Code
775,WebStorm
776,Visual Studio
776,Visual Studio Code
777,Neovim
777,Vim
777,Visual Studio
777,Visual Studio Code
778,Vim
779,CLion
779,Visual Studio
779,Visual Studio Code
780,Visual Studio
780,Visual Studio Code
781,Emacs
781,Visual Studio
781,Visual Studio Code
782,Visual Studio
782,Visual Studio Code
783,CLion
783,IntelliJ
783,Neovim
783,PyCharm
784,GoLand
784,Visual Studio
784,Visual Studio Code
785,Rider
785,Sublime Text
785,Visual Studio
785,Visual Studio Code
786,Nano
786,Sublime Text
787,Visual Studio
787,Visual Studio Code
788,Nano
788,PhpStorm
788,Sublime Text
788,Visual Studio
788,Visual Studio Code
789,Notepad++
789,Sublime Text
789,Visual Studio
789,Visual Studio Code
790,CLion
790,GoLand
790,IntelliJ
790,Rider
790,WebStorm
791,Nano
791,Visual Studio
791,Visual Studio Code
792,IntelliJ
792,Notepad++
793,IntelliJ
793,PyCharm
793,Visual Studio
793,Visual Studio Code
794,Visual Studio
794,Visual Studio Code
795,IntelliJ
795,Nano
795,PyCharm
795,Visual Studio
795,Visual Studio Code
796,Emacs
797,IntelliJ
797,Vim
797,Visual Studio
797,Visual Studio Code
798,IntelliJ
798,Notepad++
798,Visual Studio
798,Visual Studio Code
799,IPython
799,IPython/Jupyter
799,Neovim
799,Visual Studio
799,Visual Studio Code
800,Nano
800,Notepad++
800,Visual Studio
800,Visual Studio Code
801,Visual Studio
801,Visual Studio Code
803,Android Studio
803,CLion
803,IntelliJ
803,PyCharm
803,Visual Studio
803,Visual Studio Code
804,Visual Studio
804,Visual Studio Code
806,Notepad++
806,Vim
806,Visual Studio
806,Visual Studio Code
807,Neovim
807,Vim
807,Visual Studio
807,Visual Studio Code
808,CLion
808,GoLand
808,IntelliJ
808,Neovim
808,Vim
809,PhpStorm
809,Sublime Text
810,CLion
810,IPython
810,IPython/Jupyter
810,IntelliJ
810,Sublime Text
810,Vim
811,IPython
811,IPython/Jupyter
811,Notepad++
811,Rider
811,Visual Studio
811,Visual Studio Code
812,IntelliJ
812,Neovim
812,Rider
812,Visual Studio
812,Visual Studio Code
813,Nano
813,Visual Studio
813,Visual Studio Code
814,Emacs
814,Neovim
815,IntelliJ
816,Visual Studio
816,Visual Studio Code
817,CLion
817,IntelliJ
817,Vim
817,Visual Studio
817,Visual Studio Code
818,Emacs
818,Vim
819,Nano
819,Notepad++
819,Visual Studio
819,Visual Studio Code
820,IntelliJ
820,Visual Studio
820,Visual Studio Code
821,Notepad++
822,Visual Studio
822,Visual Studio Code
823,Visual Studio
823,Visual Studio Code
824,Neovim
824,Rider
824,Visual Studio
824,Visual Studio Code
825,CLion
825,GoLand
825,Rider
825,Visual Studio
825,Visual Studio Code
826,Neovim
827,Visual Studio
827,Visual Studio Code
828,IntelliJ
828,Vim
829,CLion
829,IntelliJ
829,PhpStorm
829,Qt Creator
829,Vim
829,WebStorm
829,Xcode
830,IntelliJ
830,Neovim
830,PhpStorm
830,PyCharm
830,Visual Studio
830,Visual Studio Code
831,Notepad++
831,PyCharm
831,Visual Studio
831,Visual Studio Code
832,Neovim
833,CLion
833,PyCharm
833,Rider
834,Atom
834,CLion
834,IPython
834,IPython/Jupyter
834,IntelliJ
834,PyCharm
834,Visual Studio
834,Visual Studio Code
835,Neovim
835,Vim
836,Android Studio
836,IntelliJ
836,Visual Studio
836,Visual Studio Code
837,Android Studio
837,IPython
837,IPython/Jupyter
837,PyCharm
837,Visual Studio
837,Visual Studio Code
838,IntelliJ
838,Visual Studio
838,Visual Studio Code
839,IPython
839,IPython/Jupyter
839,IntelliJ
840,Visual Studio
840,Visual Studio Code
841,Visual Studio
841,Visual Studio Code
842,Emacs
842,IntelliJ
842,Vim
843,CLion
843,Rider
843,Visual Studio
843,Visual Studio Code
844,IntelliJ
844,Visual Studio
844,Visual Studio Code
845,Visual Studio
845,Visual Studio Code
846,Android Studio
846,Notepad++
846,Visual Studio
846,Visual Studio Code
847,Visual Studio
847,Visual Studio Code
849,Neovim
849,Vim
849,Visual Studio
850,Visual Studio
850,Visual Studio Code
851,Notepad++
851,Visual Studio
851,Visual Studio Code
853,Visual Studio
853,Visual Studio Code
854,Notepad++
854,Visual Studio
854,Visual Studio Code
855,Rider
855,Visual Studio
855,Visual Studio Code
856,Notepad++
856,"RAD Studio (Delphi, C++ Builder)"
857,CLion
857,Visual Studio
857,Visual Studio Code
858,GoLand
858,PyCharm
858,RubyMine
858,Vim
859,Vim
859,Visual Studio
859,Visual Studio Code
860,Neovim
861,Visual Studio
861,Visual Studio Code
862,Neovim
862,Vim
863,Visual Studio
863,Visual Studio Code
864,Neovim
864,Vim
864,Visual Studio
864,Visual Studio Code
865,Visual Studio
866,CLion
866,IPython
866,IPython/Jupyter
866,IntelliJ
866,Nano
866,PyCharm
866,Visual Studio
866,Visual Studio Code
867,IntelliJ
867,Nano
867,Visual Studio
867,Visual Studio Code
868,PyCharm
869,Notepad++
869,Visual Studio
869,Visual Studio Code
870,Android Studio
870,Visual Studio
870,Visual Studio Code
871,IntelliJ
871,Vim
872,Notepad++
872,Visual Studio
872,Visual Studio Code
873,GoLand
873,Vim
874,Sublime Text
874,TextMate
874,Vim
874,Visual Studio
874,Visual Studio Code
874,Xcode
875,Atom
875,Emacs
875,IntelliJ
875,Notepad++
875,Visual Studio
875,Visual Studio Code
876,CLion
876,IPython
876,IPython/Jupyter
876,Neovim
876,PyCharm
876,Visual Studio
876,Visual Studio Code
876,WebStorm
877,CLion
877,Nano
877,Notepad++
877,PyCharm
877,Qt Creator
877,Visual Studio
877,Visual Studio Code
878,Emacs
879,Neovim
879,Notepad++
880,Neovim
881,Neovim
881,Vim
882,Visual Studio
882,Visual Studio Code
883,PhpStorm
884,CLion
884,PyCharm
885,Notepad++
885,Visual Studio
886,Notepad++
886,Vim
886,Visual Studio
886,Visual Studio Code
887,Visual Studio
887,Visual Studio Code
888,Neovim
889,PhpStorm
890,CLion
890,Neovim
890,Visual Studio
890,Visual Studio Code
891,Vim
892,PyCharm
892,Vim
892,Visual Studio
894,IPython
894,IPython/Jupyter
894,Vim
894,Visual Studio
894,Visual Studio Code
895,Sublime Text
895,WebStorm
896,Emacs
897,IntelliJ
897,Visual Studio
897,Visual Studio Code
898,Android Studio
898,IntelliJ
898,Sublime Text
898,Visual Studio
898,Visual Studio Code
899,Notepad++
899,Visual Studio
899,Visual Studio Code
900,Visual Studio
900,Visual Studio Code
902,GoLand
902,Visual Studio
902,Visual Studio Code
903,Vim
904,IPython
904,IPython/Jupyter
904,Vim
904,Visual Studio
904,Visual Studio Code
905,PhpStorm
905,Visual Studio
905,Visual Studio Code
906,Visual Studio
906,Visual Studio Code
907,Notepad++
907,Visual Studio
907,Visual Studio Code
908,Eclipse
908,IntelliJ
908,Notepad++
908,Visual Studio
908,Visual Studio Code
909,IntelliJ
909,Visual Studio
909,Visual Studio Code
910,Visual Studio
910,Visual Studio Code
911,IPython
911,IPython/Jupyter
911,Notepad++
911,Visual Studio
911,Visual Studio Code
912,Visual Studio
912,Visual Studio Code
913,Visual Studio
913,Visual Studio Code
914,Neovim
914,Vim
914,Visual Studio
914,Visual Studio Code
915,Atom
915,RStudio
915,Visual Studio
915,Visual Studio Code
916,Visual Studio
916,Visual Studio Code
917,IntelliJ
918,Neovim
918,Visual Studio
918,Visual Studio Code
919,Vim
919,Visual Studio
919,Visual Studio Code
920,Notepad++
921,Emacs
921,Vim
922,Vim
922,Visual Studio
922,Visual Studio Code
923,Neovim
923,Visual Studio
923,Visual Studio Code
924,Android Studio
924,IntelliJ
924,Visual Studio
924,Visual Studio Code
926,CLion
926,IntelliJ
927,Neovim
927,Visual Studio
927,Visual Studio Code
928,IntelliJ
928,Visual Studio
928,Visual Studio Code
929,Vim
929,Visual Studio
929,Visual Studio Code
930,Neovim
930,Visual Studio
930,Visual Studio Code
931,Sublime Text
931,Vim
932,GoLand
932,IPython
932,IPython/Jupyter
932,IntelliJ
932,PyCharm
932,Vim
932,Visual Studio
932,Visual Studio Code
932,Xcode
933,IPython
933,IPython/Jupyter
933,Nano
933,Neovim
933,Vim
935,Visual Studio
935,Visual Studio Code
935,WebStorm
936,Notepad++
936,Visual Studio
937,Visual Studio
937,Visual Studio Code
938,IntelliJ
938,Vim
938,Visual Studio
938,Visual Studio Code
939,Emacs
939,Vim
940,Visual Studio
940,Visual Studio Code
941,Android Studio
941,Neovim
941,Vim
942,Android Studio
942,IPython
942,IPython/Jupyter
942,PyCharm
942,Visual Studio
942,Visual Studio Code
943,Nano
943,Neovim
943,Vim
943,Visual Studio
943,Visual Studio Code
944,Visual Studio
944,Visual Studio Code
945,PhpStorm
945,Visual Studio
945,Visual Studio Code
946,Visual Studio
946,Visual Studio Code
947,Android Studio
947,IPython
947,IPython/Jupyter
947,IntelliJ
947,Sublime Text
948,Notepad++
948,Visual Studio
948,Visual Studio Code
949,IntelliJ
949,Nano
949,Visual Studio
949,Visual Studio Code
950,IntelliJ
950,Neovim
950,Vim
950,Visual Studio
950,Visual Studio Code
951,Vim
951,Visual Studio
951,Visual Studio Code
952,Notepad++
952,Visual Studio
952,Visual Studio Code
953,Rider
953,Vim
953,Visual Studio
956,Sublime Text
956,Vim
959,CLion
960,Vim
960,Visual Studio
960,Visual Studio Code
961,IPython
961,IPython/Jupyter
961,Neovim
961,PyCharm
962,Sublime Text
963,IntelliJ
964,CLion
964,IntelliJ
964,PhpStorm
964,Rider
965,Visual Studio
966,Android Studio
966,Notepad++
966,Visual Studio
966,Visual Studio Code
967,Neovim
967,Visual Studio
967,Visual Studio Code
968,CLion
968,IntelliJ
968,PyCharm
968,Vim
969,IntelliJ
969,Neovim
970,Visual Studio
970,Visual Studio Code
971,Emacs
971,Nano
972,Visual Studio
972,Visual Studio Code
974,Sublime Text
974,Visual Studio
974,Visual Studio Code
975,Visual Studio
975,Visual Studio Code
976,IntelliJ
977,Nano
977,PyCharm
978,Vim
978,Visual Studio
978,Visual Studio Code
979,IntelliJ
980,GoLand
980,Nano
980,PyCharm
980,Rider
980,Visual Studio
980,Visual Studio Code
980,WebStorm
982,Notepad++
982,Vim
982,Visual Studio
982,Visual Studio Code
982,Xcode
983,Notepad++
983,Visual Studio
983,Visual Studio Code
984,Neovim
984,Vim
984,Visual Studio
985,Emacs
985,IntelliJ
985,Visual Studio
985,Visual Studio Code
986,Emacs
987,Visual Studio
987,Visual Studio Code
988,CLion
988,IPython
988,IPython/Jupyter
988,IntelliJ
988,PyCharm
988,Vim
989,CLion
989,IPython
989,IPython/Jupyter
989,Visual Studio
989,Visual Studio Code
990,Visual Studio
990,Visual Studio Code
991,Neovim
992,Vim
993,Atom
994,Neovim
994,Visual Studio
994,Visual Studio Code
995,Notepad++
995,Rider
995,Visual Studio
995,Visual Studio Code
996,Vim
996,Visual Studio
996,Visual Studio Code
997,Visual Studio
997,Visual Studio Code
999,PyCharm
999,Visual Studio
999,Visual Studio Code
1000,Notepad++
1000,Visual Studio
1000,Visual Studio Code
1001,Neovim
1001,Visual Studio
1001,Visual Studio Code
1002,IntelliJ
1002,NetBeans
1002,Notepad++
1002,PhpStorm
1002,PyCharm
1002,"RAD Studio (Delphi, C++ Builder)"
1002,Visual Studio
1002,Visual Studio Code
1003,IntelliJ
1003,Neovim
1003,Notepad++
1003,Vim
1003,Visual Studio
1003,Visual Studio Code
1004,Neovim
1005,GoLand
1005,IntelliJ
1005,Rider
1006,CLion
1006,Neovim
1006,PyCharm
1007,Android Studio
1007,CLion
1007,IntelliJ
1007,RStudio
1007,Rider
1007,RubyMine
1007,Visual Studio
1007,Visual Studio Code
1007,WebStorm
1007,Xcode
1008,Neovim
1009,IPython
1009,IPython/Jupyter
1009,PyCharm
1009,Vim
1010,IntelliJ
1010,Rider
1012,Emacs
1012,IPython
1012,IPython/Jupyter
1012,IntelliJ
1012,Neovim
1012,PyCharm
1012,Sublime Text
1013,IntelliJ
1014,Android Studio
1014,CLion
1014,GoLand
1014,IPython
1014,IPython/Jupyter
1014,IntelliJ
1014,PyCharm
1014,Sublime Text
1014,Visual Studio
1014,Visual Studio Code
1015,Visual Studio
1015,Visual Studio Code
1016,Vim
1016,Visual Studio
1017,Visual Studio
1017,Visual Studio Code
1018,Vim
1019,GoLand
1019,IPython
1019,IPython/Jupyter
1019,IntelliJ
1019,PyCharm
1019,Vim
1019,Visual Studio
1019,Visual Studio Code
1020,Vim
1020,Visual Studio
1020,Visual Studio Code
1021,Sublime Text
1021,Vim
1021,Visual Studio
1021,Visual Studio Code
1021,Xcode
1022,IntelliJ
1022,Visual Studio
1022,Visual Studio Code
1023,IPython
1023,IPython/Jupyter
1023,Visual Studio
1023,Visual Studio Code
1024,Neovim
1024,Visual Studio
1024,Visual Studio Code
1025,Emacs
1026,Android Studio
1026,IPython
1026,IPython/Jupyter
1026,Visual Studio
1026,Visual Studio Code
1027,CLion
1027,Eclipse
1027,PyCharm
1027,Vim
1028,IntelliJ
1029,Nano
1029,PyCharm
1029,Visual Studio
1029,Visual Studio Code
1030,IntelliJ
1031,IPython
1031,IPython/Jupyter
1031,Vim
1031,Visual Studio
1031,Visual Studio Code
1032,Visual Studio
1032,Visual Studio Code
1033,IntelliJ
1033,PyCharm
1033,Visual Studio
1034,IntelliJ
1034,Visual Studio
1034,Visual Studio Code
1035,Vim
1035,Visual Studio
1035,Visual Studio Code
1036,Android Studio
1036,IntelliJ
1036,Notepad++
1037,CLion
1037,IntelliJ
1037,Visual Studio
1037,Visual Studio Code
1038,Atom
1038,Notepad++
1038,Visual Studio
1038,Visual Studio Code
1039,CLion
1039,IPython
1039,IPython/Jupyter
1039,IntelliJ
1039,Nano
1039,Neovim
1039,PyCharm
1039,RStudio
1039,Spyder
1039,Sublime Text
1039,Vim
1039,Visual Studio
1039,Visual Studio Code
1040,Vim
1040,Visual Studio
1040,Visual Studio Code
1041,Notepad++
1041,Visual Studio
1041,Visual Studio Code
1042,PyCharm
1042,Visual Studio
1042,Visual Studio Code
1043,Vim
1043,Visual Studio
1043,Visual Studio Code
1044,IntelliJ
1044,Visual Studio
1044,Visual Studio Code
1045,Android Studio
1045,IntelliJ
1046,Xcode
1047,CLion
1047,IntelliJ
1048,Visual Studio
1048,Visual Studio Code
1049,CLion
1049,GoLand
1049,Visual Studio
1049,Visual Studio Code
1050,Vim
1050,Visual Studio
1050,Visual Studio Code
1051,Emacs
1051,Neovim
1052,Neovim
1052,Visual Studio
1052,Visual Studio Code
1053,Nano
1053,Visual Studio
1053,Visual Studio Code
1054,CLion
1054,PyCharm
1055,CLion
1055,Emacs
1055,IPython
1055,IPython/Jupyter
1055,IntelliJ
1055,Rider
1055,Visual Studio
1055,Visual Studio Code
1056,Eclipse
1056,IntelliJ
1056,Vim
1056,Visual Studio
1056,Visual Studio Code
1057,GoLand
1057,IPython
1057,IPython/Jupyter
1057,IntelliJ
1057,Nano
1057,PyCharm
1057,Rider
1057,Visual Studio
1057,Visual Studio Code
1058,CLion
1058,IPython
1058,IPython/Jupyter
1058,IntelliJ
1058,PyCharm
1058,Vim
1058,Visual Studio
1058,Visual Studio Code
1058,Xcode
1059,Visual Studio
1059,Visual Studio Code
1060,CLion
1060,GoLand
1060,Nano
1060,PhpStorm
1060,PyCharm
1060,WebStorm
1061,IntelliJ
1062,IPython
1062,IPython/Jupyter
1062,PyCharm
1062,Sublime Text
1062,Vim
1063,Visual Studio
1063,Visual Studio Code
1064,Android Studio
1064,Visual Studio
1064,Visual Studio Code
1065,Visual Studio
1065,Visual Studio Code
1067,Visual Studio
1067,Visual Studio Code
1068,Visual Studio
1068,Visual Studio Code
1069,Neovim
1069,Vim
1070,Emacs
1070,Neovim
1070,Vim
1071,Neovim
1072,IntelliJ
1072,Visual Studio
1072,Visual Studio Code
1073,Emacs
1073,Sublime Text
1073,Visual Studio
1073,Visual Studio Code
1074,Visual Studio
1074,Visual Studio Code
1075,Android Studio
1075,Visual Studio
1075,Visual Studio Code
1077,Notepad++
1078,IntelliJ
1078,Notepad++
1078,Qt Creator
1079,Emacs
1080,Atom
1080,Visual Studio
1080,Visual Studio Code
1081,Visual Studio
1081,Visual Studio Code
1082,IntelliJ
1082,Visual Studio
1082,Visual Studio Code
1083,IPython
1083,IPython/Jupyter
1083,Visual Studio
1083,Visual Studio Code
1084,Neovim
1084,Rider
1084,Visual Studio
1084,Visual Studio Code
1086,Visual Studio
1086,Visual Studio Code
1087,Neovim
1087,Visual Studio
1087,Visual Studio Code
1088,PhpStorm
1088,Sublime Text
1089,Visual Studio
1089,Visual Studio Code
1090,Visual Studio
1090,Visual Studio Code
1091,IPython
1091,IPython/Jupyter
1091,Vim
1091,Visual Studio
1091,Visual Studio Code
1092,Neovim
1092,Visual Studio
1092,Visual Studio Code
1093,Visual Studio
1093,Visual Studio Code
1094,Neovim
1094,Vim
