ResponseId,WebframeWantToWorkWith
2,Angular
2,Angular.js
3,ASP.NET
3,ASP.NET CORE
4,ASP.NET
4,ASP.NET CORE
4,Angular
4,Blazor
4,Node.js
6,Django
6,Flask
6,Gatsby
6,Next.js
6,Node.js
6,React
6,React.js
6,Svelte
6,Vue.js
6,jQuery
7,Angular
7,Angular.js
7,Next.js
7,Vue.js
10,ASP.NET
10,ASP.NET CORE
10,Blazor
11,ASP.NET
11,ASP.NET CORE
11,Node.js
11,Nuxt.js
11,React
11,React.js
11,Vue.js
12,React
12,React.js
13,Phoenix
13,React
13,React.js
13,Ruby on Rails
13,Svelte
14,Django
14,FastAPI
14,React
14,React.js
14,Vue.js
15,Express
15,Node.js
15,Vue.js
16,Angular
16,Next.js
16,Node.js
16,Nuxt.js
16,React
16,React.js
16,Symfony
16,Vue.js
20,Node.js
21,FastAPI
21,Next.js
21,Nuxt.js
21,Vue.js
22,ASP.NET
22,ASP.NET CORE
25,Express
25,Node.js
26,React
26,React.js
26,jQuery
27,React
27,React.js
29,Blazor
31,ASP.NET
31,ASP.NET CORE
31,Angular
31,Blazor
31,Vue.js
34,Django
36,Django
36,FastAPI
36,React
36,React.js
37,Node.js
37,Nuxt.js
37,Ruby on Rails
37,Vue.js
37,jQuery
38,Flask
38,Ruby on Rails
39,Vue.js
42,ASP.NET
42,ASP.NET CORE
42,Angular
42,Angular.js
42,Blazor
42,Django
42,Node.js
42,React
42,React.js
42,Ruby on Rails
45,Node.js
45,React
45,React.js
45,Vue.js
49,ASP.NET
49,ASP.NET CORE
49,Angular
51,Next.js
51,Node.js
51,Nuxt.js
51,React
51,React.js
51,Svelte
51,Vue.js
54,ASP.NET
54,ASP.NET CORE
54,Vue.js
55,Node.js
55,React
55,React.js
55,Vue.js
55,jQuery
57,ASP.NET
57,ASP.NET CORE
57,Angular
57,Node.js
57,jQuery
58,Deno
60,FastAPI
60,Node.js
60,React
60,React.js
60,Vue.js
63,Node.js
63,Svelte
63,Vue.js
64,ASP.NET
64,ASP.NET CORE
64,Blazor
64,Nuxt.js
64,Vue.js
67,ASP.NET
67,ASP.NET CORE
67,Next.js
67,Node.js
67,React
67,React.js
68,Laravel
69,Angular
69,Angular.js
69,React
69,React.js
69,Vue.js
71,Django
73,Flask
73,Node.js
73,Vue.js
73,jQuery
74,Nuxt.js
74,React
74,React.js
74,Svelte
74,Vue.js
75,Vue.js
76,ASP.NET
76,ASP.NET CORE
76,jQuery
78,Vue.js
81,Express
81,Node.js
81,React
81,React.js
83,ASP.NET
83,ASP.NET CORE
83,Express
83,Next.js
83,Node.js
83,React
83,React.js
84,Blazor
87,ASP.NET
87,ASP.NET CORE
87,Angular
87,Node.js
87,React
87,React.js
88,Angular
88,Ruby on Rails
92,Flask
93,Next.js
93,React
93,React.js
96,Express
96,Fastify
96,Next.js
96,Node.js
96,React
96,React.js
97,ASP.NET
97,ASP.NET CORE
97,Node.js
97,jQuery
101,Next.js
101,Nuxt.js
101,React
101,React.js
101,Vue.js
102,ASP.NET
102,ASP.NET CORE
103,Express
103,Node.js
103,Vue.js
104,ASP.NET
104,ASP.NET CORE
104,Angular
104,Django
104,Express
104,Node.js
104,React
104,React.js
106,Express
106,Fastify
106,Next.js
106,Node.js
106,React
106,React.js
110,Node.js
111,ASP.NET
111,ASP.NET CORE
111,Angular
111,Angular.js
111,Blazor
111,Node.js
111,React
111,React.js
112,FastAPI
112,Flask
113,Drupal
113,Laravel
113,Node.js
113,React
113,React.js
113,Symfony
113,jQuery
114,Angular
114,Angular.js
114,Django
114,Gatsby
114,Next.js
114,React
114,React.js
114,Ruby on Rails
114,Svelte
114,Vue.js
116,React
116,React.js
118,Express
118,Next.js
118,Node.js
118,React
118,React.js
118,jQuery
120,Node.js
120,React
120,React.js
120,Vue.js
121,FastAPI
122,Angular
122,Express
122,Node.js
122,Svelte
123,ASP.NET
124,Express
124,Node.js
124,React
124,React.js
127,ASP.NET
127,ASP.NET CORE
127,Angular
127,Blazor
127,Laravel
127,Next.js
127,React
127,React.js
127,Vue.js
132,ASP.NET
132,Express
132,Next.js
132,Node.js
132,Nuxt.js
132,React
132,React.js
132,Svelte
132,Vue.js
133,Vue.js
133,jQuery
134,Next.js
134,Node.js
134,React
134,React.js
139,ASP.NET
139,ASP.NET CORE
139,Django
139,Symfony
140,React
140,React.js
140,Vue.js
141,React
141,React.js
141,Vue.js
142,Django
142,FastAPI
142,React
142,React.js
144,React
144,React.js
147,Vue.js
148,Angular
148,Angular.js
148,Node.js
149,ASP.NET
149,ASP.NET CORE
149,Blazor
150,Django
151,Angular
151,Express
151,Flask
151,Next.js
151,Node.js
151,React
151,React.js
152,ASP.NET
152,ASP.NET CORE
152,Django
152,Express
152,Laravel
152,Next.js
152,Node.js
152,React
152,React.js
153,Flask
153,Next.js
153,Node.js
153,React
153,React.js
154,Node.js
154,Vue.js
154,jQuery
156,React
156,React.js
157,Angular
157,Angular.js
157,Gatsby
157,Node.js
157,React
157,React.js
157,Svelte
157,Vue.js
158,React
158,React.js
159,Node.js
159,React
159,React.js
159,Vue.js
160,ASP.NET
160,ASP.NET CORE
164,ASP.NET
164,ASP.NET CORE
165,Vue.js
166,Next.js
168,ASP.NET
168,Django
168,Flask
168,Node.js
168,Nuxt.js
168,Svelte
168,Vue.js
170,Django
170,FastAPI
174,FastAPI
174,Flask
174,Node.js
174,React
174,React.js
174,jQuery
177,Node.js
179,Phoenix
179,Ruby on Rails
179,Vue.js
180,ASP.NET
180,ASP.NET CORE
180,Blazor
182,Express
182,Flask
182,Node.js
182,React
182,React.js
184,Next.js
184,Node.js
184,Nuxt.js
184,React
184,React.js
184,Vue.js
185,Node.js
188,Angular
188,Laravel
188,Node.js
188,jQuery
191,ASP.NET
191,ASP.NET CORE
191,Angular
191,Blazor
191,Svelte
191,Vue.js
192,React
192,React.js
193,ASP.NET
193,ASP.NET CORE
194,Angular
194,Node.js
196,Django
196,FastAPI
196,Next.js
196,Nuxt.js
196,Phoenix
196,Svelte
201,Angular
201,Gatsby
201,Next.js
201,Node.js
201,React
201,React.js
201,Svelte
201,Vue.js
202,Django
202,React
202,React.js
203,FastAPI
203,Flask
205,ASP.NET
205,ASP.NET CORE
205,Blazor
206,Vue.js
207,ASP.NET
207,ASP.NET CORE
207,React
207,React.js
208,Ruby on Rails
209,Express
209,Node.js
209,React
209,React.js
209,Vue.js
210,Next.js
210,Svelte
212,Angular
212,Angular.js
212,Django
212,Flask
212,Next.js
212,Node.js
212,React
212,React.js
212,Ruby on Rails
212,Svelte
212,Vue.js
214,Django
214,FastAPI
214,Flask
214,Node.js
214,React
214,React.js
216,Flask
216,Nuxt.js
216,Vue.js
218,ASP.NET
218,ASP.NET CORE
219,Vue.js
220,React
220,React.js
222,ASP.NET
222,ASP.NET CORE
223,Express
223,Node.js
223,React
223,React.js
223,Vue.js
228,Node.js
228,Vue.js
231,Django
231,React
231,React.js
233,ASP.NET
233,ASP.NET CORE
233,Express
233,Gatsby
233,Next.js
233,Node.js
233,React
233,React.js
233,Vue.js
236,ASP.NET
236,ASP.NET CORE
236,Vue.js
237,FastAPI
237,Flask
239,FastAPI
239,Flask
242,ASP.NET
242,ASP.NET CORE
242,Angular
242,React
242,React.js
244,Angular
244,Angular.js
244,Django
244,FastAPI
244,Next.js
244,Node.js
244,React
244,React.js
244,Svelte
244,Vue.js
244,jQuery
246,Express
247,ASP.NET
247,ASP.NET CORE
247,Angular
247,Blazor
247,Node.js
247,React
247,React.js
250,Django
250,Laravel
250,Svelte
250,Vue.js
253,ASP.NET
253,ASP.NET CORE
253,Angular
256,Django
256,FastAPI
257,Angular
257,Django
257,FastAPI
257,Laravel
257,Node.js
258,FastAPI
260,ASP.NET
260,ASP.NET CORE
260,Angular
260,Blazor
260,React
260,React.js
260,Svelte
261,ASP.NET
261,ASP.NET CORE
261,Blazor
261,jQuery
267,Django
267,jQuery
268,Django
268,Express
268,Node.js
268,React
268,React.js
269,ASP.NET
269,ASP.NET CORE
269,Node.js
269,Svelte
274,Ruby on Rails
275,Node.js
275,React
275,React.js
277,Django
277,FastAPI
278,ASP.NET
278,ASP.NET CORE
278,Node.js
278,React
278,React.js
279,ASP.NET
279,ASP.NET CORE
279,Next.js
279,React
279,React.js
279,Vue.js
281,ASP.NET
281,Angular
281,React
281,React.js
281,Svelte
281,Vue.js
283,React
283,React.js
283,Ruby on Rails
284,jQuery
285,ASP.NET
285,ASP.NET CORE
285,Blazor
285,Node.js
285,React
285,React.js
285,Vue.js
286,React
286,React.js
287,Next.js
287,React
287,React.js
290,ASP.NET
290,ASP.NET CORE
290,Angular
290,React
290,React.js
290,Vue.js
291,Angular
291,Next.js
291,Nuxt.js
291,React
291,React.js
291,Ruby on Rails
291,Svelte
291,Vue.js
292,FastAPI
292,Flask
293,Node.js
293,Vue.js
293,jQuery
295,Phoenix
297,Node.js
299,ASP.NET
299,ASP.NET CORE
300,Django
300,Flask
302,Express
302,Next.js
302,Node.js
302,React
302,React.js
304,Laravel
304,Symfony
304,jQuery
305,ASP.NET
305,ASP.NET CORE
305,Angular
305,Blazor
305,Express
305,Gatsby
305,Next.js
305,Node.js
305,React
305,React.js
306,Flask
306,Next.js
306,React
306,React.js
306,Vue.js
308,Django
308,FastAPI
308,Next.js
308,Nuxt.js
308,React
308,React.js
308,Vue.js
309,ASP.NET
309,ASP.NET CORE
309,Blazor
309,Node.js
309,React
309,React.js
309,Ruby on Rails
311,ASP.NET
311,ASP.NET CORE
311,Blazor
311,React
311,React.js
311,Vue.js
312,Deno
312,Svelte
313,ASP.NET
313,ASP.NET CORE
313,Angular
314,React
314,React.js
316,React
316,React.js
317,ASP.NET
317,ASP.NET CORE
317,Blazor
318,Node.js
321,Express
321,Node.js
321,Vue.js
325,Angular
325,React
325,React.js
330,React
330,React.js
332,Node.js
332,Vue.js
338,Laravel
338,Node.js
338,React
338,React.js
338,Vue.js
339,Express
339,Node.js
339,Nuxt.js
342,Node.js
342,Svelte
342,Vue.js
346,Next.js
346,React
346,React.js
347,Django
347,Flask
347,Node.js
347,Ruby on Rails
347,Vue.js
348,Blazor
348,Nuxt.js
348,Vue.js
350,Deno
350,Phoenix
352,Angular
352,Express
352,Next.js
352,Node.js
352,Nuxt.js
352,React
352,React.js
352,Vue.js
353,Next.js
353,Node.js
353,React
353,React.js
353,Svelte
354,Deno
354,Next.js
357,Angular
357,Symfony
358,Node.js
360,Express
360,Node.js
361,Flask
361,Svelte
364,ASP.NET
364,ASP.NET CORE
365,ASP.NET
365,ASP.NET CORE
365,Blazor
368,Flask
369,FastAPI
369,React
369,React.js
369,Svelte
370,Flask
370,jQuery
373,ASP.NET
373,ASP.NET CORE
373,Blazor
373,React
373,React.js
373,Vue.js
374,Phoenix
378,Svelte
382,Node.js
383,React
383,React.js
383,Vue.js
385,Django
385,Svelte
385,Vue.js
386,Phoenix
386,Vue.js
387,Node.js
387,Vue.js
388,React
388,React.js
388,Symfony
390,FastAPI
390,Next.js
390,Vue.js
391,ASP.NET
391,ASP.NET CORE
391,Node.js
391,React
391,React.js
392,Node.js
392,Vue.js
393,ASP.NET
393,ASP.NET CORE
393,Vue.js
395,Angular
395,FastAPI
396,Django
396,Express
396,Next.js
396,Node.js
396,Nuxt.js
396,React
396,React.js
396,Svelte
396,Vue.js
397,ASP.NET
397,ASP.NET CORE
397,Angular
397,Node.js
398,ASP.NET
398,ASP.NET CORE
402,Blazor
402,Express
402,FastAPI
402,Next.js
402,Node.js
402,React
402,React.js
402,Vue.js
403,Next.js
403,Node.js
403,React
403,React.js
404,Flask
405,Deno
406,Deno
406,Svelte
407,ASP.NET
407,Node.js
407,jQuery
411,React
411,React.js
413,Next.js
413,React
413,React.js
416,Deno
416,Django
416,Express
416,Flask
416,Node.js
416,Svelte
419,React
419,React.js
421,Django
421,Express
421,Node.js
421,React
421,React.js
421,Ruby on Rails
422,Django
423,Ruby on Rails
426,Deno
427,Svelte
428,Django
428,Express
428,Flask
428,Node.js
428,Nuxt.js
428,React
428,React.js
428,Ruby on Rails
428,Vue.js
429,ASP.NET
429,ASP.NET CORE
429,Deno
429,Express
429,Laravel
429,Next.js
429,Node.js
429,React
429,React.js
430,Vue.js
432,Node.js
432,React
432,React.js
436,Next.js
436,Node.js
436,React
436,React.js
438,React
438,React.js
439,ASP.NET
439,ASP.NET CORE
439,Blazor
442,Flask
442,Next.js
442,React
442,React.js
442,Svelte
442,Vue.js
443,Django
443,React
443,React.js
444,React
444,React.js
445,Angular
445,jQuery
446,Flask
447,Express
447,Node.js
447,React
447,React.js
448,Angular
448,Django
448,Flask
448,React
448,React.js
449,ASP.NET
449,ASP.NET CORE
449,FastAPI
449,Vue.js
453,jQuery
454,Django
454,Express
454,FastAPI
454,Next.js
454,Node.js
454,React
454,React.js
455,Deno
455,Ruby on Rails
456,ASP.NET
456,ASP.NET CORE
456,Blazor
456,Vue.js
457,Deno
457,Express
457,Node.js
460,React
460,React.js
460,Svelte
461,Express
461,Next.js
461,Node.js
461,React
461,React.js
461,Svelte
462,Svelte
464,ASP.NET
464,ASP.NET CORE
464,FastAPI
464,Vue.js
465,Flask
465,Node.js
467,React
467,React.js
468,ASP.NET
468,ASP.NET CORE
468,Angular
468,Express
468,Node.js
468,React
468,React.js
470,Django
470,Flask
474,Node.js
474,React
474,React.js
474,Svelte
476,Angular
476,Deno
476,Express
476,Flask
476,Next.js
476,Node.js
476,Nuxt.js
476,React
476,React.js
476,Svelte
476,Vue.js
479,ASP.NET
479,ASP.NET CORE
479,jQuery
481,Deno
481,Express
481,Flask
481,Next.js
481,React
481,React.js
481,Svelte
481,Vue.js
482,Blazor
482,Svelte
484,ASP.NET
484,ASP.NET CORE
484,Angular
484,Angular.js
484,Node.js
485,ASP.NET
485,ASP.NET CORE
486,Next.js
486,React
486,React.js
486,Ruby on Rails
487,React
487,React.js
488,Phoenix
489,Django
489,Flask
490,Svelte
491,Symfony
492,Express
492,Node.js
493,ASP.NET
493,ASP.NET CORE
493,Laravel
495,ASP.NET
495,ASP.NET CORE
496,Express
496,Next.js
496,Node.js
496,React
496,React.js
500,ASP.NET
500,ASP.NET CORE
500,React
500,React.js
503,Angular
503,Django
503,React
503,React.js
505,Angular
505,Django
505,Flask
505,Laravel
505,Node.js
506,React
506,React.js
506,Symfony
506,Vue.js
507,Next.js
507,Node.js
507,React
507,React.js
507,Vue.js
510,ASP.NET
510,ASP.NET CORE
510,Blazor
511,Express
511,Next.js
511,Node.js
511,Nuxt.js
511,React
511,React.js
511,Vue.js
512,React
512,React.js
514,Django
514,FastAPI
514,Flask
514,Node.js
514,Vue.js
515,Gatsby
515,React
515,React.js
515,jQuery
519,Laravel
519,Next.js
519,React
519,React.js
522,Svelte
522,Vue.js
523,Node.js
523,React
523,React.js
523,Svelte
526,Angular
526,Angular.js
526,React
526,React.js
526,Vue.js
527,React
527,React.js
528,Vue.js
529,Node.js
529,Svelte
529,Vue.js
531,ASP.NET
531,ASP.NET CORE
531,Blazor
531,Deno
533,React
533,React.js
533,Ruby on Rails
536,Phoenix
537,React
537,React.js
538,ASP.NET
538,ASP.NET CORE
538,Blazor
538,Deno
538,Vue.js
541,Express
541,Node.js
541,React
541,React.js
545,ASP.NET
545,ASP.NET CORE
545,Django
547,ASP.NET
547,ASP.NET CORE
549,ASP.NET
549,ASP.NET CORE
551,Deno
551,Fastify
551,Node.js
552,Angular
552,Django
552,Express
552,Flask
552,Node.js
553,FastAPI
554,Node.js
554,React
554,React.js
556,Node.js
556,React
556,React.js
558,ASP.NET
558,ASP.NET CORE
558,Blazor
562,Flask
562,Node.js
562,React
562,React.js
563,Deno
563,React
563,React.js
564,Angular
564,Node.js
564,jQuery
565,ASP.NET
565,ASP.NET CORE
565,Blazor
565,Deno
565,Express
565,Node.js
565,React
565,React.js
565,Ruby on Rails
565,jQuery
566,Deno
573,Deno
573,Fastify
573,Next.js
573,Node.js
573,React
573,React.js
574,Express
574,Node.js
574,Vue.js
576,ASP.NET
576,Node.js
579,jQuery
580,ASP.NET
583,Flask
583,Laravel
584,ASP.NET
584,ASP.NET CORE
584,Phoenix
584,Svelte
584,Vue.js
586,React
586,React.js
586,jQuery
587,Phoenix
589,ASP.NET
589,ASP.NET CORE
589,Blazor
589,Svelte
589,Vue.js
590,Node.js
590,React
590,React.js
592,Svelte
593,Deno
593,Next.js
593,Node.js
593,React
593,React.js
594,ASP.NET
594,ASP.NET CORE
596,Node.js
597,Node.js
597,React
597,React.js
597,Svelte
598,Next.js
598,Node.js
598,React
598,React.js
599,Node.js
599,React
599,React.js
599,jQuery
601,Fastify
601,Node.js
601,Svelte
602,Laravel
602,Phoenix
603,FastAPI
603,Flask
605,Deno
605,Express
605,Next.js
605,Node.js
605,React
605,React.js
607,Next.js
607,Node.js
607,React
607,React.js
608,Vue.js
612,Vue.js
613,Next.js
613,React
613,React.js
614,Vue.js
617,ASP.NET
617,ASP.NET CORE
617,Blazor
617,Vue.js
618,ASP.NET
618,ASP.NET CORE
618,Blazor
618,React
618,React.js
618,Vue.js
618,jQuery
619,React
619,React.js
620,React
620,React.js
621,ASP.NET
621,ASP.NET CORE
621,Angular
621,Blazor
622,Node.js
622,React
622,React.js
623,ASP.NET
623,ASP.NET CORE
623,Angular
623,Next.js
624,Phoenix
626,Vue.js
628,React
628,React.js
630,Flask
634,ASP.NET
634,ASP.NET CORE
634,Express
634,Node.js
635,Flask
636,Django
636,FastAPI
636,Next.js
636,React
636,React.js
636,Svelte
636,Vue.js
640,Laravel
642,FastAPI
644,Next.js
644,Node.js
644,Nuxt.js
644,React
644,React.js
644,Vue.js
645,Express
645,Node.js
645,React
645,React.js
645,Vue.js
645,jQuery
646,Express
646,Svelte
649,Angular
649,Deno
649,Express
649,Svelte
649,Vue.js
652,Next.js
652,Node.js
652,React
652,React.js
652,Svelte
656,Nuxt.js
656,Vue.js
657,Deno
657,React
657,React.js
659,Django
660,React
660,React.js
660,Ruby on Rails
660,Svelte
660,Vue.js
662,React
662,React.js
663,ASP.NET
663,ASP.NET CORE
663,Vue.js
663,jQuery
665,ASP.NET
665,ASP.NET CORE
665,Angular
665,Node.js
665,Phoenix
665,React
665,React.js
666,ASP.NET
666,ASP.NET CORE
666,Next.js
667,ASP.NET
667,ASP.NET CORE
667,Blazor
672,Svelte
674,Node.js
674,React
674,React.js
675,Ruby on Rails
678,ASP.NET
678,ASP.NET CORE
682,Express
682,Laravel
682,Node.js
682,React
682,React.js
682,Vue.js
683,FastAPI
683,Flask
684,Express
684,Next.js
684,React
684,React.js
685,ASP.NET
685,ASP.NET CORE
685,Blazor
685,Deno
685,Nuxt.js
685,Phoenix
685,React
685,React.js
685,Vue.js
686,ASP.NET
686,ASP.NET CORE
688,jQuery
691,Express
691,Node.js
691,React
691,React.js
693,Deno
693,Express
693,Svelte
693,Vue.js
694,Deno
694,Svelte
695,Angular
695,Next.js
695,React
695,React.js
697,Node.js
698,Angular
698,Angular.js
698,Express
698,Node.js
699,Svelte
702,Node.js
702,Vue.js
706,Angular
706,Django
706,Node.js
706,React
706,React.js
707,React
707,React.js
709,Angular
709,Node.js
709,React
709,React.js
712,Deno
712,React
712,React.js
713,ASP.NET
713,ASP.NET CORE
713,Blazor
715,Blazor
716,Next.js
716,React
716,React.js
716,Svelte
716,Vue.js
717,FastAPI
717,Flask
719,ASP.NET
719,ASP.NET CORE
719,Angular
719,Blazor
719,Django
719,Node.js
719,Vue.js
720,Angular
721,Angular
721,Angular.js
721,Node.js
724,Vue.js
726,ASP.NET
726,ASP.NET CORE
726,Phoenix
728,ASP.NET
728,Node.js
728,Vue.js
729,Django
731,Deno
731,Next.js
731,Node.js
731,React
731,React.js
731,Vue.js
733,Deno
733,Express
733,Next.js
733,Node.js
733,React
733,React.js
733,Vue.js
734,FastAPI
736,Node.js
736,React
736,React.js
738,Express
738,Next.js
738,React
738,React.js
738,Vue.js
740,Flask
741,ASP.NET
741,ASP.NET CORE
741,Blazor
741,Deno
741,Next.js
741,Phoenix
741,React
741,React.js
743,Angular
743,Angular.js
743,Fastify
743,Next.js
743,Nuxt.js
743,Svelte
743,Vue.js
747,React
747,React.js
748,Svelte
749,ASP.NET
749,ASP.NET CORE
755,Node.js
755,Svelte
756,Ruby on Rails
758,React
758,React.js
759,Deno
760,ASP.NET
760,ASP.NET CORE
760,Blazor
762,Phoenix
763,Django
763,Flask
763,Vue.js
763,jQuery
767,Next.js
767,React
767,React.js
769,ASP.NET
769,ASP.NET CORE
769,Nuxt.js
770,Phoenix
770,Vue.js
771,Node.js
771,React
771,React.js
772,Fastify
772,Next.js
772,Node.js
772,React
772,React.js
773,Deno
773,Express
773,Next.js
773,Node.js
773,Nuxt.js
773,Phoenix
773,Vue.js
774,Svelte
775,Next.js
775,Node.js
775,React
775,React.js
776,Node.js
776,React
776,React.js
777,Node.js
777,Vue.js
779,React
779,React.js
784,ASP.NET
784,ASP.NET CORE
784,Blazor
785,React
785,React.js
788,Laravel
788,Node.js
788,Symfony
790,ASP.NET
790,Vue.js
793,React
793,React.js
796,Svelte
799,React
799,React.js
802,Svelte
803,Django
803,FastAPI
803,Flask
803,React
803,React.js
806,Django
807,Next.js
807,React
807,React.js
808,React
808,React.js
809,Django
809,Symfony
811,ASP.NET
811,ASP.NET CORE
811,Blazor
814,Fastify
814,Node.js
814,Ruby on Rails
814,Vue.js
816,Express
816,Next.js
816,Node.js
816,Nuxt.js
816,Vue.js
818,Next.js
818,React
818,React.js
819,React
819,React.js
823,Deno
824,ASP.NET
824,Node.js
824,Vue.js
825,ASP.NET
825,ASP.NET CORE
825,Blazor
825,Flask
826,Next.js
827,Deno
828,React
828,React.js
828,Symfony
829,Angular
829,Laravel
829,Symfony
830,Flask
830,React
830,React.js
830,Vue.js
831,FastAPI
831,Node.js
831,Svelte
833,Svelte
834,FastAPI
835,Angular
835,Angular.js
835,Vue.js
836,Flask
836,Node.js
837,Django
837,Flask
837,Node.js
837,React
837,React.js
839,Flask
841,Node.js
841,React
841,React.js
842,Flask
842,Node.js
842,Phoenix
842,Vue.js
843,ASP.NET
843,ASP.NET CORE
843,Blazor
844,Next.js
844,React
844,React.js
845,ASP.NET
845,ASP.NET CORE
845,Django
845,Svelte
846,ASP.NET
846,jQuery
847,Django
847,React
847,React.js
847,Vue.js
850,Node.js
850,Vue.js
850,jQuery
851,Blazor
852,ASP.NET
852,ASP.NET CORE
853,Vue.js
854,ASP.NET
854,ASP.NET CORE
854,Blazor
854,Vue.js
855,ASP.NET
855,ASP.NET CORE
855,React
855,React.js
857,FastAPI
857,React
857,React.js
858,Node.js
860,FastAPI
860,Flask
860,Next.js
860,Node.js
860,React
860,React.js
862,Deno
862,Express
862,Next.js
862,Node.js
862,React
862,React.js
862,Vue.js
865,Node.js
865,React
865,React.js
867,Express
867,Node.js
867,Svelte
870,Angular
870,Angular.js
870,Django
870,Express
870,Node.js
870,Vue.js
870,jQuery
874,Deno
875,ASP.NET
875,ASP.NET CORE
875,Express
875,Next.js
875,Node.js
875,React
875,React.js
875,Vue.js
876,FastAPI
876,Node.js
876,Svelte
877,ASP.NET
877,ASP.NET CORE
879,Phoenix
879,React
879,React.js
883,Laravel
883,Symfony
883,Vue.js
884,Deno
884,Svelte
887,Node.js
887,React
887,React.js
888,Nuxt.js
888,Vue.js
889,React
889,React.js
890,Deno
890,React
890,React.js
894,Deno
894,React
894,React.js
895,Node.js
895,React
895,React.js
895,Svelte
896,Django
896,React
896,React.js
899,jQuery
900,Deno
901,Next.js
902,Next.js
902,React
902,React.js
905,Symfony
908,React
908,React.js
910,Deno
910,Svelte
911,Flask
911,Node.js
911,React
911,React.js
913,Express
913,Next.js
913,Node.js
913,React
913,React.js
913,Svelte
914,Svelte
915,Express
915,FastAPI
915,Flask
915,React
915,React.js
916,Blazor
916,Deno
916,Next.js
916,Svelte
919,Deno
919,Next.js
919,Svelte
923,FastAPI
924,Express
924,Node.js
925,Next.js
925,React
925,React.js
929,Flask
930,Next.js
930,Svelte
933,Django
933,Flask
933,React
933,React.js
935,Express
935,Next.js
935,Node.js
935,React
935,React.js
936,ASP.NET
936,ASP.NET CORE
936,jQuery
939,Node.js
939,React
939,React.js
941,Deno
941,FastAPI
941,Flask
945,jQuery
946,ASP.NET
946,ASP.NET CORE
946,Blazor
946,Node.js
946,React
946,React.js
946,Vue.js
948,ASP.NET
948,ASP.NET CORE
948,Angular
948,Blazor
948,React
948,React.js
948,Vue.js
949,Deno
949,Express
949,Next.js
949,Node.js
949,React
949,React.js
949,Svelte
949,Vue.js
950,FastAPI
950,Next.js
950,Node.js
950,Nuxt.js
950,Phoenix
950,React
950,React.js
950,Ruby on Rails
950,Svelte
950,Vue.js
951,Svelte
953,ASP.NET
953,ASP.NET CORE
954,Vue.js
956,Ruby on Rails
965,ASP.NET
965,Deno
965,Node.js
966,Express
966,Node.js
966,React
966,React.js
967,Deno
967,Phoenix
967,React
967,React.js
967,Vue.js
968,Flask
969,Phoenix
970,ASP.NET
970,ASP.NET CORE
971,FastAPI
971,Svelte
972,Express
972,Node.js
972,React
972,React.js
975,Node.js
975,React
975,React.js
975,Vue.js
977,Flask
977,Node.js
977,React
977,React.js
979,React
979,React.js
980,ASP.NET
980,ASP.NET CORE
980,Blazor
980,Django
981,Django
983,Blazor
984,ASP.NET
984,ASP.NET CORE
984,Angular
986,ASP.NET
986,Blazor
986,Django
986,Vue.js
987,Express
987,Node.js
987,React
987,React.js
989,FastAPI
990,ASP.NET
990,ASP.NET CORE
990,Blazor
992,FastAPI
993,Fastify
993,Node.js
993,Vue.js
994,React
994,React.js
995,ASP.NET
995,ASP.NET CORE
995,Blazor
995,Vue.js
996,Next.js
996,Phoenix
997,ASP.NET
997,ASP.NET CORE
1000,ASP.NET
1000,ASP.NET CORE
1002,jQuery
1003,Svelte
1007,Blazor
1007,Django
1007,Ruby on Rails
1008,FastAPI
1008,Fastify
1008,Node.js
1009,FastAPI
1010,Angular
1012,Flask
1012,React
1012,React.js
1014,Play Framework
1014,React
1014,React.js
1014,Vue.js
1015,ASP.NET
1015,ASP.NET CORE
1015,Blazor
1017,Angular
1017,Angular.js
1017,Node.js
1019,Angular
1019,Django
1019,Express
1019,FastAPI
1019,Flask
1019,Node.js
1019,Play Framework
1019,Vue.js
1020,Node.js
1021,ASP.NET
1021,ASP.NET CORE
1021,Angular
1021,Blazor
1021,Node.js
1021,React
1021,React.js
1022,React
1022,React.js
1023,Flask
1023,jQuery
1025,Next.js
1025,Node.js
1025,React
1025,React.js
1026,Deno
1026,Django
1026,Express
1026,FastAPI
1026,Next.js
1026,Node.js
1026,React
1026,React.js
1026,Svelte
1027,Flask
1030,Flask
1034,Next.js
1034,Node.js
1034,React
1034,React.js
1035,FastAPI
1036,Deno
1036,Nuxt.js
1036,Vue.js
1037,Deno
1037,React
1037,React.js
1037,Svelte
1038,ASP.NET
1038,ASP.NET CORE
1038,Svelte
1039,Flask
1039,Ruby on Rails
1040,Flask
1040,React
1040,React.js
1040,Svelte
1040,Vue.js
1041,ASP.NET
1041,ASP.NET CORE
1041,Blazor
1041,React
1041,React.js
1043,Express
1043,Fastify
1043,Node.js
1043,React
1043,React.js
1043,Svelte
1044,Vue.js
1048,React
1048,React.js
1048,Symfony
1048,jQuery
1050,Ruby on Rails
1051,Phoenix
1053,Express
1055,ASP.NET
1055,ASP.NET CORE
1055,Blazor
1055,React
1055,React.js
1055,Vue.js
1057,Angular
1057,FastAPI
1057,React
1057,React.js
1057,Vue.js
1058,Django
1059,Deno
1059,Express
1059,FastAPI
1059,Next.js
1059,Node.js
1059,Svelte
1059,Vue.js
1060,FastAPI
1062,FastAPI
1063,Deno
1063,Next.js
1063,React
1063,React.js
1063,Svelte
1063,Vue.js
1064,Fastify
1064,Next.js
1064,Node.js
1064,React
1064,React.js
1067,Express
1067,Next.js
1067,Node.js
1067,React
1067,React.js
1071,Angular
1071,Angular.js
1071,Express
1071,Next.js
1071,Node.js
1071,React
1071,React.js
1071,Ruby on Rails
1071,Svelte
1071,Vue.js
1071,jQuery
1072,Express
1072,Next.js
1072,Node.js
1072,Svelte
1073,Express
1073,Next.js
1073,Node.js
1073,React
1073,React.js
1078,Node.js
1081,ASP.NET
1081,ASP.NET CORE
1082,ASP.NET
1082,ASP.NET CORE
1083,ASP.NET
1083,ASP.NET CORE
1083,Flask
1083,React
1083,React.js
1085,FastAPI
1085,Flask
1085,Node.js
1088,Laravel
1088,Symfony
1088,Vue.js
1090,ASP.NET
1090,ASP.NET CORE
1090,React
1090,React.js
1092,Express
1092,Next.js
1092,Node.js
1092,React
1092,React.js
1093,Express
1093,Next.js
1093,Node.js
1093,React
1093,React.js
1098,Deno
1098,Vue.js
1099,jQuery
1100,ASP.NET
1100,ASP.NET CORE
1100,Angular
1100,Next.js
1100,Node.js
1101,Deno
1101,Ruby on Rails
1102,Phoenix
1103,FastAPI
1103,Svelte
1104,ASP.NET
1104,ASP.NET CORE
1104,Vue.js
1110,jQuery
1113,Laravel
1113,Vue.js
1113,jQuery
1116,React
1116,React.js
1120,Phoenix
1124,ASP.NET
1124,ASP.NET CORE
1124,Angular
1125,Deno
1125,Node.js
1125,React
1125,React.js
1125,Svelte
1126,Deno
1126,FastAPI
1126,Svelte
1128,FastAPI
1128,Node.js
1129,Express
1129,Node.js
1129,React
1129,React.js
1130,React
1130,React.js
1131,Node.js
1131,Vue.js
1133,React
1133,React.js
1133,Vue.js
1135,FastAPI
1135,Fastify
1135,Flask
1135,Nuxt.js
1141,Svelte
1143,ASP.NET
1143,ASP.NET CORE
1143,Blazor
1143,Django
1143,Nuxt.js
1143,Vue.js
1144,React
1144,React.js
1145,React
1145,React.js
1146,Deno
1146,Node.js
1146,Svelte
1149,Express
1149,Node.js
1149,Vue.js
1155,ASP.NET
1155,ASP.NET CORE
1156,Express
1156,Node.js
1156,React
1156,React.js
1158,Deno
1158,React
1158,React.js
1159,Svelte
1162,Node.js
1162,React
1162,React.js
1163,Node.js
1163,Ruby on Rails
1164,ASP.NET
1164,ASP.NET CORE
1165,React
1165,React.js
1166,Node.js
1166,React
1166,React.js
1167,Node.js
1167,React
1167,React.js
1167,Vue.js
1173,Deno
1173,Node.js
1173,React
1173,React.js
1174,ASP.NET
1174,ASP.NET CORE
1174,Blazor
1177,Next.js
1177,Node.js
1177,Svelte
1178,FastAPI
1179,FastAPI
1179,Next.js
1179,Svelte
1179,Vue.js
1181,React
1181,React.js
1181,Svelte
1181,Vue.js
1182,Next.js
1182,React
1182,React.js
1184,Express
1184,FastAPI
1184,Fastify
1184,Next.js
1184,Node.js
1184,Nuxt.js
1184,React
1184,React.js
1184,Svelte
1184,Vue.js
1185,ASP.NET
1185,ASP.NET CORE
1185,Flask
1186,ASP.NET
1186,ASP.NET CORE
1186,Svelte
1189,Node.js
1191,React
1191,React.js
1192,Angular
1192,Express
1192,Node.js
1193,Deno
1194,Express
1194,Flask
1194,Node.js
1194,Nuxt.js
1196,Flask
1196,Node.js
1196,React
1196,React.js
1199,Node.js
1202,Next.js
1202,Node.js
1207,Node.js
1208,ASP.NET
1208,ASP.NET CORE
1208,Blazor
1208,React
1208,React.js
1208,jQuery
1210,Deno
1210,FastAPI
1210,Next.js
1210,Svelte
1211,Angular
1211,Vue.js
1212,Flask
1214,Django
1214,Vue.js
1215,Next.js
1215,Node.js
1215,React
1215,React.js
1218,Deno
1218,Django
1218,Gatsby
1218,Next.js
1218,Vue.js
1219,ASP.NET
1219,ASP.NET CORE
1219,Angular
1219,Express
1219,Node.js
1220,Django
1220,Next.js
1220,Node.js
1220,Svelte
1221,Deno
1221,Gatsby
1221,Phoenix
1223,Deno
1223,Express
1223,Node.js
1223,Svelte
1224,Next.js
1224,React
1224,React.js
1225,Next.js
1225,Node.js
1225,React
1225,React.js
1226,ASP.NET
1226,ASP.NET CORE
1226,Svelte
1227,Django
1227,Next.js
1228,Flask
1228,Svelte
1229,ASP.NET
1229,ASP.NET CORE
1229,Angular
1229,jQuery
1230,Svelte
1232,React
1232,React.js
1233,ASP.NET
1233,ASP.NET CORE
1233,Blazor
1236,jQuery
1238,React
1238,React.js
1241,ASP.NET
1241,ASP.NET CORE
1241,Angular
1241,Angular.js
1241,Node.js
1241,React
1241,React.js
1241,Vue.js
1241,jQuery
1245,Deno
1245,Django
1245,Express
1245,Flask
1245,Nuxt.js
1245,React
1245,React.js
1245,Svelte
1245,Vue.js
1250,Node.js
1250,React
1250,React.js
1252,ASP.NET
1252,ASP.NET CORE
1252,Blazor
1253,Laravel
1255,React
1255,React.js
1255,Vue.js
1257,ASP.NET
1257,ASP.NET CORE
1257,Angular
1257,Angular.js
1257,Blazor
1262,React
1262,React.js
1263,ASP.NET
1263,ASP.NET CORE
1263,Angular
1263,Blazor
1263,Ruby on Rails
1263,Vue.js
1263,jQuery
1264,Deno
1264,React
1264,React.js
1265,Node.js
1265,Vue.js
1266,ASP.NET
1266,ASP.NET CORE
1266,Express
1266,Next.js
1266,Node.js
1266,React
1266,React.js
1268,Deno
1268,Phoenix
1268,Svelte
1268,Vue.js
1269,Deno
1269,Node.js
1270,ASP.NET
1270,ASP.NET CORE
1270,Blazor
1271,Deno
1271,Flask
1271,Next.js
1271,Phoenix
1271,Svelte
1275,Express
1275,Next.js
1275,Node.js
1275,React
1275,React.js
1277,Angular
1277,Vue.js
1278,Svelte
1283,Phoenix
1283,Svelte
1287,ASP.NET
1287,Angular
1287,Nuxt.js
1287,Svelte
1289,FastAPI
1292,Django
1292,FastAPI
1293,Angular
1293,Phoenix
1293,Vue.js
1294,Node.js
1294,React
1294,React.js
1294,Vue.js
1296,React
1296,React.js
1297,Vue.js
1299,ASP.NET
1299,ASP.NET CORE
1299,Phoenix
1299,React
1299,React.js
1302,Express
1302,Next.js
1302,Node.js
1302,Nuxt.js
1302,React
1302,React.js
1302,Svelte
1302,Vue.js
1304,Deno
1304,Node.js
1304,React
1304,React.js
1305,FastAPI
1306,Django
1306,Next.js
1306,Nuxt.js
1306,React
1306,React.js
1307,React
1307,React.js
1309,React
1309,React.js
1311,React
1311,React.js
1312,Flask
1313,Django
1313,Express
1313,FastAPI
1313,Fastify
1313,Flask
1313,Nuxt.js
1313,Svelte
1313,Vue.js
1316,Svelte
1318,ASP.NET
1318,ASP.NET CORE
1322,Flask
1322,React
1322,React.js
1324,Express
1324,Next.js
1324,Node.js
1324,React
1324,React.js
1324,Svelte
1324,Vue.js
1325,Nuxt.js
1325,Vue.js
1327,Express
1327,Node.js
1327,Svelte
1327,Vue.js
1328,Blazor
1328,Deno
1328,Next.js
1328,Node.js
1328,Svelte
1329,React
1329,React.js
1333,Node.js
1334,ASP.NET
1334,ASP.NET CORE
1334,Django
1334,Express
1334,Next.js
1334,Node.js
1334,React
1334,React.js
1335,Angular
1337,Node.js
1337,React
1337,React.js
1338,Angular
1338,Laravel
1338,Node.js
1338,React
1338,React.js
1338,Vue.js
1339,Django
1339,FastAPI
1339,Next.js
1339,Svelte
1341,Express
1341,Next.js
1341,Node.js
1341,React
1341,React.js
1344,FastAPI
1344,Next.js
1344,Nuxt.js
1344,Svelte
1344,Vue.js
1346,Ruby on Rails
1349,Ruby on Rails
1352,ASP.NET
1352,ASP.NET CORE
1352,Blazor
1353,Flask
1355,Deno
1355,Gatsby
1355,Next.js
1355,React
1355,React.js
1355,Svelte
1358,Node.js
1358,Svelte
1358,Vue.js
1359,Angular
1359,Angular.js
1359,Express
1359,Node.js
1360,FastAPI
1361,Express
1361,Next.js
1361,Node.js
1361,Phoenix
1361,React
1361,React.js
1362,Django
1362,Flask
1364,Vue.js
1365,Next.js
1365,Node.js
1365,Phoenix
1365,React
1365,React.js
1365,Svelte
1367,Fastify
1367,Node.js
1367,Vue.js
1368,Deno
1368,Node.js
1368,Vue.js
1370,ASP.NET
1370,ASP.NET CORE
1370,Blazor
1370,React
1370,React.js
1372,Deno
1372,Vue.js
1374,React
1374,React.js
1376,Svelte
1376,Vue.js
1378,Ruby on Rails
1378,Vue.js
1380,React
1380,React.js
1381,ASP.NET
1381,ASP.NET CORE
1381,Next.js
1381,Node.js
1381,React
1381,React.js
1383,ASP.NET
1383,ASP.NET CORE
1383,Vue.js
1386,ASP.NET
1386,Angular
1386,Angular.js
1386,Next.js
1386,React
1386,React.js
1386,Svelte
1386,Vue.js
1387,Angular
1387,Express
1387,Node.js
1387,Vue.js
1389,Express
1389,FastAPI
1389,Flask
1389,Nuxt.js
1389,Svelte
1389,Vue.js
1390,ASP.NET
1390,ASP.NET CORE
1390,Deno
1390,Fastify
1390,Node.js
1390,Svelte
1394,React
1394,React.js
1399,Deno
1399,FastAPI
1399,Next.js
1399,Svelte
1400,ASP.NET
1400,ASP.NET CORE
1401,Laravel
1401,Next.js
1401,Node.js
1401,React
1401,React.js
1402,ASP.NET
1402,ASP.NET CORE
1402,Blazor
1403,Blazor
1405,Angular
1405,React
1405,React.js
1406,Deno
1406,Node.js
1406,Nuxt.js
1406,React
1406,React.js
1406,Ruby on Rails
1406,Svelte
1406,Symfony
1406,Vue.js
1407,Next.js
1407,Node.js
1407,Nuxt.js
1407,Phoenix
1407,React
1407,React.js
1407,Vue.js
1409,Next.js
1409,React
1409,React.js
1411,Express
1411,Node.js
1411,React
1411,React.js
1413,ASP.NET
1413,ASP.NET CORE
1413,Angular
1414,Next.js
1414,Node.js
1414,React
1414,React.js
1414,Symfony
1415,Node.js
1415,React
1415,React.js
1418,Django
1418,Gatsby
1418,React
1418,React.js
1418,Ruby on Rails
1418,jQuery
1420,React
1420,React.js
1421,Flask
1421,Svelte
1426,Angular
1427,Node.js
1428,Next.js
1428,Svelte
1429,FastAPI
1429,Next.js
1429,React
1429,React.js
1430,Next.js
1430,Node.js
1430,React
1430,React.js
1433,React
1433,React.js
1436,Ruby on Rails
1436,Svelte
1438,ASP.NET
1438,ASP.NET CORE
1438,Angular
1438,Angular.js
1438,Blazor
1439,Deno
1439,Fastify
1439,Next.js
1439,Nuxt.js
1439,Vue.js
1442,Next.js
1442,Node.js
1443,Deno
1444,Symfony
1444,jQuery
1445,ASP.NET
1445,ASP.NET CORE
1447,Express
1447,Gatsby
1447,Next.js
1447,Node.js
1447,React
1447,React.js
1448,Deno
1448,Svelte
1450,Svelte
1451,ASP.NET
1452,Express
1452,Node.js
1452,Svelte
1453,Node.js
1453,React
1453,React.js
1453,Svelte
1455,Vue.js
1460,ASP.NET
1460,ASP.NET CORE
1460,Angular
1460,Blazor
1460,React
1460,React.js
1465,ASP.NET
1465,ASP.NET CORE
1465,Blazor
1465,Vue.js
1467,FastAPI
1467,Ruby on Rails
1471,Next.js
1471,React
1471,React.js
1472,Node.js
1472,React
1472,React.js
1473,Deno
1473,Express
1473,FastAPI
1473,Flask
1473,Node.js
1473,React
1473,React.js
1473,Svelte
1475,React
1475,React.js
1475,Vue.js
1476,Next.js
1476,React
1476,React.js
1477,FastAPI
1477,React
1477,React.js
1478,ASP.NET
1478,ASP.NET CORE
1478,Blazor
1478,Vue.js
1479,Express
1479,Node.js
1479,Svelte
1479,Vue.js
1480,Deno
1480,Django
1480,Express
1480,Fastify
1480,Node.js
1480,React
1480,React.js
1482,Angular
1483,Flask
1486,Angular
1486,Express
1486,Next.js
1486,Node.js
1486,Nuxt.js
1486,React
1486,React.js
1486,Svelte
1491,Node.js
1496,Svelte
1498,Vue.js
1500,Deno
1500,Phoenix
1501,ASP.NET
1501,ASP.NET CORE
1501,Angular
1501,Blazor
1502,FastAPI
1502,Node.js
1503,ASP.NET
1503,ASP.NET CORE
1503,Blazor
1503,Node.js
1503,Svelte
1504,Svelte
1507,Blazor
1511,Ruby on Rails
1513,ASP.NET
1513,ASP.NET CORE
1513,Blazor
1515,ASP.NET
1515,ASP.NET CORE
1515,Angular
1517,Deno
1518,Express
1518,Node.js
1518,React
1518,React.js
1518,Svelte
1519,Django
1519,Next.js
1520,ASP.NET
1520,ASP.NET CORE
1520,Blazor
1521,Deno
1523,React
1523,React.js
1523,Svelte
1524,ASP.NET
1524,ASP.NET CORE
1524,Vue.js
1525,Next.js
1525,React
1525,React.js
1525,Svelte
1525,Vue.js
1526,Django
1526,FastAPI
1526,Node.js
1529,Django
1529,Flask
1529,Node.js
1529,React
1529,React.js
1529,Vue.js
1530,Angular
1531,Django
1531,FastAPI
1531,Flask
1533,Deno
1533,Django
1534,Svelte
1535,Angular
1537,FastAPI
1537,React
1537,React.js
1539,Next.js
1539,Node.js
1539,React
1539,React.js
1541,Next.js
1541,Node.js
1541,React
1541,React.js
1542,Blazor
1542,Vue.js
1542,jQuery
1543,FastAPI
1543,React
1543,React.js
1543,Vue.js
1544,Flask
1545,React
1545,React.js
1547,Node.js
1547,React
1547,React.js
1549,Deno
1549,Fastify
1549,Node.js
1549,Nuxt.js
1549,React
1549,React.js
1551,Phoenix
1552,Vue.js
1553,Deno
1553,Express
1553,Next.js
1553,Node.js
1553,Nuxt.js
1553,React
1553,React.js
1553,Ruby on Rails
1553,Vue.js
1555,FastAPI
1555,Next.js
1555,React
1555,React.js
1555,Svelte
1555,Vue.js
1556,Django
1556,Svelte
1557,ASP.NET
1557,ASP.NET CORE
1557,Blazor
1558,ASP.NET
1558,ASP.NET CORE
1558,Blazor
1560,ASP.NET
1560,ASP.NET CORE
1560,Blazor
1560,Vue.js
1561,Angular
1561,Flask
1563,Svelte
1564,Next.js
1564,Nuxt.js
1564,React
1564,React.js
1566,ASP.NET
1566,ASP.NET CORE
1566,Blazor
1567,ASP.NET
1567,ASP.NET CORE
1567,Deno
1569,Angular
1569,Angular.js
1569,Blazor
1569,Express
1569,Node.js
1569,Svelte
1569,Vue.js
1570,Node.js
1571,Node.js
1571,React
1571,React.js
1576,Angular
1576,Express
1576,Node.js
1576,React
1576,React.js
1576,Vue.js
1578,Angular
1578,React
1578,React.js
1579,Next.js
1579,React
1579,React.js
1579,Vue.js
1581,Deno
1581,Nuxt.js
1581,Vue.js
1582,Angular
1582,Vue.js
1583,FastAPI
1583,Flask
1583,Next.js
1583,Node.js
1583,React
1583,React.js
1585,FastAPI
1585,Flask
1587,React
1587,React.js
1588,React
1588,React.js
1590,Angular
1590,Express
1590,Node.js
1592,Deno
1594,jQuery
1598,Svelte
1599,ASP.NET
1599,ASP.NET CORE
1599,Blazor
1599,Django
1599,FastAPI
1599,Flask
1599,Ruby on Rails
1599,Svelte
1600,ASP.NET
1600,ASP.NET CORE
1600,Blazor
1604,Deno
1604,Phoenix
1610,Deno
1610,Express
1610,Node.js
1610,Phoenix
1610,React
1610,React.js
1611,ASP.NET
1611,ASP.NET CORE
1611,Node.js
1611,React
1611,React.js
1612,Angular
1612,Express
1612,Node.js
1613,React
1613,React.js
1616,Laravel
1616,Node.js
1616,Nuxt.js
1616,Vue.js
1619,Angular
1619,Deno
1619,Django
1619,Express
1619,Gatsby
1619,Laravel
1619,Next.js
1619,Node.js
1619,Nuxt.js
1619,React
1619,React.js
1619,Svelte
1619,Vue.js
1621,Svelte
1627,ASP.NET
1627,ASP.NET CORE
1627,Blazor
1629,Vue.js
1635,Express
1635,Next.js
1635,Node.js
1635,React
1635,React.js
1635,Vue.js
1636,ASP.NET
1636,ASP.NET CORE
1636,FastAPI
1638,Blazor
1640,Vue.js
1642,ASP.NET
1642,ASP.NET CORE
1642,Deno
1642,Node.js
1642,Svelte
1643,ASP.NET
1643,ASP.NET CORE
1643,Next.js
1644,Flask
1645,Node.js
1645,Svelte
1646,Node.js
1648,Deno
1649,Angular
1649,Node.js
1651,Vue.js
1652,Django
1652,Phoenix
1652,React
1652,React.js
1656,Deno
1656,Next.js
1656,React
1656,React.js
1656,Svelte
1658,Phoenix
1662,ASP.NET
1662,ASP.NET CORE
1663,Node.js
1663,Svelte
1665,Deno
1666,Deno
1666,Fastify
1666,Node.js
1666,Svelte
1667,Next.js
1667,Node.js
1668,ASP.NET
1668,ASP.NET CORE
1668,Vue.js
1669,Next.js
1669,React
1669,React.js
1669,Svelte
1670,Svelte
1671,Vue.js
1672,Angular
1672,Deno
1672,Node.js
1672,React
1672,React.js
1676,Deno
1676,React
1676,React.js
1679,Django
1679,React
1679,React.js
1683,Vue.js
1685,Phoenix
1685,React
1685,React.js
1686,Next.js
1686,Node.js
1686,React
1686,React.js
1687,ASP.NET
1687,ASP.NET CORE
1687,Next.js
1687,Node.js
1687,React
1687,React.js
1689,ASP.NET
1689,ASP.NET CORE
1689,Blazor
1690,ASP.NET
1690,ASP.NET CORE
1690,Blazor
1690,Deno
1690,FastAPI
1692,Express
1692,Next.js
1692,Node.js
1692,React
1692,React.js
1694,React
1694,React.js
1694,Vue.js
1696,Express
1696,Node.js
1698,Flask
1698,Phoenix
1698,React
1698,React.js
1699,ASP.NET
1699,ASP.NET CORE
1699,Angular
1699,Blazor
1699,Node.js
1699,React
1699,React.js
1699,Vue.js
1700,Django
1700,Flask
1700,React
1700,React.js
1701,Flask
1701,Svelte
1702,Deno
1702,Express
1702,Nuxt.js
1702,Svelte
1702,Vue.js
1703,React
1703,React.js
1704,FastAPI
1704,Phoenix
1706,ASP.NET
1706,ASP.NET CORE
1706,Blazor
1709,ASP.NET
1709,ASP.NET CORE
1710,Django
1710,jQuery
1711,Django
1711,FastAPI
1711,Phoenix
1712,Next.js
1712,Node.js
1712,Nuxt.js
1712,React
1712,React.js
1714,FastAPI
1714,Flask
1715,ASP.NET
1715,ASP.NET CORE
1715,Svelte
1717,Express
1717,React
1717,React.js
1717,Vue.js
1719,Deno
1719,Next.js
1719,React
1719,React.js
1719,Vue.js
1720,jQuery
1721,FastAPI
1721,Next.js
1721,Node.js
1721,React
1721,React.js
1722,React
1722,React.js
1723,Phoenix
1723,Ruby on Rails
1724,Django
1724,Phoenix
1725,ASP.NET
1725,ASP.NET CORE
1725,Deno
1725,Fastify
1725,React
1725,React.js
1726,Deno
1726,Svelte
1727,ASP.NET
1727,ASP.NET CORE
1727,Angular
1728,React
1728,React.js
1731,ASP.NET
1731,ASP.NET CORE
1731,Blazor
1731,React
1731,React.js
1731,Svelte
1733,Svelte
1734,Node.js
1736,Node.js
1736,Vue.js
1738,Express
1738,Svelte
1743,Next.js
1743,Svelte
1744,Deno
1744,Express
1744,Node.js
1744,Nuxt.js
1744,Vue.js
1746,Ruby on Rails
1748,Express
1748,Gatsby
1748,Node.js
1748,React
1748,React.js
1752,Django
1752,FastAPI
1752,Flask
1752,Node.js
1757,Angular
1757,Node.js
1757,React
1757,React.js
1757,Vue.js
1762,Django
1762,FastAPI
1762,Vue.js
1765,Deno
1765,Node.js
1765,Phoenix
1766,Django
1767,Next.js
1767,Node.js
1767,React
1767,React.js
1769,FastAPI
1769,Flask
1770,Deno
1771,ASP.NET
1771,ASP.NET CORE
1772,Django
1772,Flask
1772,Node.js
1772,React
1772,React.js
1776,FastAPI
1776,Nuxt.js
1779,ASP.NET
1779,ASP.NET CORE
1779,Blazor
1779,Deno
1779,Express
1779,FastAPI
1779,Fastify
1779,Flask
1779,Gatsby
1779,Laravel
1779,Next.js
1779,Nuxt.js
1779,Phoenix
1779,Play Framework
1779,Ruby on Rails
1779,Svelte
1779,Symfony
1779,Vue.js
1781,Deno
1781,Express
1781,Next.js
1781,Node.js
1781,React
1781,React.js
1785,Express
1785,Play Framework
1785,React
1785,React.js
1785,Ruby on Rails
1786,FastAPI
1786,Svelte
1787,ASP.NET
1787,ASP.NET CORE
1787,Angular
1787,Node.js
1791,Deno
1791,Next.js
1791,Node.js
1791,Nuxt.js
1791,React
1791,React.js
1791,Vue.js
1796,ASP.NET
1796,ASP.NET CORE
1796,jQuery
1797,Node.js
1798,React
1798,React.js
1801,Angular
1803,FastAPI
1803,Next.js
1803,Nuxt.js
1803,React
1803,React.js
1804,ASP.NET
1804,ASP.NET CORE
1804,FastAPI
1805,Angular
1805,Deno
1805,Next.js
1805,React
1805,React.js
1805,Ruby on Rails
1805,Svelte
1805,Vue.js
1807,Phoenix
1812,Angular
1812,Gatsby
1812,Next.js
1812,Node.js
1812,React
1812,React.js
1812,Svelte
1812,jQuery
1814,FastAPI
1814,Phoenix
1815,Svelte
1815,Vue.js
1817,Deno
1817,Drupal
1817,Svelte
1817,Symfony
1817,Vue.js
1818,ASP.NET
1818,ASP.NET CORE
1818,Vue.js
