ResponseId,NEWCollabToolsHaveWorkedWith
2,Notepad++
2,Visual Studio
3,Notepad++
3,Visual Studio
3,Visual Studio Code
4,Notepad++
4,Visual Studio
4,Visual Studio Code
4,Xcode
5,Visual Studio
5,Visual Studio Code
5,Xcode
6,Atom
6,IntelliJ
6,Notepad++
6,PyCharm
6,Sublime Text
6,Visual Studio
6,Visual Studio Code
7,Atom
7,CLion
7,Eclipse
7,IntelliJ
7,Notepad++
7,Visual Studio
8,Emacs
8,Notepad++
9,Android Studio
9,"RAD Studio (Delphi, C++ Builder)"
9,Visual Studio
9,Visual Studio Code
9,Xcode
10,Rider
10,Visual Studio
10,Visual Studio Code
11,IPython
11,IPython/Jupyter
11,Neovim
11,Visual Studio
11,Visual Studio Code
12,Vim
12,Visual Studio
13,Visual Studio
13,Visual Studio Code
14,IPython
14,IPython/Jupyter
14,Nano
14,RStudio
14,Visual Studio
14,Visual Studio Code
15,Notepad++
15,Visual Studio
15,Visual Studio Code
16,IntelliJ
16,Notepad++
16,Visual Studio
16,Visual Studio Code
17,Visual Studio
17,Visual Studio Code
18,Visual Studio
18,Visual Studio Code
19,IntelliJ
19,Visual Studio
19,Visual Studio Code
20,Eclipse
20,IntelliJ
20,Notepad++
20,Vim
20,Visual Studio
20,Visual Studio Code
21,Neovim
21,Sublime Text
21,Visual Studio
21,Visual Studio Code
22,Rider
22,Visual Studio
22,Visual Studio Code
23,Notepad++
24,Notepad++
24,Visual Studio
24,Visual Studio Code
25,Android Studio
25,IntelliJ
25,Visual Studio
25,Visual Studio Code
26,Atom
26,IntelliJ
26,Vim
27,Visual Studio
27,Visual Studio Code
28,Visual Studio
29,Notepad++
29,Rider
29,Visual Studio
29,Visual Studio Code
31,Visual Studio
32,CLion
32,IntelliJ
32,Nano
32,Notepad++
32,PyCharm
32,Vim
32,Visual Studio
32,Visual Studio Code
33,Visual Studio
33,Visual Studio Code
34,IPython
34,IPython/Jupyter
34,PyCharm
34,Vim
34,Visual Studio
34,Visual Studio Code
35,IPython
35,IPython/Jupyter
35,Nano
35,PyCharm
35,Sublime Text
36,Android Studio
36,Eclipse
36,IntelliJ
36,Notepad++
36,PyCharm
36,Vim
36,Visual Studio
36,Visual Studio Code
37,Visual Studio
37,Visual Studio Code
38,Visual Studio
38,Visual Studio Code
39,IntelliJ
39,Vim
39,Visual Studio
39,Visual Studio Code
40,Notepad++
40,Visual Studio
40,Visual Studio Code
41,IPython
41,IPython/Jupyter
41,Vim
42,Eclipse
42,IntelliJ
42,NetBeans
42,Visual Studio
42,Visual Studio Code
43,Nano
43,Notepad++
43,Vim
43,Visual Studio
43,Visual Studio Code
44,Eclipse
44,IntelliJ
44,PyCharm
45,Visual Studio
45,Visual Studio Code
46,Eclipse
46,IntelliJ
46,Vim
47,CLion
47,IntelliJ
47,PhpStorm
48,Emacs
48,IntelliJ
48,Notepad++
48,Vim
48,Visual Studio
49,Nano
49,Rider
49,Visual Studio
49,Visual Studio Code
49,WebStorm
50,Neovim
51,IntelliJ
51,Visual Studio
51,Visual Studio Code
52,Neovim
52,Visual Studio
52,Visual Studio Code
53,Visual Studio
53,Visual Studio Code
54,Emacs
54,Vim
54,Visual Studio
54,Visual Studio Code
55,IPython
55,IPython/Jupyter
55,IntelliJ
55,Visual Studio
55,Visual Studio Code
56,Visual Studio
56,Visual Studio Code
57,Android Studio
57,CLion
57,Notepad++
57,PyCharm
57,Rider
57,WebStorm
58,Android Studio
58,IntelliJ
58,Vim
59,Eclipse
59,Notepad++
59,Visual Studio
59,Visual Studio Code
60,Android Studio
60,Atom
60,CLion
60,GoLand
60,IntelliJ
60,Nano
60,Notepad++
60,PhpStorm
60,PyCharm
60,Rider
60,Visual Studio
60,Visual Studio Code
60,WebStorm
61,Vim
61,Visual Studio
61,Visual Studio Code
62,Android Studio
62,IntelliJ
62,WebStorm
63,Visual Studio
63,Visual Studio Code
63,Xcode
64,Android Studio
64,CLion
64,IntelliJ
64,Notepad++
64,PhpStorm
64,PyCharm
64,RStudio
64,Rider
64,WebStorm
65,Eclipse
65,Notepad++
65,Sublime Text
65,Visual Studio
65,Visual Studio Code
66,Eclipse
67,Notepad++
67,Visual Studio
67,Visual Studio Code
68,Notepad++
68,Visual Studio
68,Visual Studio Code
69,Eclipse
69,GoLand
69,IntelliJ
69,Sublime Text
70,Android Studio
70,IntelliJ
71,Atom
71,CLion
71,Neovim
71,PyCharm
71,Vim
71,Visual Studio
71,Visual Studio Code
72,IntelliJ
73,Vim
73,Visual Studio
73,Visual Studio Code
74,Rider
74,Visual Studio
74,Visual Studio Code
75,GoLand
75,IntelliJ
75,RubyMine
76,Notepad++
76,Rider
76,Visual Studio
76,Visual Studio Code
77,Eclipse
78,PhpStorm
78,Vim
79,Emacs
80,Notepad++
80,"RAD Studio (Delphi, C++ Builder)"
81,Visual Studio
81,Visual Studio Code
82,Eclipse
82,Nano
82,RStudio
82,Spyder
82,Sublime Text
82,Visual Studio
83,Visual Studio
83,Visual Studio Code
84,Visual Studio
84,Visual Studio Code
85,Eclipse
85,Notepad++
85,PyCharm
87,Android Studio
87,Visual Studio
87,Visual Studio Code
88,IntelliJ
88,Visual Studio
88,Visual Studio Code
89,Notepad++
89,Visual Studio
90,IPython
90,IPython/Jupyter
90,PyCharm
90,RStudio
90,Visual Studio
90,Visual Studio Code
91,"RAD Studio (Delphi, C++ Builder)"
91,Visual Studio
91,Visual Studio Code
92,IPython
92,IPython/Jupyter
92,PyCharm
92,RStudio
92,Visual Studio
92,Visual Studio Code
93,Visual Studio
93,Visual Studio Code
94,Atom
94,IPython
94,IPython/Jupyter
94,RStudio
95,Eclipse
95,Notepad++
95,Sublime Text
95,Vim
95,Visual Studio
95,Visual Studio Code
96,IntelliJ
96,Nano
96,RubyMine
96,Visual Studio
96,Visual Studio Code
97,Notepad++
97,Visual Studio
97,Visual Studio Code
99,Android Studio
99,Atom
99,Eclipse
99,IPython
99,IPython/Jupyter
99,IntelliJ
99,NetBeans
99,Notepad++
99,Sublime Text
99,Visual Studio
99,Visual Studio Code
100,Atom
100,Neovim
100,Vim
101,IntelliJ
101,PhpStorm
101,PyCharm
101,Visual Studio
101,Visual Studio Code
102,Notepad++
102,Rider
102,Visual Studio
102,Visual Studio Code
103,Notepad++
103,WebStorm
104,Notepad++
104,PyCharm
104,Visual Studio
104,Visual Studio Code
104,WebStorm
105,GoLand
105,IntelliJ
105,Sublime Text
106,Visual Studio
106,Visual Studio Code
107,Eclipse
107,Notepad++
108,Notepad++
108,Visual Studio
108,Visual Studio Code
109,Android Studio
109,Rider
109,Sublime Text
109,WebStorm
110,GoLand
110,Neovim
110,Visual Studio
110,Visual Studio Code
111,Notepad++
111,Rider
111,Visual Studio
112,Notepad++
112,PhpStorm
112,PyCharm
112,Vim
113,Notepad++
113,RStudio
113,Vim
113,Visual Studio
113,Visual Studio Code
114,Eclipse
114,Vim
114,Visual Studio
114,Visual Studio Code
115,IntelliJ
115,PyCharm
116,IntelliJ
117,Notepad++
117,Sublime Text
117,Visual Studio
117,Visual Studio Code
118,Visual Studio
118,Visual Studio Code
119,IPython
119,IPython/Jupyter
119,RStudio
119,Visual Studio
119,Visual Studio Code
120,CLion
120,IntelliJ
120,Vim
120,Visual Studio
120,Visual Studio Code
121,GoLand
121,IPython
121,IPython/Jupyter
121,IntelliJ
121,Sublime Text
122,Visual Studio
122,Visual Studio Code
122,WebStorm
123,Android Studio
123,Visual Studio
124,CLion
124,GoLand
124,IntelliJ
124,Visual Studio
124,Visual Studio Code
125,Notepad++
125,Visual Studio
125,Visual Studio Code
126,IntelliJ
126,Nano
126,Visual Studio
126,Visual Studio Code
127,Visual Studio
127,Visual Studio Code
128,IPython
128,IPython/Jupyter
128,Visual Studio
128,Visual Studio Code
129,CLion
129,Neovim
129,PyCharm
130,Vim
131,Vim
132,Visual Studio
132,Visual Studio Code
133,RubyMine
133,Sublime Text
133,Visual Studio
133,Visual Studio Code
134,Visual Studio
134,Visual Studio Code
135,Sublime Text
135,Vim
136,Notepad++
136,Sublime Text
136,Visual Studio
136,Visual Studio Code
137,Android Studio
137,CLion
137,GoLand
137,IntelliJ
137,PhpStorm
137,PyCharm
137,Rider
137,RubyMine
137,WebStorm
138,IntelliJ
138,PyCharm
139,IPython
139,IPython/Jupyter
140,IntelliJ
141,IntelliJ
141,Visual Studio
141,Visual Studio Code
142,CLion
142,PyCharm
142,Visual Studio
142,Visual Studio Code
142,WebStorm
143,Emacs
143,IPython
143,IPython/Jupyter
143,Vim
143,Visual Studio
143,Visual Studio Code
144,Emacs
145,CLion
145,GoLand
145,IntelliJ
145,PhpStorm
145,Visual Studio
145,Visual Studio Code
147,IntelliJ
147,Sublime Text
147,Visual Studio
147,Visual Studio Code
148,IntelliJ
149,Visual Studio
149,Visual Studio Code
150,PyCharm
151,Notepad++
151,Visual Studio
151,Visual Studio Code
152,Android Studio
152,IPython
152,IPython/Jupyter
152,IntelliJ
152,NetBeans
152,Notepad++
152,PyCharm
152,Sublime Text
152,Visual Studio
152,Visual Studio Code
152,Xcode
153,IntelliJ
153,Notepad++
153,Sublime Text
153,Visual Studio
153,Visual Studio Code
154,Android Studio
154,Atom
154,GoLand
154,IntelliJ
154,Nano
154,Notepad++
154,PyCharm
154,Vim
154,Visual Studio
154,Visual Studio Code
154,Xcode
155,Sublime Text
155,WebStorm
156,IntelliJ
156,Notepad++
156,Sublime Text
156,Visual Studio
156,Visual Studio Code
157,Visual Studio
157,Visual Studio Code
158,Vim
158,Visual Studio
158,Visual Studio Code
159,IntelliJ
159,Rider
159,Visual Studio
159,Visual Studio Code
160,Visual Studio
160,Visual Studio Code
161,PyCharm
163,IntelliJ
163,Vim
164,IntelliJ
164,Rider
165,IntelliJ
165,Visual Studio
165,Visual Studio Code
166,IntelliJ
166,Notepad++
166,Sublime Text
166,Visual Studio
166,Visual Studio Code
167,IPython
167,IPython/Jupyter
167,Visual Studio
167,Visual Studio Code
168,PyCharm
168,RStudio
168,Visual Studio
168,Visual Studio Code
170,Emacs
171,Android Studio
171,Notepad++
171,PyCharm
171,Vim
171,Visual Studio
171,Visual Studio Code
172,CLion
172,Emacs
172,Sublime Text
173,IntelliJ
173,Visual Studio
173,Visual Studio Code
173,WebStorm
174,Android Studio
174,Eclipse
174,IPython
174,IPython/Jupyter
174,IntelliJ
174,Neovim
174,NetBeans
174,PyCharm
174,Rider
174,Visual Studio
174,Visual Studio Code
175,Notepad++
176,Android Studio
176,IntelliJ
176,Visual Studio
176,Visual Studio Code
177,IPython
177,IPython/Jupyter
177,Notepad++
177,PyCharm
177,Sublime Text
177,Visual Studio
177,Visual Studio Code
178,Eclipse
178,Visual Studio
178,Visual Studio Code
179,Android Studio
179,Atom
179,IntelliJ
180,Android Studio
180,Eclipse
180,IntelliJ
180,Notepad++
180,Rider
180,Visual Studio
180,Visual Studio Code
180,WebStorm
181,IntelliJ
181,Visual Studio
181,Visual Studio Code
182,Android Studio
182,Atom
182,Eclipse
182,Notepad++
182,PyCharm
182,Sublime Text
182,Xcode
183,GoLand
183,Visual Studio
183,Visual Studio Code
184,Vim
184,Visual Studio
184,Visual Studio Code
185,CLion
185,GoLand
185,IntelliJ
185,Notepad++
185,PhpStorm
185,PyCharm
185,Visual Studio
185,Visual Studio Code
186,Neovim
186,Vim
186,Visual Studio
186,Visual Studio Code
187,"RAD Studio (Delphi, C++ Builder)"
188,IntelliJ
188,Nano
188,PhpStorm
188,Visual Studio
188,Visual Studio Code
188,Xcode
189,GoLand
189,Nano
189,PyCharm
189,Sublime Text
191,Rider
191,Visual Studio
191,Visual Studio Code
192,Emacs
192,Vim
193,Android Studio
193,IntelliJ
193,Rider
193,Sublime Text
193,Visual Studio
193,Visual Studio Code
194,Atom
194,IntelliJ
194,Notepad++
194,Visual Studio
194,Visual Studio Code
194,Xcode
195,Android Studio
195,Atom
195,CLion
195,Eclipse
195,IntelliJ
195,PyCharm
195,Vim
195,Visual Studio
195,Visual Studio Code
196,IPython
196,IPython/Jupyter
196,Neovim
196,PyCharm
196,Visual Studio
196,Visual Studio Code
197,Android Studio
197,IntelliJ
197,Neovim
197,PyCharm
197,Sublime Text
197,Vim
197,Visual Studio
197,Visual Studio Code
197,Xcode
198,CLion
198,Emacs
198,IPython
198,IPython/Jupyter
198,IntelliJ
198,PyCharm
198,Vim
198,Visual Studio
198,Visual Studio Code
199,CLion
199,PyCharm
199,Sublime Text
199,Vim
199,Visual Studio
199,Visual Studio Code
200,Notepad++
200,Visual Studio
200,Visual Studio Code
201,Visual Studio
201,Visual Studio Code
202,CLion
202,IPython
202,IPython/Jupyter
202,PhpStorm
202,PyCharm
203,Visual Studio
203,Visual Studio Code
204,IntelliJ
204,Qt Creator
204,Sublime Text
204,Vim
204,Visual Studio
204,Visual Studio Code
205,Visual Studio
205,Visual Studio Code
206,Android Studio
206,Atom
206,CLion
206,Eclipse
206,IntelliJ
206,NetBeans
206,PhpStorm
206,PyCharm
206,Vim
206,Visual Studio
206,Visual Studio Code
206,Xcode
207,Notepad++
207,Rider
207,Visual Studio
207,Visual Studio Code
208,CLion
208,PhpStorm
208,RubyMine
208,Vim
209,Visual Studio
209,Visual Studio Code
210,Rider
210,WebStorm
211,IntelliJ
211,Rider
211,Visual Studio
212,Atom
212,IPython
212,IPython/Jupyter
212,IntelliJ
212,Visual Studio
212,Visual Studio Code
214,Nano
214,Notepad++
214,Visual Studio
214,Visual Studio Code
215,Notepad++
215,Visual Studio
215,Visual Studio Code
216,IntelliJ
216,Notepad++
218,Notepad++
218,Visual Studio
218,Visual Studio Code
219,Vim
220,Eclipse
220,Notepad++
221,GoLand
221,IntelliJ
221,Sublime Text
221,Visual Studio
221,Visual Studio Code
222,Notepad++
222,Vim
222,Visual Studio
222,Visual Studio Code
223,Visual Studio
223,Visual Studio Code
224,Notepad++
224,Vim
224,Visual Studio
225,Visual Studio
226,Visual Studio
226,Visual Studio Code
227,Neovim
227,Vim
227,Visual Studio
227,Visual Studio Code
228,Notepad++
228,Visual Studio
228,Visual Studio Code
229,Vim
231,CLion
231,IntelliJ
231,PyCharm
231,Vim
231,Visual Studio
231,Visual Studio Code
232,Notepad++
232,PyCharm
232,Visual Studio
233,Notepad++
233,Visual Studio
233,Visual Studio Code
234,GoLand
234,Visual Studio
234,Visual Studio Code
235,IPython
235,IPython/Jupyter
235,Visual Studio
237,Vim
237,Visual Studio
237,Visual Studio Code
238,"RAD Studio (Delphi, C++ Builder)"
239,Vim
240,IPython
240,IPython/Jupyter
240,Notepad++
240,PyCharm
240,Visual Studio
241,IPython
241,IPython/Jupyter
241,Notepad++
241,Spyder
241,Sublime Text
241,Visual Studio
241,Visual Studio Code
242,Visual Studio
242,Visual Studio Code
243,Android Studio
243,Visual Studio
244,Visual Studio
244,Visual Studio Code
245,IPython
245,IPython/Jupyter
245,RStudio
245,Vim
245,Visual Studio
245,Visual Studio Code
246,IntelliJ
246,Sublime Text
247,Visual Studio
247,Visual Studio Code
247,Xcode
248,Eclipse
248,IPython
248,IPython/Jupyter
248,IntelliJ
249,IPython
249,IPython/Jupyter
249,PyCharm
249,Vim
249,Visual Studio
249,Visual Studio Code
250,Android Studio
250,Qt Creator
250,Visual Studio
250,Visual Studio Code
251,Neovim
251,Qt Creator
251,Visual Studio
251,Visual Studio Code
252,Visual Studio
253,IntelliJ
253,Notepad++
253,Visual Studio
253,Visual Studio Code
254,Vim
254,Visual Studio
254,Visual Studio Code
255,Eclipse
255,"RAD Studio (Delphi, C++ Builder)"
255,Visual Studio
256,GoLand
256,Nano
256,PyCharm
256,Visual Studio
256,Visual Studio Code
257,Android Studio
257,Atom
257,Eclipse
257,Emacs
257,IPython
257,IPython/Jupyter
257,IntelliJ
257,Notepad++
257,PhpStorm
257,PyCharm
257,RStudio
257,Spyder
257,Sublime Text
257,Vim
257,Visual Studio
257,Visual Studio Code
257,WebStorm
258,Emacs
258,IPython
258,IPython/Jupyter
258,Neovim
258,PyCharm
258,Vim
258,Visual Studio
258,Visual Studio Code
259,IntelliJ
259,Visual Studio
259,Visual Studio Code
260,Visual Studio
260,Visual Studio Code
261,Visual Studio
262,Neovim
262,Vim
262,Visual Studio
262,Visual Studio Code
263,Neovim
264,IPython
264,IPython/Jupyter
264,IntelliJ
264,Sublime Text
264,Vim
265,IntelliJ
265,Neovim
265,PhpStorm
265,Visual Studio
265,Visual Studio Code
266,Notepad++
266,Visual Studio
266,Visual Studio Code
267,Sublime Text
267,Vim
267,Visual Studio
267,Visual Studio Code
268,PyCharm
268,Visual Studio
268,Visual Studio Code
269,Notepad++
269,Vim
269,Visual Studio
269,Visual Studio Code
270,CLion
270,IntelliJ
270,Neovim
270,Qt Creator
270,Vim
271,Android Studio
271,GoLand
271,Neovim
271,Sublime Text
271,Visual Studio
271,Visual Studio Code
272,CLion
272,GoLand
272,IntelliJ
272,Visual Studio
272,Visual Studio Code
272,Xcode
273,Eclipse
273,IntelliJ
273,Sublime Text
273,Vim
273,Visual Studio
273,Visual Studio Code
274,Neovim
274,"RAD Studio (Delphi, C++ Builder)"
274,TextMate
274,Vim
275,Notepad++
275,Visual Studio
275,Visual Studio Code
276,Android Studio
276,GoLand
276,Nano
276,Notepad++
276,Sublime Text
276,Visual Studio
276,Visual Studio Code
277,IPython
277,IPython/Jupyter
277,Visual Studio
277,Visual Studio Code
278,Sublime Text
278,Visual Studio
278,Visual Studio Code
279,Notepad++
279,Sublime Text
279,Visual Studio
279,Visual Studio Code
280,IntelliJ
280,Vim
281,Android Studio
281,Visual Studio
281,Visual Studio Code
282,Spyder
282,Vim
283,Visual Studio
283,Visual Studio Code
284,Android Studio
284,Atom
284,IntelliJ
284,Sublime Text
284,Visual Studio
284,Visual Studio Code
285,Visual Studio
285,Visual Studio Code
286,Neovim
286,Sublime Text
286,Visual Studio
286,Visual Studio Code
287,IntelliJ
287,Visual Studio
287,Visual Studio Code
288,IPython
288,IPython/Jupyter
288,Visual Studio
288,Visual Studio Code
289,Neovim
290,IntelliJ
290,Notepad++
290,PyCharm
290,Visual Studio
290,Visual Studio Code
290,WebStorm
291,Sublime Text
291,Visual Studio
291,Visual Studio Code
292,GoLand
292,IntelliJ
292,PyCharm
292,Visual Studio
292,Visual Studio Code
293,IntelliJ
293,Nano
293,Notepad++
293,Rider
293,Visual Studio
293,Visual Studio Code
294,IPython
294,IPython/Jupyter
294,Sublime Text
295,IntelliJ
295,Vim
295,Visual Studio
295,Visual Studio Code
296,PyCharm
296,Visual Studio
296,Visual Studio Code
297,Vim
297,Visual Studio
297,Visual Studio Code
298,CLion
298,Vim
298,Visual Studio
298,Visual Studio Code
299,Visual Studio
299,Visual Studio Code
300,PyCharm
300,Visual Studio
300,Visual Studio Code
301,Android Studio
301,Visual Studio
301,Visual Studio Code
302,Visual Studio
302,Visual Studio Code
303,Vim
303,Visual Studio
303,Visual Studio Code
304,Notepad++
304,Visual Studio
304,Visual Studio Code
305,IntelliJ
305,PyCharm
305,Rider
305,WebStorm
306,CLion
306,Visual Studio
306,Visual Studio Code
307,Vim
307,Visual Studio
307,Visual Studio Code
308,IPython
308,IPython/Jupyter
308,Visual Studio
308,Visual Studio Code
309,Vim
309,Visual Studio
309,Visual Studio Code
310,CLion
310,Neovim
310,Visual Studio
310,Visual Studio Code
311,Android Studio
311,Notepad++
311,Visual Studio
311,Visual Studio Code
312,Visual Studio
312,Visual Studio Code
313,Notepad++
313,Visual Studio
313,Visual Studio Code
314,IPython
314,IPython/Jupyter
314,Visual Studio
314,Visual Studio Code
315,Sublime Text
315,Visual Studio
315,Visual Studio Code
316,Visual Studio
316,Visual Studio Code
317,Notepad++
317,Visual Studio
317,Visual Studio Code
318,Visual Studio
318,Visual Studio Code
318,Xcode
319,Visual Studio
319,Visual Studio Code
320,Android Studio
320,Xcode
321,CLion
321,IntelliJ
321,Rider
321,Visual Studio
321,Visual Studio Code
322,Visual Studio
322,Visual Studio Code
323,IntelliJ
324,Android Studio
324,Emacs
324,Xcode
325,Android Studio
325,GoLand
325,IntelliJ
325,Rider
325,Visual Studio
325,Visual Studio Code
325,Xcode
326,Eclipse
326,PyCharm
326,Visual Studio
326,Visual Studio Code
326,WebStorm
327,Emacs
328,Android Studio
328,CLion
328,Eclipse
328,Qt Creator
328,Visual Studio
328,Visual Studio Code
329,CLion
329,Nano
329,Notepad++
329,PyCharm
329,Visual Studio
329,Visual Studio Code
330,IntelliJ
330,Visual Studio
330,Visual Studio Code
330,Xcode
331,Visual Studio
331,Visual Studio Code
332,Emacs
332,IPython
332,IPython/Jupyter
332,RStudio
332,Vim
332,Visual Studio
332,Visual Studio Code
333,Android Studio
333,CLion
333,IPython
333,IPython/Jupyter
333,IntelliJ
333,Notepad++
333,PyCharm
333,Vim
333,Visual Studio
333,Visual Studio Code
334,Neovim
334,Spyder
334,Vim
335,Eclipse
335,Emacs
335,Notepad++
335,Vim
335,Visual Studio
335,Visual Studio Code
336,Neovim
337,Visual Studio
337,Visual Studio Code
338,Android Studio
338,PhpStorm
338,Visual Studio
338,Visual Studio Code
339,Atom
339,Notepad++
339,Sublime Text
339,Visual Studio
339,Visual Studio Code
339,WebStorm
340,Visual Studio
341,Notepad++
341,"RAD Studio (Delphi, C++ Builder)"
342,IntelliJ
342,Notepad++
342,Visual Studio
342,Visual Studio Code
343,GoLand
343,Sublime Text
343,Visual Studio
343,Visual Studio Code
344,IntelliJ
344,PyCharm
344,Sublime Text
344,Vim
345,Android Studio
345,Vim
346,Android Studio
346,Nano
346,Vim
346,Visual Studio
346,Visual Studio Code
347,IPython
347,IPython/Jupyter
347,Nano
347,RStudio
347,Vim
347,Visual Studio
347,Visual Studio Code
348,Android Studio
348,CLion
348,GoLand
348,IntelliJ
348,PyCharm
348,Rider
348,Visual Studio
348,Visual Studio Code
348,WebStorm
348,Xcode
349,IntelliJ
349,Vim
350,Neovim
350,Visual Studio
350,Visual Studio Code
351,Qt Creator
351,Visual Studio
351,Visual Studio Code
352,Atom
352,Notepad++
352,PhpStorm
352,Visual Studio
352,Visual Studio Code
352,WebStorm
353,Visual Studio
353,Visual Studio Code
354,IPython
354,IPython/Jupyter
354,Visual Studio
354,Visual Studio Code
355,Nano
355,Notepad++
355,Visual Studio
355,Visual Studio Code
356,Android Studio
356,IntelliJ
356,Xcode
357,Vim
358,Android Studio
358,CLion
358,IntelliJ
358,Rider
358,Sublime Text
358,Visual Studio
358,Visual Studio Code
358,WebStorm
358,Xcode
359,PyCharm
360,Android Studio
360,Neovim
360,Vim
360,Visual Studio
360,Visual Studio Code
361,Android Studio
361,CLion
361,IntelliJ
361,Notepad++
361,Sublime Text
361,Visual Studio
361,Visual Studio Code
362,Vim
362,Visual Studio
362,Visual Studio Code
363,Notepad++
363,Visual Studio
363,Visual Studio Code
364,Visual Studio
364,Visual Studio Code
365,Visual Studio
365,Visual Studio Code
366,Vim
367,Vim
367,Visual Studio
367,Visual Studio Code
368,IntelliJ
368,Neovim
368,Notepad++
368,Vim
368,Visual Studio
368,Visual Studio Code
369,Neovim
369,PhpStorm
369,Visual Studio
369,Visual Studio Code
369,WebStorm
370,IntelliJ
370,PhpStorm
370,PyCharm
370,Sublime Text
370,Vim
371,Neovim
371,Vim
371,Visual Studio
371,Visual Studio Code
372,Vim
373,Android Studio
373,Eclipse
373,Notepad++
373,Visual Studio
373,Visual Studio Code
374,Visual Studio
374,Visual Studio Code
375,PyCharm
375,Sublime Text
375,Visual Studio
375,Visual Studio Code
376,CLion
376,Qt Creator
376,Visual Studio
377,Neovim
378,Vim
378,Visual Studio
378,Visual Studio Code
379,Visual Studio
379,Visual Studio Code
380,IntelliJ
380,Notepad++
380,Visual Studio
380,Visual Studio Code
381,Eclipse
381,Notepad++
381,Visual Studio
381,Xcode
382,Vim
382,Visual Studio
382,Visual Studio Code
383,Android Studio
383,Eclipse
383,Neovim
383,Qt Creator
383,Visual Studio
383,Visual Studio Code
384,PyCharm
384,Visual Studio
385,IntelliJ
385,Notepad++
385,PyCharm
385,Vim
385,WebStorm
386,IntelliJ
386,Notepad++
386,Visual Studio
386,Visual Studio Code
387,Eclipse
387,Notepad++
387,Visual Studio
387,Visual Studio Code
388,Android Studio
388,Atom
388,PhpStorm
388,Vim
388,Visual Studio
388,Visual Studio Code
388,Xcode
389,Sublime Text
389,Visual Studio
389,Visual Studio Code
390,Eclipse
390,Sublime Text
390,Visual Studio
390,Visual Studio Code
391,Visual Studio
391,Visual Studio Code
391,Xcode
392,Vim
392,Visual Studio
392,Visual Studio Code
393,Notepad++
393,Visual Studio
393,Visual Studio Code
394,Emacs
395,PyCharm
395,Visual Studio
395,Visual Studio Code
396,IPython
396,IPython/Jupyter
396,Nano
396,Visual Studio
396,Visual Studio Code
397,Visual Studio
398,PyCharm
398,Visual Studio
398,Visual Studio Code
399,Emacs
399,GoLand
399,PyCharm
399,Vim
400,IPython
400,IPython/Jupyter
400,PyCharm
400,Vim
401,IntelliJ
401,Vim
401,Visual Studio
402,Visual Studio
402,Visual Studio Code
403,Visual Studio
403,Visual Studio Code
404,Atom
404,Eclipse
404,IPython
404,IPython/Jupyter
404,PyCharm
404,Qt Creator
404,Visual Studio
404,Visual Studio Code
404,Xcode
405,Neovim
405,Vim
406,IntelliJ
407,NetBeans
407,Notepad++
407,Visual Studio
407,Visual Studio Code
408,Vim
408,Visual Studio
408,Visual Studio Code
409,Android Studio
409,CLion
409,GoLand
409,IntelliJ
409,Nano
409,Visual Studio
409,Visual Studio Code
409,Xcode
410,Visual Studio
410,Visual Studio Code
411,Vim
411,Visual Studio
411,Visual Studio Code
412,Neovim
412,Visual Studio
412,Visual Studio Code
413,IPython
413,IPython/Jupyter
414,Android Studio
414,Eclipse
414,IntelliJ
414,Neovim
414,NetBeans
414,Notepad++
414,Vim
414,Visual Studio
414,Visual Studio Code
415,Vim
415,Visual Studio
415,Visual Studio Code
416,Android Studio
416,Atom
416,Eclipse
416,Nano
416,Neovim
416,Spyder
416,Vim
416,Visual Studio
416,Visual Studio Code
417,Visual Studio
417,Visual Studio Code
418,Emacs
418,IPython
418,IPython/Jupyter
418,Neovim
418,Spyder
418,Visual Studio
418,Visual Studio Code
419,Visual Studio
419,Visual Studio Code
420,Emacs
420,IntelliJ
421,Visual Studio
421,Visual Studio Code
422,Vim
422,Visual Studio
422,Visual Studio Code
423,PhpStorm
423,RubyMine
423,Visual Studio
423,Visual Studio Code
424,Visual Studio
425,Android Studio
425,Eclipse
425,IntelliJ
425,PyCharm
425,Visual Studio
425,Visual Studio Code
426,Emacs
426,Neovim
427,CLion
427,IntelliJ
427,Neovim
427,Vim
427,Xcode
428,Android Studio
428,Visual Studio
428,Visual Studio Code
429,CLion
429,Emacs
429,IntelliJ
429,PhpStorm
429,Vim
429,Visual Studio
429,Visual Studio Code
430,CLion
430,GoLand
430,IntelliJ
430,Nano
430,Rider
430,Sublime Text
430,Visual Studio
430,Visual Studio Code
431,Android Studio
431,Visual Studio
431,Visual Studio Code
431,Xcode
432,Eclipse
432,Notepad++
432,Visual Studio
432,Visual Studio Code
433,"RAD Studio (Delphi, C++ Builder)"
433,Visual Studio
434,IntelliJ
434,Visual Studio
434,Visual Studio Code
435,IntelliJ
435,Visual Studio
436,Visual Studio
436,Visual Studio Code
437,Nano
437,Visual Studio
438,CLion
438,Neovim
439,Android Studio
439,Rider
439,Visual Studio
439,Visual Studio Code
440,Notepad++
440,PyCharm
440,Visual Studio
440,Visual Studio Code
441,Android Studio
441,CLion
441,IntelliJ
441,Vim
441,Visual Studio
441,Visual Studio Code
442,Android Studio
442,IntelliJ
442,Visual Studio
442,Visual Studio Code
443,Vim
444,CLion
444,Neovim
444,Vim
445,Eclipse
445,Notepad++
445,Visual Studio
445,Visual Studio Code
446,IntelliJ
446,PyCharm
446,Visual Studio
446,Visual Studio Code
447,Visual Studio
447,Visual Studio Code
448,IPython
448,IPython/Jupyter
448,Notepad++
448,PyCharm
448,Qt Creator
448,Vim
448,Visual Studio
448,Visual Studio Code
449,IPython
449,IPython/Jupyter
449,Vim
449,Visual Studio
449,Visual Studio Code
450,Neovim
450,Spyder
450,Vim
451,Visual Studio
451,Visual Studio Code
452,Visual Studio
452,Visual Studio Code
453,Notepad++
453,"RAD Studio (Delphi, C++ Builder)"
453,Visual Studio
453,Visual Studio Code
454,Nano
454,Visual Studio
454,Visual Studio Code
455,Android Studio
455,Neovim
455,Sublime Text
455,Xcode
456,Rider
456,Visual Studio
456,Visual Studio Code
457,Android Studio
457,Sublime Text
457,Vim
457,Visual Studio
457,Visual Studio Code
458,IntelliJ
458,Neovim
458,Visual Studio
458,Visual Studio Code
459,IPython
459,IPython/Jupyter
459,Neovim
459,Vim
459,Visual Studio
459,Visual Studio Code
460,IntelliJ
460,Neovim
460,Visual Studio
460,Visual Studio Code
461,Visual Studio
461,Visual Studio Code
462,Neovim
462,Vim
463,PyCharm
464,IntelliJ
464,Visual Studio
464,Visual Studio Code
465,Emacs
465,Nano
466,Visual Studio
466,Visual Studio Code
467,IntelliJ
467,Neovim
467,Visual Studio
467,Visual Studio Code
468,Neovim
468,Vim
468,Visual Studio
468,Visual Studio Code
468,Xcode
469,Android Studio
469,IntelliJ
469,Visual Studio
469,Visual Studio Code
470,IPython
470,IPython/Jupyter
470,Notepad++
470,PyCharm
470,Qt Creator
470,Visual Studio
470,Visual Studio Code
471,Android Studio
471,CLion
471,IntelliJ
471,Nano
471,WebStorm
472,Visual Studio
472,Visual Studio Code
472,Xcode
473,IntelliJ
473,Visual Studio
473,Visual Studio Code
474,IPython
474,IPython/Jupyter
474,Vim
474,Visual Studio
474,Visual Studio Code
475,IntelliJ
475,Rider
475,Visual Studio
475,Visual Studio Code
476,Qt Creator
476,Vim
476,Visual Studio
476,Visual Studio Code
477,CLion
478,Visual Studio
478,Xcode
479,Notepad++
479,Visual Studio
480,Visual Studio
480,Visual Studio Code
481,IntelliJ
481,Sublime Text
481,Vim
481,Visual Studio
481,Visual Studio Code
482,Nano
482,Visual Studio
482,Visual Studio Code
483,Emacs
484,Android Studio
484,Eclipse
484,IntelliJ
484,Nano
484,NetBeans
484,Notepad++
484,Sublime Text
484,TextMate
484,Visual Studio
484,Visual Studio Code
485,Rider
485,Vim
485,Visual Studio
485,Visual Studio Code
486,Eclipse
486,Neovim
486,NetBeans
486,RubyMine
486,Sublime Text
486,Visual Studio
486,Visual Studio Code
486,WebStorm
487,Neovim
487,Vim
487,Visual Studio
487,Visual Studio Code
488,Emacs
488,GoLand
488,Neovim
488,Visual Studio
488,Visual Studio Code
489,Android Studio
489,IntelliJ
489,Notepad++
489,PyCharm
489,Qt Creator
490,IntelliJ
490,PyCharm
490,Vim
490,Visual Studio
491,PhpStorm
492,Vim
492,Visual Studio
492,Visual Studio Code
493,IPython
493,IPython/Jupyter
493,IntelliJ
493,Visual Studio
493,Visual Studio Code
494,Notepad++
494,Visual Studio
494,Visual Studio Code
495,Visual Studio
495,Visual Studio Code
496,Visual Studio
496,Visual Studio Code
497,Visual Studio
497,Visual Studio Code
498,IntelliJ
498,PyCharm
498,Sublime Text
498,Vim
498,Visual Studio
498,Visual Studio Code
499,Neovim
499,Visual Studio
499,Visual Studio Code
499,Xcode
500,Notepad++
500,Visual Studio
500,Visual Studio Code
501,CLion
501,Eclipse
501,Nano
501,Notepad++
501,Vim
501,Visual Studio
501,Visual Studio Code
502,Atom
502,Visual Studio
502,Visual Studio Code
503,Android Studio
503,Atom
503,CLion
503,IntelliJ
503,PyCharm
503,RStudio
503,Visual Studio
503,Visual Studio Code
504,Vim
504,Visual Studio
505,Eclipse
505,IPython
505,IPython/Jupyter
505,IntelliJ
505,Notepad++
505,Qt Creator
505,RStudio
505,Spyder
505,Vim
505,Visual Studio
505,Visual Studio Code
506,CLion
506,IntelliJ
506,Visual Studio
506,Visual Studio Code
506,WebStorm
507,IntelliJ
507,PyCharm
507,Visual Studio
507,Visual Studio Code
508,Qt Creator
508,Vim
508,Visual Studio
508,Visual Studio Code
508,Xcode
509,Emacs
509,Visual Studio
509,Visual Studio Code
510,Neovim
510,Visual Studio
510,Visual Studio Code
511,Visual Studio
511,Visual Studio Code
512,Visual Studio
512,Visual Studio Code
513,CLion
513,PhpStorm
513,PyCharm
513,Visual Studio
513,Visual Studio Code
514,Visual Studio
514,Visual Studio Code
515,Sublime Text
516,Emacs
516,Rider
517,Notepad++
517,Visual Studio
518,Visual Studio
518,Visual Studio Code
519,Visual Studio
519,Visual Studio Code
520,Vim
520,Visual Studio
520,Visual Studio Code
521,Android Studio
521,Visual Studio
521,Visual Studio Code
522,IntelliJ
522,Visual Studio
522,Visual Studio Code
523,Visual Studio
523,Visual Studio Code
524,Vim
524,Visual Studio
524,Visual Studio Code
525,IntelliJ
525,PyCharm
525,Vim
526,Notepad++
526,Visual Studio
526,Visual Studio Code
527,Android Studio
527,Emacs
527,IntelliJ
527,Neovim
527,PyCharm
527,Vim
527,Visual Studio
527,Visual Studio Code
528,Visual Studio
528,Visual Studio Code
528,Xcode
529,Neovim
529,Vim
529,Visual Studio
529,Visual Studio Code
530,"RAD Studio (Delphi, C++ Builder)"
530,Spyder
531,Nano
531,Notepad++
531,Visual Studio
531,Visual Studio Code
532,Visual Studio
532,Visual Studio Code
533,Atom
533,Neovim
533,RStudio
533,Vim
534,Sublime Text
534,Visual Studio
534,Visual Studio Code
535,Neovim
535,Visual Studio
536,CLion
536,GoLand
536,IntelliJ
536,Notepad++
536,PyCharm
536,Vim
536,Visual Studio
536,Visual Studio Code
537,Emacs
537,Vim
537,Visual Studio
537,Visual Studio Code
538,Notepad++
538,Rider
538,TextMate
538,Visual Studio
538,Visual Studio Code
539,Neovim
539,Vim
540,Nano
540,Neovim
540,Vim
540,Visual Studio
540,Visual Studio Code
541,Emacs
541,Visual Studio
541,Visual Studio Code
543,Vim
544,CLion
544,Notepad++
544,Visual Studio
544,Visual Studio Code
545,Android Studio
545,CLion
545,GoLand
545,IntelliJ
545,PyCharm
545,Rider
545,RubyMine
545,Vim
545,Visual Studio
545,Visual Studio Code
545,WebStorm
546,IntelliJ
546,PyCharm
546,Sublime Text
546,Visual Studio
546,Visual Studio Code
547,Visual Studio
547,Visual Studio Code
548,Neovim
548,Xcode
549,Notepad++
549,Visual Studio
550,IPython
550,IPython/Jupyter
550,PyCharm
550,Vim
551,Atom
551,CLion
551,Eclipse
551,IntelliJ
551,Nano
551,Notepad++
551,PyCharm
551,Vim
551,Visual Studio
551,Visual Studio Code
552,Emacs
552,IPython
552,IPython/Jupyter
552,IntelliJ
552,Neovim
553,PyCharm
553,Rider
553,Visual Studio
553,Visual Studio Code
554,IntelliJ
554,Visual Studio
554,Visual Studio Code
554,WebStorm
555,Notepad++
555,Vim
555,Visual Studio
555,Visual Studio Code
556,Visual Studio
556,Visual Studio Code
557,Nano
557,Vim
557,Visual Studio
557,Visual Studio Code
557,Xcode
558,CLion
558,Notepad++
558,Rider
558,Visual Studio
559,IntelliJ
559,Notepad++
559,PyCharm
560,Android Studio
560,CLion
560,IntelliJ
560,Sublime Text
560,Vim
560,Visual Studio
560,Visual Studio Code
561,Eclipse
561,Notepad++
561,Visual Studio
561,Visual Studio Code
562,Android Studio
562,Atom
562,Notepad++
562,Visual Studio
562,Visual Studio Code
563,IntelliJ
563,Visual Studio
563,Visual Studio Code
564,Atom
564,IntelliJ
564,Sublime Text
565,Notepad++
565,Rider
565,RubyMine
565,TextMate
565,Visual Studio
565,Visual Studio Code
566,Eclipse
566,Nano
566,Visual Studio
566,Visual Studio Code
567,Visual Studio
567,Visual Studio Code
568,Notepad++
568,Visual Studio
568,Visual Studio Code
569,Atom
569,Eclipse
569,Vim
569,Visual Studio
569,Visual Studio Code
570,IntelliJ
570,Nano
571,IPython
571,IPython/Jupyter
571,Vim
571,Visual Studio
571,Visual Studio Code
572,Vim
573,Android Studio
573,IntelliJ
573,Vim
573,Visual Studio
573,Visual Studio Code
573,Xcode
574,Nano
574,Visual Studio
574,Visual Studio Code
575,Eclipse
575,IntelliJ
575,Notepad++
576,Notepad++
576,Visual Studio
576,Visual Studio Code
577,Neovim
578,Android Studio
578,Visual Studio
578,Visual Studio Code
579,Nano
579,Sublime Text
579,Vim
579,Visual Studio
579,Visual Studio Code
580,Android Studio
581,Eclipse
581,IPython
581,IPython/Jupyter
581,IntelliJ
581,Vim
581,Visual Studio
581,Visual Studio Code
582,Rider
583,PyCharm
583,Sublime Text
584,Neovim
584,Rider
584,Vim
584,Visual Studio
584,Visual Studio Code
585,CLion
585,PyCharm
586,Notepad++
587,Android Studio
587,Emacs
587,Neovim
587,Visual Studio
587,Visual Studio Code
588,Visual Studio
588,Visual Studio Code
589,Visual Studio
589,Visual Studio Code
590,Atom
590,CLion
590,PyCharm
590,Rider
590,WebStorm
591,IntelliJ
591,Visual Studio
591,Visual Studio Code
592,Emacs
592,Vim
593,Eclipse
593,IntelliJ
593,Notepad++
593,PyCharm
593,Visual Studio
593,Visual Studio Code
593,WebStorm
594,Notepad++
594,Rider
594,Visual Studio
594,Visual Studio Code
595,IntelliJ
595,NetBeans
595,Notepad++
595,PyCharm
595,Sublime Text
596,CLion
596,Emacs
596,IntelliJ
596,PhpStorm
596,PyCharm
596,Visual Studio
596,Visual Studio Code
596,WebStorm
597,Visual Studio
597,Visual Studio Code
597,WebStorm
598,Visual Studio
598,Visual Studio Code
598,WebStorm
599,Android Studio
599,Atom
599,Notepad++
599,Visual Studio
599,Visual Studio Code
599,Xcode
601,Eclipse
601,Emacs
601,Neovim
602,IntelliJ
602,Nano
602,PhpStorm
602,PyCharm
602,Sublime Text
603,Nano
603,Neovim
603,Sublime Text
603,Vim
603,Visual Studio
603,Visual Studio Code
604,IPython
604,IPython/Jupyter
604,PyCharm
604,Vim
605,Android Studio
605,IntelliJ
605,Visual Studio
605,Visual Studio Code
606,IntelliJ
607,Neovim
607,Vim
607,Visual Studio
607,Visual Studio Code
608,IntelliJ
608,Sublime Text
609,Eclipse
609,Notepad++
609,Visual Studio
610,Android Studio
610,CLion
610,Qt Creator
610,Visual Studio
610,Visual Studio Code
611,IntelliJ
611,Vim
612,Atom
612,CLion
612,IntelliJ
612,PyCharm
612,Qt Creator
612,Vim
613,CLion
613,Eclipse
613,IPython
613,IPython/Jupyter
613,IntelliJ
613,PyCharm
614,Vim
615,Emacs
616,CLion
616,GoLand
616,IntelliJ
616,Visual Studio
616,Visual Studio Code
617,Notepad++
617,Visual Studio
617,Visual Studio Code
618,Notepad++
618,TextMate
618,Visual Studio
618,Visual Studio Code
619,Android Studio
619,IntelliJ
620,Emacs
620,RStudio
620,Visual Studio
620,Visual Studio Code
621,Visual Studio
621,Visual Studio Code
622,PhpStorm
622,Visual Studio
622,Visual Studio Code
623,Neovim
623,Rider
623,Visual Studio
623,Visual Studio Code
623,WebStorm
624,Emacs
624,Neovim
624,Vim
624,Visual Studio
624,Visual Studio Code
625,Vim
625,Visual Studio
625,Visual Studio Code
626,Neovim
626,Visual Studio
626,Visual Studio Code
627,Emacs
627,IntelliJ
627,Neovim
627,Visual Studio
627,Visual Studio Code
628,Vim
628,Visual Studio
628,Visual Studio Code
629,Visual Studio
629,Visual Studio Code
629,Xcode
630,GoLand
630,Rider
630,Visual Studio
630,Visual Studio Code
632,Visual Studio
632,Visual Studio Code
633,IntelliJ
634,Notepad++
634,Rider
634,Visual Studio
634,Visual Studio Code
635,IPython
635,IPython/Jupyter
635,Vim
635,Visual Studio
635,Visual Studio Code
636,IntelliJ
636,Notepad++
636,PyCharm
636,Visual Studio
636,Visual Studio Code
637,Rider
637,Visual Studio
637,Visual Studio Code
638,Notepad++
638,Visual Studio
638,Visual Studio Code
639,Eclipse
639,IntelliJ
639,Vim
639,Visual Studio
639,Visual Studio Code
640,IntelliJ
640,Neovim
640,Visual Studio
640,Visual Studio Code
641,IntelliJ
641,Sublime Text
641,Vim
642,Vim
642,Visual Studio
642,Visual Studio Code
643,Emacs
643,IntelliJ
643,Visual Studio
644,Vim
644,Visual Studio
644,Visual Studio Code
645,IntelliJ
645,PhpStorm
645,WebStorm
646,CLion
646,Notepad++
646,Sublime Text
646,Visual Studio
646,Visual Studio Code
647,IntelliJ
647,Sublime Text
648,Notepad++
648,Visual Studio
648,Visual Studio Code
649,Android Studio
649,Vim
649,Visual Studio
649,Visual Studio Code
650,Neovim
650,Vim
650,Visual Studio
650,Visual Studio Code
651,IPython
651,IPython/Jupyter
651,Notepad++
651,PyCharm
651,Qt Creator
651,Visual Studio
651,Visual Studio Code
652,PhpStorm
652,Visual Studio
652,Visual Studio Code
653,Eclipse
653,NetBeans
653,Vim
654,Visual Studio
654,Visual Studio Code
655,Emacs
656,Visual Studio
656,Visual Studio Code
657,Atom
657,CLion
657,IPython
657,IPython/Jupyter
657,IntelliJ
657,Rider
657,Sublime Text
657,Visual Studio
657,Visual Studio Code
658,Vim
658,Visual Studio
658,Visual Studio Code
659,CLion
659,IntelliJ
659,Notepad++
659,PyCharm
659,Visual Studio
659,Visual Studio Code
659,Xcode
660,Notepad++
660,Visual Studio
660,Visual Studio Code
661,Notepad++
661,PyCharm
661,Visual Studio
661,Visual Studio Code
662,Android Studio
662,IntelliJ
662,Visual Studio
662,Visual Studio Code
663,Visual Studio
664,Emacs
665,IntelliJ
665,Visual Studio
665,Visual Studio Code
666,Emacs
666,IntelliJ
666,Nano
666,Neovim
666,Rider
666,Vim
666,Visual Studio
666,Visual Studio Code
667,Visual Studio
667,Visual Studio Code
668,Atom
668,PhpStorm
668,Visual Studio
668,Visual Studio Code
669,RStudio
669,Vim
671,Neovim
671,Visual Studio
671,Visual Studio Code
672,Visual Studio
672,Visual Studio Code
673,Eclipse
673,Notepad++
673,Qt Creator
673,Vim
674,IntelliJ
674,WebStorm
675,Neovim
675,Vim
676,Notepad++
676,Visual Studio
676,Visual Studio Code
677,Vim
677,Visual Studio
677,Visual Studio Code
678,Notepad++
678,Visual Studio
679,Vim
680,CLion
681,Neovim
681,PyCharm
681,Visual Studio
682,Android Studio
682,NetBeans
682,PhpStorm
682,Visual Studio
682,Visual Studio Code
682,WebStorm
682,Xcode
683,Sublime Text
684,Vim
684,Visual Studio
684,Visual Studio Code
685,Emacs
685,Neovim
685,Vim
685,Visual Studio
685,Visual Studio Code
686,CLion
686,Notepad++
686,Visual Studio
686,Visual Studio Code
687,Neovim
688,Atom
689,PhpStorm
690,Neovim
690,Vim
691,CLion
691,Eclipse
691,IntelliJ
691,Nano
691,PyCharm
691,Sublime Text
692,Visual Studio
692,Visual Studio Code
693,CLion
693,IntelliJ
693,Neovim
693,Visual Studio
693,Visual Studio Code
694,CLion
694,IPython
694,IPython/Jupyter
694,IntelliJ
694,Nano
694,PyCharm
694,Vim
694,Visual Studio
694,Visual Studio Code
695,Vim
695,Visual Studio
695,Visual Studio Code
695,WebStorm
696,Neovim
697,Android Studio
697,Nano
697,Visual Studio
697,Visual Studio Code
698,Notepad++
698,Visual Studio
698,Visual Studio Code
698,Xcode
699,GoLand
699,Vim
699,Visual Studio
699,Visual Studio Code
700,Emacs
700,Neovim
700,Vim
701,Android Studio
701,IntelliJ
701,Visual Studio
701,Visual Studio Code
702,Vim
702,Visual Studio
702,Visual Studio Code
703,Visual Studio
703,Visual Studio Code
704,Android Studio
704,IntelliJ
704,Rider
704,WebStorm
704,Xcode
706,Android Studio
706,Atom
706,Eclipse
706,IntelliJ
706,Notepad++
706,PyCharm
706,Sublime Text
706,Visual Studio
706,Visual Studio Code
706,Xcode
707,Neovim
707,Vim
707,Visual Studio
707,Visual Studio Code
708,Atom
708,Eclipse
708,IPython
708,IPython/Jupyter
708,Nano
708,Notepad++
708,Visual Studio
708,Visual Studio Code
708,Xcode
709,IntelliJ
709,Notepad++
709,Vim
709,WebStorm
709,Xcode
710,Emacs
710,Neovim
710,Qt Creator
710,Vim
710,Visual Studio
710,Visual Studio Code
711,Emacs
711,IntelliJ
711,RStudio
711,Visual Studio
711,Visual Studio Code
712,Visual Studio
712,Visual Studio Code
713,IntelliJ
713,Sublime Text
713,Visual Studio
713,Visual Studio Code
714,Visual Studio
714,Visual Studio Code
715,Android Studio
715,Nano
715,PyCharm
715,Rider
715,Vim
715,Visual Studio
715,Visual Studio Code
716,Neovim
716,Sublime Text
716,Vim
716,Visual Studio
716,Visual Studio Code
717,Atom
717,Eclipse
717,IntelliJ
717,Sublime Text
717,Visual Studio
717,Visual Studio Code
719,Neovim
719,Vim
719,Visual Studio
719,Visual Studio Code
720,IntelliJ
720,Notepad++
720,Visual Studio
721,Eclipse
721,NetBeans
721,Visual Studio
721,Visual Studio Code
722,IntelliJ
723,Android Studio
723,IntelliJ
723,Vim
723,Visual Studio
723,Visual Studio Code
724,Neovim
724,Vim
725,Neovim
725,Vim
725,Visual Studio
725,Visual Studio Code
726,Emacs
726,Rider
726,Visual Studio
726,Visual Studio Code
727,IntelliJ
727,Vim
727,Visual Studio
727,Visual Studio Code
728,Notepad++
728,Visual Studio
728,Visual Studio Code
729,IntelliJ
729,PhpStorm
729,PyCharm
729,Rider
729,Sublime Text
729,Vim
729,Visual Studio
729,Visual Studio Code
729,WebStorm
730,RStudio
730,Visual Studio
730,Visual Studio Code
731,CLion
731,IntelliJ
731,Visual Studio
731,Visual Studio Code
731,WebStorm
732,IntelliJ
732,NetBeans
732,Vim
732,Visual Studio
732,Visual Studio Code
733,IntelliJ
733,Neovim
733,Visual Studio
733,Visual Studio Code
734,Eclipse
734,Visual Studio
734,Visual Studio Code
735,Visual Studio
735,Visual Studio Code
736,Neovim
737,CLion
737,IntelliJ
737,Nano
737,Neovim
737,PhpStorm
737,PyCharm
737,Rider
737,Visual Studio
737,Visual Studio Code
737,WebStorm
738,IntelliJ
738,Notepad++
738,PyCharm
738,Visual Studio
738,Visual Studio Code
738,Xcode
739,Visual Studio
739,Visual Studio Code
740,CLion
740,IntelliJ
740,PyCharm
740,Rider
740,Visual Studio
740,Visual Studio Code
741,Emacs
741,IntelliJ
741,Neovim
741,Rider
741,Visual Studio
741,Visual Studio Code
743,Android Studio
743,Neovim
743,Visual Studio
743,Visual Studio Code
744,Neovim
744,Sublime Text
744,Visual Studio
744,Visual Studio Code
745,Neovim
746,Visual Studio
746,Visual Studio Code
747,Eclipse
747,IntelliJ
747,Notepad++
747,Visual Studio
747,Visual Studio Code
748,Vim
748,Visual Studio
748,Visual Studio Code
749,IntelliJ
749,Notepad++
749,Visual Studio
750,Sublime Text
751,Emacs
751,Vim
752,Emacs
752,Visual Studio
752,Visual Studio Code
753,Vim
754,Neovim
754,Vim
755,Neovim
755,Visual Studio
755,Visual Studio Code
756,Emacs
756,IPython
756,IPython/Jupyter
756,IntelliJ
756,Sublime Text
756,Vim
756,Visual Studio
757,Visual Studio
757,Visual Studio Code
758,Emacs
758,IPython
758,IPython/Jupyter
758,Neovim
758,PyCharm
758,Vim
758,Visual Studio
758,Visual Studio Code
759,Neovim
759,Vim
759,Visual Studio
759,Visual Studio Code
760,Visual Studio
760,Visual Studio Code
761,Visual Studio
761,Visual Studio Code
762,Emacs
762,Vim
763,Nano
763,PyCharm
763,Vim
763,Visual Studio
763,Visual Studio Code
764,Atom
764,IPython
764,IPython/Jupyter
764,IntelliJ
764,Sublime Text
764,Vim
765,Emacs
765,IntelliJ
765,Visual Studio
765,Visual Studio Code
766,Eclipse
766,IntelliJ
766,Neovim
766,Vim
767,CLion
767,IntelliJ
767,Neovim
767,Visual Studio
767,Visual Studio Code
768,IntelliJ
768,Rider
769,Visual Studio
769,Visual Studio Code
770,IntelliJ
770,Neovim
770,Visual Studio
770,Visual Studio Code
771,Visual Studio
771,Visual Studio Code
772,Vim
772,Visual Studio
772,Visual Studio Code
773,Nano
773,Vim
773,Visual Studio
773,Visual Studio Code
773,WebStorm
774,Visual Studio
774,Visual Studio Code
775,IntelliJ
775,Visual Studio
775,Visual Studio Code
775,WebStorm
776,Android Studio
776,Eclipse
776,IntelliJ
776,Visual Studio
776,Visual Studio Code
776,Xcode
777,IntelliJ
777,Neovim
777,Notepad++
777,Vim
777,Visual Studio
777,Visual Studio Code
778,Vim
779,PyCharm
779,Visual Studio
779,Visual Studio Code
780,Emacs
780,Nano
780,Visual Studio
780,Visual Studio Code
781,Eclipse
781,Emacs
781,Visual Studio
781,Visual Studio Code
782,IntelliJ
782,Visual Studio
782,Visual Studio Code
783,CLion
783,IntelliJ
783,Neovim
783,PyCharm
783,Qt Creator
783,Visual Studio
783,Visual Studio Code
784,Visual Studio
784,Visual Studio Code
785,CLion
785,Rider
785,Sublime Text
785,Visual Studio
785,Visual Studio Code
785,WebStorm
786,Nano
786,Sublime Text
787,Visual Studio
787,Visual Studio Code
788,Atom
788,Nano
788,NetBeans
788,Notepad++
788,PhpStorm
788,Sublime Text
788,TextMate
788,Visual Studio
788,Visual Studio Code
788,Xcode
789,Notepad++
789,Sublime Text
789,Visual Studio
789,Visual Studio Code
790,CLion
790,GoLand
790,IntelliJ
790,PyCharm
790,Rider
790,Sublime Text
790,Vim
790,Visual Studio
791,Nano
791,Notepad++
792,IntelliJ
792,Notepad++
792,Vim
792,Visual Studio
792,Visual Studio Code
793,IntelliJ
793,Notepad++
793,PyCharm
793,Visual Studio
793,Visual Studio Code
794,Visual Studio
794,Visual Studio Code
795,IntelliJ
795,Nano
795,PyCharm
795,Visual Studio
795,Visual Studio Code
796,Emacs
797,IntelliJ
797,Vim
797,Visual Studio
797,Visual Studio Code
798,IntelliJ
798,Notepad++
798,Visual Studio
798,Visual Studio Code
799,IPython
799,IPython/Jupyter
799,Neovim
799,Visual Studio
799,Visual Studio Code
800,Nano
800,Notepad++
800,Visual Studio
800,Visual Studio Code
801,Visual Studio
801,Visual Studio Code
802,Visual Studio
802,Visual Studio Code
803,CLion
803,IPython
803,IPython/Jupyter
803,IntelliJ
803,PhpStorm
803,PyCharm
803,Visual Studio
803,Visual Studio Code
804,Sublime Text
804,Visual Studio
804,Visual Studio Code
805,GoLand
805,IntelliJ
805,Visual Studio
805,Visual Studio Code
805,WebStorm
806,Notepad++
806,Vim
806,Visual Studio
806,Visual Studio Code
807,Neovim
807,Vim
807,Visual Studio
807,Visual Studio Code
808,Android Studio
808,CLion
808,GoLand
808,IntelliJ
808,Neovim
808,Vim
808,Visual Studio
808,Visual Studio Code
808,WebStorm
809,PhpStorm
809,Sublime Text
810,GoLand
810,IntelliJ
810,Sublime Text
810,Vim
811,IPython
811,IPython/Jupyter
811,Notepad++
811,Rider
811,Visual Studio
811,Visual Studio Code
812,IntelliJ
812,Neovim
812,Visual Studio
812,Visual Studio Code
813,Eclipse
813,Emacs
813,Nano
813,Notepad++
813,Vim
813,Visual Studio
813,Visual Studio Code
814,Emacs
814,Vim
814,Visual Studio
814,Visual Studio Code
815,IntelliJ
816,Android Studio
816,Emacs
816,Neovim
816,Visual Studio
816,Visual Studio Code
817,CLion
817,IntelliJ
817,Vim
817,Visual Studio
817,Visual Studio Code
818,Emacs
818,Vim
819,Nano
819,Notepad++
819,Visual Studio
819,Visual Studio Code
820,IntelliJ
820,Visual Studio
820,Visual Studio Code
821,Notepad++
821,Visual Studio
821,Visual Studio Code
822,Visual Studio
822,Visual Studio Code
823,Android Studio
823,Eclipse
823,IntelliJ
823,Visual Studio
823,Visual Studio Code
824,Neovim
824,Visual Studio
824,Visual Studio Code
825,CLion
825,GoLand
825,Nano
825,Rider
825,Visual Studio
825,Visual Studio Code
826,Neovim
826,Vim
826,Visual Studio
827,CLion
827,IntelliJ
827,Visual Studio
827,Visual Studio Code
827,WebStorm
828,IntelliJ
828,Vim
829,IntelliJ
829,PhpStorm
829,Vim
829,WebStorm
830,IntelliJ
830,Nano
830,Neovim
830,PhpStorm
830,PyCharm
830,Visual Studio
830,Visual Studio Code
831,IntelliJ
831,Notepad++
831,PyCharm
831,Visual Studio
831,Visual Studio Code
832,Neovim
833,CLion
833,PyCharm
833,Rider
834,Atom
834,CLion
834,IPython
834,IPython/Jupyter
834,IntelliJ
834,PyCharm
834,Vim
834,Visual Studio
834,Visual Studio Code
835,IPython
835,IPython/Jupyter
835,IntelliJ
835,Neovim
835,PyCharm
835,Vim
835,Visual Studio
835,Visual Studio Code
836,Android Studio
836,IntelliJ
836,PyCharm
836,Rider
836,Visual Studio
836,Visual Studio Code
837,Android Studio
837,IPython
837,IPython/Jupyter
837,PyCharm
837,Visual Studio
837,Visual Studio Code
838,IntelliJ
838,Nano
838,Visual Studio
838,Visual Studio Code
838,Xcode
839,IPython
839,IPython/Jupyter
839,IntelliJ
839,Visual Studio
840,IntelliJ
840,Visual Studio
840,Visual Studio Code
841,Nano
841,Neovim
841,Visual Studio
841,Visual Studio Code
842,Emacs
842,IntelliJ
842,Vim
843,Atom
843,CLion
843,IntelliJ
843,Rider
843,Visual Studio
843,Visual Studio Code
844,Android Studio
844,IntelliJ
844,Visual Studio
844,Visual Studio Code
844,Xcode
845,Visual Studio
845,Visual Studio Code
846,Notepad++
846,Visual Studio
846,Visual Studio Code
847,Android Studio
847,Visual Studio
847,Visual Studio Code
848,Visual Studio
848,Visual Studio Code
849,GoLand
849,IPython
849,IPython/Jupyter
849,IntelliJ
849,Neovim
849,PyCharm
849,Sublime Text
849,Vim
849,Visual Studio
850,Visual Studio
850,Visual Studio Code
851,Notepad++
851,Visual Studio
851,Visual Studio Code
852,GoLand
852,IPython
852,IPython/Jupyter
852,Notepad++
852,PyCharm
852,Rider
852,Sublime Text
852,Vim
852,Visual Studio
852,Visual Studio Code
852,WebStorm
853,Visual Studio
853,Visual Studio Code
854,Notepad++
854,Rider
854,Visual Studio
854,Visual Studio Code
855,Notepad++
855,Rider
855,Visual Studio
855,Visual Studio Code
856,Notepad++
856,"RAD Studio (Delphi, C++ Builder)"
857,IntelliJ
857,Qt Creator
857,Vim
857,Visual Studio
857,Visual Studio Code
858,GoLand
858,IntelliJ
858,PyCharm
858,RubyMine
858,Vim
859,Vim
859,Visual Studio
859,Visual Studio Code
860,Vim
860,Visual Studio
860,Visual Studio Code
860,Xcode
861,Emacs
861,Visual Studio
861,Visual Studio Code
862,Neovim
862,Vim
863,Visual Studio
863,Visual Studio Code
864,Neovim
864,Vim
864,Visual Studio
864,Visual Studio Code
865,Visual Studio
866,CLion
866,IPython
866,IPython/Jupyter
866,IntelliJ
866,Nano
866,PyCharm
866,Visual Studio
866,Visual Studio Code
867,IntelliJ
867,Nano
867,Visual Studio
867,Visual Studio Code
868,PyCharm
869,Notepad++
869,Rider
869,Visual Studio
869,Visual Studio Code
870,Atom
870,IPython
870,IPython/Jupyter
870,Visual Studio
870,Visual Studio Code
871,CLion
871,IntelliJ
871,Vim
872,Notepad++
872,Visual Studio
872,Visual Studio Code
873,GoLand
873,Vim
874,Android Studio
874,Notepad++
874,Sublime Text
874,TextMate
874,Vim
874,Visual Studio
874,Visual Studio Code
874,Xcode
875,Atom
875,CLion
875,Emacs
875,IntelliJ
875,Notepad++
875,Visual Studio
875,Visual Studio Code
876,CLion
876,IPython
876,IPython/Jupyter
876,Neovim
876,PyCharm
876,Visual Studio
876,Visual Studio Code
876,WebStorm
877,CLion
877,Nano
877,Notepad++
877,PyCharm
877,Qt Creator
877,Vim
877,Visual Studio
877,Visual Studio Code
878,Emacs
879,IntelliJ
879,Neovim
879,Notepad++
879,Vim
879,Visual Studio
879,Visual Studio Code
880,Neovim
880,Visual Studio
880,Visual Studio Code
881,Visual Studio
881,Visual Studio Code
882,Visual Studio
882,Visual Studio Code
883,PhpStorm
884,CLion
884,PyCharm
884,RStudio
884,Visual Studio
884,Visual Studio Code
884,WebStorm
885,Notepad++
885,Visual Studio
885,Visual Studio Code
886,Notepad++
886,Vim
886,Visual Studio
886,Visual Studio Code
887,Android Studio
887,PhpStorm
887,Visual Studio
887,Visual Studio Code
888,Neovim
888,Visual Studio
888,Visual Studio Code
889,Atom
890,CLion
890,Emacs
890,IntelliJ
890,Neovim
890,Rider
890,Visual Studio
890,Visual Studio Code
891,Vim
892,Notepad++
892,PyCharm
892,Vim
892,Visual Studio
893,Visual Studio
893,Visual Studio Code
894,IPython
894,IPython/Jupyter
894,Nano
894,Neovim
894,Notepad++
894,Sublime Text
894,Vim
894,Visual Studio
894,Visual Studio Code
895,IntelliJ
895,Notepad++
895,PhpStorm
895,Sublime Text
895,Vim
895,Visual Studio
895,Visual Studio Code
895,WebStorm
896,Emacs
897,IntelliJ
897,Visual Studio
897,Visual Studio Code
898,Android Studio
898,IntelliJ
898,Sublime Text
898,Visual Studio
898,Visual Studio Code
899,Notepad++
899,Visual Studio
899,Visual Studio Code
900,Visual Studio
900,Visual Studio Code
901,Visual Studio
901,Visual Studio Code
901,Xcode
902,GoLand
902,Visual Studio
902,Visual Studio Code
903,Qt Creator
903,Vim
904,IPython
904,IPython/Jupyter
904,Vim
904,Visual Studio
904,Visual Studio Code
905,Neovim
905,PhpStorm
905,Visual Studio
905,Visual Studio Code
906,Android Studio
906,Visual Studio
906,Visual Studio Code
907,Android Studio
907,Eclipse
907,IntelliJ
907,Notepad++
907,Qt Creator
907,Visual Studio
907,Visual Studio Code
908,IntelliJ
908,Notepad++
908,Sublime Text
908,Visual Studio
908,Visual Studio Code
909,IntelliJ
909,Visual Studio
909,Visual Studio Code
910,Visual Studio
910,Visual Studio Code
911,IPython
911,IPython/Jupyter
911,Notepad++
911,Visual Studio
911,Visual Studio Code
912,Vim
912,Visual Studio
912,Visual Studio Code
913,IntelliJ
913,Visual Studio
913,Visual Studio Code
913,WebStorm
913,Xcode
914,Neovim
914,Vim
914,Visual Studio
914,Visual Studio Code
915,Atom
915,RStudio
915,Visual Studio
915,Visual Studio Code
916,Visual Studio
916,Visual Studio Code
917,Atom
917,Emacs
917,IntelliJ
917,Notepad++
917,Vim
917,Visual Studio
917,Visual Studio Code
918,Neovim
918,Visual Studio
918,Visual Studio Code
919,Vim
919,Visual Studio
919,Visual Studio Code
920,Notepad++
920,Visual Studio
921,Emacs
921,PyCharm
921,Qt Creator
921,Vim
922,Vim
922,Visual Studio
922,Visual Studio Code
923,Neovim
923,Visual Studio
923,Visual Studio Code
924,Android Studio
924,IntelliJ
924,Visual Studio
924,Visual Studio Code
925,Neovim
925,Vim
925,Visual Studio
925,Visual Studio Code
926,CLion
926,GoLand
926,IntelliJ
926,WebStorm
927,Neovim
927,Visual Studio
927,Visual Studio Code
928,Atom
928,IntelliJ
928,Vim
928,Visual Studio
928,Visual Studio Code
929,Vim
929,Visual Studio
929,Visual Studio Code
930,Neovim
930,Visual Studio
930,Visual Studio Code
931,PyCharm
931,Sublime Text
931,Vim
931,Visual Studio
931,Visual Studio Code
932,GoLand
932,IPython
932,IPython/Jupyter
932,IntelliJ
932,PyCharm
932,Qt Creator
932,RStudio
932,Vim
932,Visual Studio
932,Visual Studio Code
932,Xcode
933,IPython
933,IPython/Jupyter
933,Nano
933,Neovim
933,Vim
935,Visual Studio
935,Visual Studio Code
935,WebStorm
936,Notepad++
936,Rider
936,Visual Studio
937,Visual Studio
937,Visual Studio Code
938,IntelliJ
938,Vim
938,Visual Studio
938,Visual Studio Code
939,Emacs
939,Vim
940,Visual Studio
940,Visual Studio Code
940,Xcode
941,Neovim
941,Vim
942,Notepad++
942,Visual Studio
942,Visual Studio Code
943,Nano
943,Neovim
943,Vim
943,Visual Studio
943,Visual Studio Code
944,Vim
944,Visual Studio
944,Visual Studio Code
945,Android Studio
945,IntelliJ
945,PhpStorm
945,PyCharm
945,Visual Studio
945,Visual Studio Code
946,Atom
946,CLion
946,Eclipse
946,Notepad++
947,Android Studio
947,IPython
947,IPython/Jupyter
947,IntelliJ
947,Sublime Text
947,Visual Studio
947,Visual Studio Code
947,Xcode
948,Notepad++
948,Visual Studio
948,Visual Studio Code
949,Atom
949,Eclipse
949,IntelliJ
949,Nano
949,Notepad++
949,Sublime Text
949,Visual Studio
949,Visual Studio Code
950,IntelliJ
950,Vim
950,Visual Studio
950,Visual Studio Code
951,Visual Studio
951,Visual Studio Code
952,CLion
952,Notepad++
952,Rider
952,Visual Studio
952,Visual Studio Code
953,Rider
953,Vim
953,Visual Studio
953,Visual Studio Code
954,IntelliJ
954,Notepad++
954,Visual Studio
954,Visual Studio Code
955,Neovim
956,Android Studio
956,IntelliJ
956,Sublime Text
956,Vim
956,Visual Studio
956,Visual Studio Code
958,Notepad++
958,Sublime Text
958,Visual Studio
958,Visual Studio Code
959,CLion
960,CLion
960,Vim
960,Visual Studio
960,Visual Studio Code
961,IPython
961,IPython/Jupyter
961,PyCharm
962,IntelliJ
962,PyCharm
962,Sublime Text
962,Xcode
963,IntelliJ
964,Android Studio
964,CLion
964,IntelliJ
964,PhpStorm
964,Rider
964,Visual Studio
964,Visual Studio Code
965,Visual Studio
966,Notepad++
966,Visual Studio
966,Visual Studio Code
967,Neovim
967,Visual Studio
967,Visual Studio Code
968,CLion
968,Eclipse
968,IPython
968,IPython/Jupyter
968,IntelliJ
968,PyCharm
968,Vim
969,IntelliJ
969,Neovim
969,Vim
969,Visual Studio
969,Visual Studio Code
970,Visual Studio
970,Visual Studio Code
971,Emacs
971,Nano
971,Vim
972,Visual Studio
972,Visual Studio Code
973,Notepad++
973,Vim
974,Eclipse
974,IntelliJ
974,Notepad++
974,Sublime Text
974,Visual Studio
974,Visual Studio Code
975,Eclipse
975,PyCharm
975,Visual Studio
975,Visual Studio Code
976,IntelliJ
977,Nano
977,PyCharm
977,Visual Studio
977,Visual Studio Code
978,Notepad++
978,Vim
978,Visual Studio
978,Visual Studio Code
979,IntelliJ
980,GoLand
980,IntelliJ
980,Nano
980,PyCharm
980,Rider
980,Visual Studio
980,Visual Studio Code
980,WebStorm
981,Nano
981,Qt Creator
981,Vim
981,Visual Studio
981,Visual Studio Code
982,Notepad++
982,PyCharm
982,Vim
982,Visual Studio
982,Visual Studio Code
982,Xcode
983,Notepad++
983,Visual Studio
983,Visual Studio Code
984,Neovim
984,Vim
984,Visual Studio
985,IntelliJ
985,PyCharm
985,Visual Studio
985,Visual Studio Code
986,Android Studio
986,CLion
986,IPython
986,IPython/Jupyter
986,IntelliJ
986,Neovim
986,Notepad++
986,PyCharm
986,Qt Creator
986,Rider
986,Spyder
986,Sublime Text
986,Vim
986,Visual Studio
986,Visual Studio Code
986,WebStorm
987,Visual Studio
987,Visual Studio Code
988,CLion
988,IPython
988,IPython/Jupyter
988,IntelliJ
988,PyCharm
988,Vim
988,Visual Studio
988,Visual Studio Code
989,CLion
989,IPython
989,IPython/Jupyter
989,Visual Studio
989,Visual Studio Code
990,Notepad++
990,Visual Studio
990,Visual Studio Code
991,IntelliJ
991,Neovim
992,Vim
993,Atom
993,Notepad++
993,"RAD Studio (Delphi, C++ Builder)"
994,Neovim
995,Notepad++
995,Visual Studio
995,Visual Studio Code
996,Vim
996,Visual Studio
996,Visual Studio Code
997,Nano
997,Notepad++
997,Vim
997,Visual Studio
997,Visual Studio Code
998,IntelliJ
998,PhpStorm
999,Atom
999,PyCharm
999,Rider
999,Visual Studio
999,Visual Studio Code
1000,Notepad++
1000,Visual Studio
1000,Visual Studio Code
1001,Neovim
1001,Visual Studio
1001,Visual Studio Code
1002,IntelliJ
1002,NetBeans
1002,Notepad++
1002,"RAD Studio (Delphi, C++ Builder)"
1002,Visual Studio
1002,Visual Studio Code
1003,IntelliJ
1003,Neovim
1003,Notepad++
1003,Vim
1003,Visual Studio
1003,Visual Studio Code
1004,Neovim
1005,IntelliJ
1005,Notepad++
1005,PyCharm
1005,Visual Studio
1005,Visual Studio Code
1006,CLion
1006,GoLand
1006,Neovim
1006,PyCharm
1006,Vim
1006,Visual Studio
1006,Visual Studio Code
1007,Android Studio
1007,Atom
1007,CLion
1007,Eclipse
1007,GoLand
1007,IntelliJ
1007,PyCharm
1007,RStudio
1007,RubyMine
1007,Sublime Text
1007,Visual Studio
1007,Visual Studio Code
1007,WebStorm
1007,Xcode
1008,Neovim
1009,CLion
1009,IPython
1009,IPython/Jupyter
1009,IntelliJ
1009,Neovim
1009,PhpStorm
1009,PyCharm
1009,Vim
1009,Visual Studio
1009,Visual Studio Code
1010,IntelliJ
1010,Rider
1011,IntelliJ
1011,Vim
1011,Visual Studio
1011,Visual Studio Code
1012,Emacs
1012,IPython
1012,IPython/Jupyter
1012,IntelliJ
1012,Neovim
1012,PyCharm
1012,Sublime Text
1013,IPython
1013,IPython/Jupyter
1013,IntelliJ
1013,Visual Studio
1013,Visual Studio Code
1014,Android Studio
1014,CLion
1014,IntelliJ
1014,Nano
1014,PyCharm
1014,Sublime Text
1014,Visual Studio
1014,Visual Studio Code
1015,Visual Studio
1015,Visual Studio Code
1016,Notepad++
1016,Vim
1016,Visual Studio
1017,Android Studio
1017,Visual Studio
1017,Visual Studio Code
1018,Vim
1019,Atom
1019,CLion
1019,Emacs
1019,GoLand
1019,IPython
1019,IPython/Jupyter
1019,IntelliJ
1019,PyCharm
1019,Sublime Text
1019,Vim
1019,Visual Studio
1019,Visual Studio Code
1020,Vim
1020,Visual Studio
1020,Visual Studio Code
1021,Nano
1021,Sublime Text
1021,Vim
1021,Visual Studio
1021,Visual Studio Code
