ResponseId,WebframeHaveWorkedWith
2,Angular
2,Angular.js
3,ASP.NET
3,ASP.NET CORE
4,ASP.NET
4,ASP.NET CORE
4,Angular
4,Node.js
4,jQuery
6,Angular
6,Next.js
6,Node.js
6,React
6,React.js
6,Svelte
6,Vue.js
7,Node.js
7,jQuery
10,ASP.NET
10,ASP.NET CORE
10,Vue.js
11,ASP.NET
11,ASP.NET CORE
11,Express
11,Node.js
11,Vue.js
12,React
12,React.js
13,Next.js
13,Node.js
13,Phoenix
13,React
13,React.js
13,Ruby on Rails
13,jQuery
14,Django
14,Flask
14,Node.js
14,Ruby on Rails
14,Vue.js
14,jQuery
15,Express
15,Node.js
15,Vue.js
15,jQuery
16,Angular
16,Laravel
16,Node.js
16,React
16,React.js
16,Vue.js
20,Node.js
21,Angular
21,FastAPI
21,Vue.js
22,ASP.NET
22,ASP.NET CORE
22,Angular
22,React
22,React.js
25,Express
25,Gatsby
25,Node.js
26,jQuery
27,ASP.NET
27,ASP.NET CORE
27,React
27,React.js
29,ASP.NET
29,ASP.NET CORE
31,ASP.NET
34,Django
34,FastAPI
34,React
34,React.js
36,Angular
36,Angular.js
36,Django
36,Flask
36,Node.js
36,jQuery
37,Flask
37,Node.js
37,Nuxt.js
37,React
37,React.js
37,Ruby on Rails
37,Vue.js
37,jQuery
38,Flask
39,Node.js
39,jQuery
40,ASP.NET
40,ASP.NET CORE
40,jQuery
42,ASP.NET
42,ASP.NET CORE
42,Ruby on Rails
42,jQuery
43,Node.js
44,ASP.NET
44,ASP.NET CORE
45,Node.js
45,React
45,React.js
45,Vue.js
46,Node.js
46,React
46,React.js
47,Angular
47,Angular.js
47,jQuery
49,ASP.NET
49,ASP.NET CORE
49,Angular
51,Flask
51,Next.js
51,Node.js
51,Nuxt.js
51,React
51,React.js
51,Vue.js
53,ASP.NET
53,ASP.NET CORE
53,Angular
53,Node.js
53,jQuery
54,ASP.NET
54,ASP.NET CORE
55,Angular
55,Angular.js
55,Node.js
55,jQuery
57,ASP.NET
57,ASP.NET CORE
57,Angular
57,Node.js
57,jQuery
58,Express
58,Flask
58,Node.js
58,Vue.js
59,Node.js
60,FastAPI
60,Node.js
60,React
60,React.js
60,Vue.js
61,Flask
63,Express
63,Flask
63,Next.js
63,Node.js
63,Vue.js
64,Node.js
64,Vue.js
66,jQuery
67,ASP.NET
67,Node.js
67,jQuery
68,Django
68,Laravel
69,jQuery
70,Drupal
70,Symfony
70,jQuery
71,Django
71,React
71,React.js
71,Vue.js
73,Flask
73,Node.js
73,Vue.js
73,jQuery
74,ASP.NET
74,ASP.NET CORE
74,Blazor
75,Ruby on Rails
76,ASP.NET
76,ASP.NET CORE
78,Drupal
78,Symfony
78,jQuery
81,Express
81,Node.js
81,React
81,React.js
83,Express
83,Next.js
83,Node.js
83,React
83,React.js
83,Ruby on Rails
84,Node.js
87,ASP.NET
87,ASP.NET CORE
87,Angular
87,Node.js
87,React
87,React.js
88,Angular
90,Flask
91,ASP.NET
91,ASP.NET CORE
91,Angular
91,Node.js
92,Flask
93,Next.js
93,React
93,React.js
96,Express
96,Fastify
96,Gatsby
96,Next.js
96,Node.js
96,React
96,React.js
96,Ruby on Rails
97,ASP.NET
97,ASP.NET CORE
97,Angular
97,Node.js
97,React
97,React.js
97,jQuery
101,Nuxt.js
101,Vue.js
102,ASP.NET
102,ASP.NET CORE
102,Angular
102,Angular.js
103,Express
103,Node.js
103,Vue.js
104,Node.js
105,Vue.js
106,Express
106,Fastify
106,Next.js
106,Node.js
106,React
106,React.js
108,jQuery
109,ASP.NET
109,ASP.NET CORE
109,Angular
109,Node.js
109,Vue.js
110,Node.js
111,ASP.NET
111,ASP.NET CORE
111,Blazor
112,Flask
113,Drupal
113,Symfony
113,jQuery
114,Gatsby
114,React
114,React.js
114,Svelte
116,React
116,React.js
118,Express
118,Node.js
118,React
118,React.js
118,jQuery
120,Node.js
120,React
120,React.js
121,FastAPI
122,Angular
122,Express
122,Node.js
122,Ruby on Rails
122,Svelte
123,ASP.NET
124,Express
124,FastAPI
124,Node.js
124,React
124,React.js
126,Django
127,Laravel
127,React
127,React.js
127,jQuery
130,Django
130,jQuery
132,ASP.NET
132,Blazor
132,Express
132,Node.js
132,Nuxt.js
132,React
132,React.js
132,Vue.js
132,jQuery
133,Angular
133,Angular.js
133,Vue.js
133,jQuery
134,React
134,React.js
136,Flask
139,ASP.NET
140,Angular
140,Express
140,jQuery
141,ASP.NET
141,React
141,React.js
141,Svelte
141,Vue.js
141,jQuery
142,Flask
142,React
142,React.js
143,Django
143,Flask
143,Node.js
143,React
143,React.js
144,Django
145,Node.js
147,Angular
147,Angular.js
147,Vue.js
148,Angular
148,Angular.js
148,Node.js
149,ASP.NET
149,ASP.NET CORE
149,Angular
150,Django
151,Angular
151,Express
151,Flask
151,Next.js
151,Node.js
151,React
151,React.js
152,ASP.NET
152,ASP.NET CORE
152,Django
152,Express
152,Laravel
152,Next.js
152,Node.js
152,React
152,React.js
153,Flask
153,Next.js
153,Node.js
153,React
153,React.js
154,Node.js
154,Vue.js
154,jQuery
155,Angular
155,Express
155,Gatsby
155,Next.js
155,Node.js
156,ASP.NET
156,Angular
156,React
156,React.js
157,Node.js
157,React
157,React.js
158,React
158,React.js
159,Node.js
159,Vue.js
159,jQuery
160,ASP.NET
160,ASP.NET CORE
160,Flask
160,Vue.js
163,Django
164,ASP.NET
164,ASP.NET CORE
165,Vue.js
166,Express
166,Node.js
166,React
166,React.js
166,Vue.js
167,Angular
167,Node.js
168,Django
168,Express
168,FastAPI
168,Flask
168,Node.js
168,Nuxt.js
168,React
168,React.js
168,Svelte
168,Vue.js
168,jQuery
170,Django
170,FastAPI
170,Node.js
173,Next.js
173,Node.js
173,React
173,React.js
173,jQuery
174,Flask
174,jQuery
175,jQuery
176,React
176,React.js
177,ASP.NET
177,ASP.NET CORE
177,Node.js
177,React
177,React.js
179,Ruby on Rails
180,ASP.NET
180,ASP.NET CORE
180,Angular
180,Angular.js
180,Blazor
180,Node.js
180,jQuery
182,ASP.NET
182,ASP.NET CORE
182,Angular
182,Angular.js
182,Express
182,Node.js
182,React
182,React.js
182,jQuery
184,ASP.NET
184,ASP.NET CORE
184,Flask
184,Node.js
184,Ruby on Rails
184,Vue.js
185,Node.js
188,Angular
188,Laravel
188,Node.js
188,Symfony
188,jQuery
191,ASP.NET
191,ASP.NET CORE
191,Blazor
191,jQuery
192,Angular
192,React
192,React.js
193,ASP.NET
193,ASP.NET CORE
193,React
193,React.js
194,Angular
194,Angular.js
194,Laravel
194,Node.js
194,React
194,React.js
195,Django
195,jQuery
196,Django
196,FastAPI
197,Deno
197,Node.js
197,React
197,React.js
197,Svelte
201,Angular
201,Node.js
201,React
201,React.js
201,Svelte
202,FastAPI
202,Flask
202,Laravel
202,Symfony
202,Vue.js
202,jQuery
203,Flask
205,ASP.NET
205,ASP.NET CORE
205,Angular
205,Angular.js
205,Node.js
206,ASP.NET
206,Laravel
206,Node.js
206,Ruby on Rails
206,Vue.js
207,ASP.NET
207,ASP.NET CORE
207,Angular
208,Ruby on Rails
209,Express
209,Node.js
209,React
209,React.js
209,Vue.js
210,ASP.NET
210,ASP.NET CORE
210,Next.js
210,React
210,React.js
212,Flask
212,Vue.js
214,Blazor
214,Flask
214,Node.js
214,React
214,React.js
215,ASP.NET
215,ASP.NET CORE
215,Blazor
215,jQuery
216,Flask
216,Node.js
216,Vue.js
218,ASP.NET
218,ASP.NET CORE
219,Vue.js
220,Node.js
221,Angular
221,Angular.js
222,ASP.NET
222,ASP.NET CORE
223,Express
223,Node.js
223,React
223,React.js
223,Vue.js
228,ASP.NET
228,ASP.NET CORE
228,Node.js
228,jQuery
231,Django
231,Node.js
231,React
231,React.js
233,ASP.NET
233,ASP.NET CORE
233,jQuery
235,Node.js
235,React
235,React.js
236,ASP.NET
236,ASP.NET CORE
236,Angular
236,Angular.js
237,FastAPI
237,Flask
237,Node.js
237,React
237,React.js
239,Flask
241,jQuery
242,ASP.NET
242,ASP.NET CORE
242,Angular
242,Angular.js
244,jQuery
246,Express
246,Flask
246,Node.js
247,ASP.NET
247,ASP.NET CORE
250,Django
250,Laravel
250,Node.js
250,Vue.js
251,Flask
253,ASP.NET
253,ASP.NET CORE
253,Angular
256,Django
256,FastAPI
257,ASP.NET
257,ASP.NET CORE
257,Angular
257,Angular.js
257,Blazor
257,Django
257,Flask
257,Gatsby
257,Laravel
257,Node.js
258,Django
258,FastAPI
258,React
258,React.js
260,ASP.NET
260,ASP.NET CORE
260,Angular
260,Express
260,React
260,React.js
260,jQuery
261,ASP.NET
261,ASP.NET CORE
261,Blazor
261,jQuery
262,Flask
262,jQuery
267,Django
267,jQuery
268,Django
268,Express
268,Node.js
268,React
268,React.js
269,ASP.NET
269,ASP.NET CORE
269,Angular
269,Angular.js
269,Node.js
270,React
270,React.js
272,Angular
274,Ruby on Rails
275,ASP.NET
275,ASP.NET CORE
275,jQuery
277,Django
277,FastAPI
278,ASP.NET
278,ASP.NET CORE
278,Node.js
278,React
278,React.js
279,ASP.NET
279,ASP.NET CORE
279,React
279,React.js
279,Vue.js
279,jQuery
281,ASP.NET
281,Angular
281,React
281,React.js
283,Node.js
283,React
283,React.js
283,Ruby on Rails
284,jQuery
285,ASP.NET
285,ASP.NET CORE
285,Angular
285,Angular.js
285,Blazor
285,Node.js
285,React
285,React.js
285,jQuery
286,Express
286,Node.js
286,React
286,React.js
287,Angular
287,React
287,React.js
290,ASP.NET
290,ASP.NET CORE
290,Angular
290,Node.js
290,React
290,React.js
291,Angular
291,Nuxt.js
291,Vue.js
291,jQuery
292,FastAPI
293,Node.js
293,Vue.js
293,jQuery
295,Phoenix
297,Node.js
299,ASP.NET
300,Django
300,Flask
302,Express
302,Next.js
302,Node.js
302,React
302,React.js
304,jQuery
305,ASP.NET
305,ASP.NET CORE
305,Blazor
305,Gatsby
305,React
305,React.js
305,Svelte
305,Vue.js
306,Flask
306,Node.js
306,React
306,React.js
307,Node.js
308,Django
308,FastAPI
309,Blazor
311,ASP.NET
311,ASP.NET CORE
311,Vue.js
312,Gatsby
312,Next.js
312,Node.js
312,Nuxt.js
312,React
312,React.js
312,Vue.js
312,jQuery
313,ASP.NET
313,ASP.NET CORE
313,Angular
313,React
313,React.js
314,Django
314,FastAPI
314,React
314,React.js
316,React
316,React.js
317,ASP.NET
317,ASP.NET CORE
318,Node.js
321,Express
321,Node.js
321,Vue.js
325,Angular
325,Express
325,React
325,React.js
326,jQuery
328,ASP.NET
328,ASP.NET CORE
328,Express
328,Node.js
328,React
328,React.js
330,Angular
330,Angular.js
330,React
330,React.js
332,Node.js
332,Vue.js
333,Flask
335,jQuery
337,Flask
337,React
337,React.js
337,Vue.js
338,Laravel
338,Node.js
338,React
338,React.js
338,Vue.js
339,ASP.NET
339,ASP.NET CORE
339,Express
339,Node.js
339,Nuxt.js
339,Vue.js
339,jQuery
342,Node.js
342,Svelte
342,Vue.js
344,Node.js
346,Angular
346,Gatsby
346,Next.js
346,React
346,React.js
347,Django
347,Node.js
347,Vue.js
348,Next.js
348,Node.js
348,React
348,React.js
350,Express
350,Next.js
350,Node.js
350,React
350,React.js
352,Angular
352,Vue.js
353,Next.js
353,Node.js
353,React
353,React.js
354,ASP.NET
354,ASP.NET CORE
354,Angular
354,Blazor
354,Deno
354,Next.js
357,Symfony
358,ASP.NET
358,ASP.NET CORE
358,Express
358,Node.js
360,Express
360,Node.js
361,Flask
361,Svelte
364,ASP.NET
364,ASP.NET CORE
364,Blazor
365,ASP.NET
365,ASP.NET CORE
365,Blazor
365,React
365,React.js
368,Flask
369,Node.js
369,React
369,React.js
369,jQuery
370,Flask
370,Laravel
370,jQuery
373,ASP.NET
373,ASP.NET CORE
373,Angular
373,jQuery
374,Node.js
374,React
374,React.js
378,Node.js
380,ASP.NET
380,ASP.NET CORE
380,Blazor
380,jQuery
381,ASP.NET
381,Angular
381,Angular.js
381,Node.js
381,jQuery
382,Node.js
383,jQuery
384,ASP.NET
384,ASP.NET CORE
384,Blazor
385,Angular
385,Angular.js
385,Django
385,Node.js
385,Ruby on Rails
385,Vue.js
385,jQuery
386,Angular
387,Node.js
388,Next.js
388,React
388,React.js
388,Symfony
388,jQuery
390,Angular
390,Next.js
391,ASP.NET
391,Node.js
391,React
391,React.js
392,Express
392,Node.js
392,React
392,React.js
392,Vue.js
393,ASP.NET
393,ASP.NET CORE
393,Vue.js
393,jQuery
395,Angular
395,FastAPI
395,Flask
395,React
395,React.js
395,Vue.js
396,Express
396,Flask
396,Next.js
396,Node.js
396,React
396,React.js
397,ASP.NET
397,ASP.NET CORE
397,Angular
397,Angular.js
397,Node.js
398,ASP.NET
398,ASP.NET CORE
402,Express
402,Next.js
402,Node.js
402,React
402,React.js
402,Vue.js
403,Express
403,Node.js
403,React
403,React.js
404,Django
404,Flask
404,Node.js
404,React
404,React.js
404,Ruby on Rails
405,Node.js
406,Angular
406,Node.js
406,Svelte
407,ASP.NET
407,Node.js
407,jQuery
408,Node.js
409,Svelte
410,Angular
410,Angular.js
410,Ruby on Rails
411,Svelte
412,jQuery
413,Next.js
413,React
413,React.js
414,Django
414,Flask
416,Deno
416,Express
416,Flask
416,Node.js
416,React
416,React.js
416,Svelte
416,Vue.js
418,Blazor
418,Express
418,Node.js
419,React
419,React.js
421,Django
421,React
421,React.js
421,Ruby on Rails
421,jQuery
422,Django
422,Node.js
423,Laravel
423,React
423,React.js
423,Ruby on Rails
426,Deno
426,Node.js
427,FastAPI
427,React
427,React.js
427,Svelte
428,Django
428,Drupal
428,Express
428,Flask
428,Node.js
428,React
428,React.js
428,Ruby on Rails
428,Symfony
428,Vue.js
428,jQuery
429,Express
429,Laravel
429,Node.js
429,React
429,React.js
429,Vue.js
430,ASP.NET
430,ASP.NET CORE
430,Blazor
430,Vue.js
432,Vue.js
435,Node.js
436,ASP.NET
436,React
436,React.js
438,Angular
438,Angular.js
438,React
438,React.js
439,ASP.NET
439,ASP.NET CORE
442,Flask
442,Next.js
442,React
442,React.js
442,Svelte
442,Vue.js
443,Django
443,React
443,React.js
444,Node.js
444,React
444,React.js
445,Angular
445,jQuery
446,Flask
447,Express
447,Node.js
447,React
447,React.js
447,Ruby on Rails
448,Angular
448,Django
448,Flask
448,jQuery
449,ASP.NET
449,ASP.NET CORE
449,FastAPI
449,Laravel
449,Play Framework
449,Vue.js
453,jQuery
454,Flask
454,Next.js
454,Node.js
454,React
454,React.js
455,Deno
455,Ruby on Rails
455,Svelte
456,ASP.NET
456,ASP.NET CORE
456,Blazor
456,React
456,React.js
456,Vue.js
457,Express
457,Node.js
460,Angular
460,Angular.js
460,Express
460,React
460,React.js
460,Svelte
460,Vue.js
461,Express
461,Node.js
461,React
461,React.js
462,Angular
462,Express
462,Next.js
462,Node.js
462,Nuxt.js
462,React
462,React.js
462,Svelte
462,Vue.js
463,FastAPI
464,ASP.NET
464,ASP.NET CORE
464,FastAPI
464,Fastify
464,Node.js
464,Vue.js
465,Flask
465,Node.js
467,Angular
467,Django
467,React
467,React.js
468,ASP.NET
468,ASP.NET CORE
468,Angular
468,Express
468,Node.js
468,React
468,React.js
469,Angular
469,Flask
469,React
469,React.js
470,Django
470,Flask
470,Node.js
471,Node.js
471,Vue.js
473,React
473,React.js
474,Node.js
474,React
474,React.js
476,Angular
476,Express
476,Flask
476,Next.js
476,Node.js
476,React
476,React.js
476,Svelte
476,Vue.js
479,ASP.NET
479,ASP.NET CORE
479,jQuery
481,Angular
482,Blazor
482,Node.js
482,Svelte
483,FastAPI
483,Flask
484,ASP.NET
484,ASP.NET CORE
484,Angular
484,Angular.js
484,Gatsby
484,Node.js
484,Play Framework
484,React
484,React.js
484,Vue.js
484,jQuery
485,ASP.NET
485,ASP.NET CORE
486,ASP.NET
486,ASP.NET CORE
486,Angular
486,Ruby on Rails
486,Svelte
486,jQuery
487,Flask
487,React
487,React.js
488,Phoenix
489,Django
489,Flask
490,FastAPI
490,React
490,React.js
490,Svelte
491,Symfony
492,Express
492,Next.js
492,Node.js
493,ASP.NET
493,ASP.NET CORE
493,Flask
493,Laravel
495,ASP.NET
495,ASP.NET CORE
496,Node.js
496,React
496,React.js
500,ASP.NET
500,ASP.NET CORE
500,React
500,React.js
500,jQuery
503,Angular
503,Django
503,jQuery
505,Angular
505,Django
505,Drupal
505,FastAPI
505,Flask
505,Laravel
505,Node.js
505,jQuery
506,React
506,React.js
506,Vue.js
507,Node.js
507,React
507,React.js
510,ASP.NET
510,ASP.NET CORE
510,React
510,React.js
511,Express
511,Next.js
511,Node.js
511,React
511,React.js
512,React
512,React.js
514,Vue.js
515,jQuery
516,Ruby on Rails
517,ASP.NET
517,ASP.NET CORE
517,Blazor
519,Laravel
519,Next.js
519,React
519,React.js
522,Svelte
522,Vue.js
523,Node.js
523,React
523,React.js
523,Svelte
524,Node.js
524,React
524,React.js
526,Express
526,React
526,React.js
527,React
527,React.js
528,Vue.js
529,Node.js
529,Nuxt.js
529,Vue.js
531,ASP.NET
531,ASP.NET CORE
531,React
531,React.js
533,React
533,React.js
533,Ruby on Rails
536,jQuery
537,React
537,React.js
538,ASP.NET
538,ASP.NET CORE
538,Node.js
538,Vue.js
539,React
539,React.js
540,Angular
540,Angular.js
540,Node.js
540,React
540,React.js
540,Vue.js
541,Express
541,Node.js
541,React
541,React.js
544,ASP.NET
544,ASP.NET CORE
545,React
545,React.js
545,Ruby on Rails
547,ASP.NET
547,ASP.NET CORE
547,Angular
549,ASP.NET
549,ASP.NET CORE
551,Deno
551,Express
551,Fastify
551,Next.js
551,Node.js
551,React
551,React.js
552,Angular
552,Django
552,Flask
552,Node.js
553,FastAPI
553,Flask
554,Node.js
554,React
554,React.js
556,Node.js
556,React
556,React.js
558,ASP.NET
558,ASP.NET CORE
558,Angular
558,Angular.js
560,Node.js
560,Phoenix
560,React
560,React.js
560,Svelte
560,Vue.js
561,ASP.NET
561,ASP.NET CORE
562,Flask
562,Node.js
562,React
562,React.js
563,Angular
563,Angular.js
563,React
563,React.js
563,Vue.js
564,Angular
564,Node.js
564,jQuery
565,ASP.NET
565,ASP.NET CORE
565,Express
565,Node.js
565,React
565,React.js
565,Ruby on Rails
565,jQuery
566,React
566,React.js
568,Django
573,Fastify
573,Next.js
573,Node.js
573,React
573,React.js
573,Vue.js
574,Express
574,Node.js
574,Vue.js
575,Node.js
576,ASP.NET
576,Angular
576,Angular.js
576,Node.js
579,jQuery
580,ASP.NET
581,Angular
581,Angular.js
581,FastAPI
581,Node.js
582,ASP.NET
582,ASP.NET CORE
583,Django
583,Flask
584,ASP.NET
584,ASP.NET CORE
584,Flask
584,Phoenix
584,Vue.js
586,Node.js
586,React
586,React.js
586,jQuery
587,Node.js
587,React
587,React.js
589,ASP.NET
589,ASP.NET CORE
589,React
589,React.js
590,Node.js
590,React
590,React.js
590,jQuery
591,React
591,React.js
592,Angular
592,Express
592,Next.js
592,React
592,React.js
592,Svelte
592,Symfony
593,Angular
593,Angular.js
593,Next.js
593,Node.js
593,React
593,React.js
593,Vue.js
594,ASP.NET
594,ASP.NET CORE
594,React
594,React.js
594,Vue.js
595,jQuery
596,Node.js
597,Node.js
597,React
597,React.js
598,Next.js
598,Node.js
598,React
598,React.js
599,jQuery
601,Express
601,Node.js
601,Nuxt.js
601,React
601,React.js
601,Svelte
601,Vue.js
602,Laravel
602,Vue.js
602,jQuery
603,Django
603,FastAPI
603,Flask
605,Express
605,Next.js
605,Node.js
605,React
605,React.js
607,Next.js
607,Node.js
607,React
607,React.js
608,Play Framework
608,Vue.js
612,Angular
613,Next.js
613,React
613,React.js
614,Flask
617,Vue.js
618,ASP.NET
618,Vue.js
618,jQuery
619,React
619,React.js
620,React
620,React.js
621,ASP.NET
621,ASP.NET CORE
621,Angular
621,Vue.js
621,jQuery
622,Symfony
623,ASP.NET
623,ASP.NET CORE
623,Angular
624,React
624,React.js
626,Vue.js
627,Node.js
628,React
628,React.js
629,Next.js
629,React
629,React.js
630,ASP.NET
630,ASP.NET CORE
630,Angular
630,Flask
630,Node.js
630,Vue.js
630,jQuery
632,Angular
632,Angular.js
632,Express
632,Node.js
634,ASP.NET
634,ASP.NET CORE
634,Express
634,Node.js
635,Flask
636,Django
636,FastAPI
636,Flask
636,Next.js
636,Vue.js
637,ASP.NET
639,Node.js
640,Angular
642,FastAPI
644,Next.js
644,Node.js
644,React
644,React.js
644,jQuery
645,Express
645,Node.js
645,React
645,React.js
645,Vue.js
645,jQuery
646,Express
646,Node.js
646,Svelte
646,Vue.js
649,Angular
649,Deno
649,Django
649,Express
649,Flask
649,Node.js
649,React
649,React.js
649,Svelte
649,Vue.js
650,Flask
650,Node.js
650,React
650,React.js
650,jQuery
651,FastAPI
652,Node.js
653,Django
653,jQuery
655,React
655,React.js
655,Ruby on Rails
656,ASP.NET
656,ASP.NET CORE
656,Express
656,Next.js
656,React
656,React.js
657,Angular
657,Nuxt.js
657,React
657,React.js
657,Vue.js
658,ASP.NET
658,Express
658,Flask
658,Node.js
658,React
658,React.js
658,Ruby on Rails
658,jQuery
659,Django
660,Node.js
660,Ruby on Rails
660,Vue.js
660,jQuery
662,React
662,React.js
663,ASP.NET
663,Angular
663,Angular.js
663,jQuery
664,Express
664,Flask
664,Laravel
665,ASP.NET
665,ASP.NET CORE
665,Angular
665,Node.js
665,React
665,React.js
666,Express
666,Next.js
666,Node.js
666,React
666,React.js
666,Svelte
667,ASP.NET
667,ASP.NET CORE
668,ASP.NET
668,Laravel
672,Express
672,Node.js
672,Svelte
674,Angular
675,Gatsby
675,Node.js
675,Nuxt.js
675,React
675,React.js
675,Ruby on Rails
678,ASP.NET
678,jQuery
680,Node.js
680,jQuery
682,Angular
682,Express
682,Laravel
682,Node.js
682,React
682,React.js
682,Vue.js
683,Django
683,FastAPI
683,Flask
684,Express
684,Next.js
684,React
684,React.js
685,ASP.NET
685,ASP.NET CORE
685,Angular
685,Angular.js
685,Deno
685,Express
685,Next.js
685,Node.js
685,Nuxt.js
685,React
685,React.js
685,Svelte
685,Vue.js
686,ASP.NET
686,ASP.NET CORE
686,Blazor
688,jQuery
691,Angular
691,Express
691,Node.js
691,React
691,React.js
693,Express
693,Node.js
693,React
693,React.js
693,Svelte
694,Svelte
695,Express
695,Node.js
696,Node.js
696,React
696,React.js
697,Deno
697,jQuery
698,Angular
698,Angular.js
698,Express
698,Node.js
698,Symfony
698,jQuery
699,React
699,React.js
700,React
700,React.js
702,Node.js
702,React
702,React.js
702,Ruby on Rails
704,Angular
704,Flask
704,React
704,React.js
706,Angular
706,Django
706,Node.js
706,React
706,React.js
706,jQuery
707,ASP.NET
709,Angular
709,Angular.js
709,Express
709,Node.js
709,jQuery
712,Gatsby
712,Node.js
712,React
712,React.js
713,ASP.NET
713,ASP.NET CORE
713,Blazor
713,Svelte
715,ASP.NET
715,ASP.NET CORE
716,Next.js
716,React
716,React.js
716,Svelte
717,FastAPI
717,Flask
719,ASP.NET
719,Blazor
719,Django
719,Express
719,Node.js
719,jQuery
720,ASP.NET
720,ASP.NET CORE
720,Blazor
721,Angular
721,Angular.js
721,Django
721,Flask
721,Node.js
721,React
721,React.js
722,React
722,React.js
724,Node.js
726,ASP.NET
726,ASP.NET CORE
726,Phoenix
728,ASP.NET
728,Node.js
728,Symfony
728,Vue.js
728,jQuery
729,Django
729,Node.js
729,React
729,React.js
730,FastAPI
730,Flask
731,Deno
731,Next.js
731,Node.js
731,React
731,React.js
731,Vue.js
733,Express
733,Flask
733,Next.js
733,Node.js
733,React
733,React.js
733,Vue.js
734,FastAPI
735,Node.js
735,Svelte
736,Node.js
736,React
736,React.js
736,Ruby on Rails
738,Express
738,Gatsby
738,React
738,React.js
739,ASP.NET
739,ASP.NET CORE
740,Flask
741,React
741,React.js
741,Vue.js
743,Express
743,Flask
743,Node.js
743,React
743,React.js
743,jQuery
744,Django
747,ASP.NET
747,ASP.NET CORE
747,React
747,React.js
748,Node.js
748,React
748,React.js
748,Svelte
749,ASP.NET
749,ASP.NET CORE
751,Node.js
751,React
751,React.js
755,Node.js
755,Svelte
756,Ruby on Rails
757,ASP.NET
757,ASP.NET CORE
758,Flask
758,Node.js
758,React
758,React.js
759,Express
759,Node.js
759,React
759,React.js
760,ASP.NET
760,ASP.NET CORE
762,FastAPI
762,Phoenix
762,Symfony
762,jQuery
763,Django
763,Flask
763,Node.js
763,Symfony
763,jQuery
764,jQuery
766,Flask
766,Node.js
766,Phoenix
767,FastAPI
767,Flask
767,Laravel
767,Node.js
767,React
767,React.js
767,jQuery
769,ASP.NET
769,ASP.NET CORE
769,Angular
770,Express
770,React
770,React.js
770,Vue.js
771,Node.js
771,React
771,React.js
772,Express
772,Fastify
772,Gatsby
772,Next.js
772,Node.js
772,React
772,React.js
772,Vue.js
773,Express
773,Next.js
773,Node.js
773,React
773,React.js
773,Vue.js
774,Svelte
775,Express
775,Node.js
775,React
775,React.js
776,Express
776,Node.js
776,React
776,React.js
776,Vue.js
777,Express
777,Node.js
777,Vue.js
779,React
779,React.js
780,FastAPI
780,Flask
784,ASP.NET
784,ASP.NET CORE
784,Blazor
785,React
785,React.js
788,Express
788,Laravel
788,Node.js
788,Symfony
788,Vue.js
788,jQuery
790,ASP.NET
792,jQuery
793,React
793,React.js
795,jQuery
796,Angular
796,Svelte
799,React
799,React.js
799,Vue.js
799,jQuery
802,Express
802,Next.js
802,Node.js
802,React
802,React.js
803,Django
803,FastAPI
803,Flask
803,Laravel
803,React
803,React.js
803,Svelte
803,Vue.js
805,Node.js
806,Django
806,Laravel
807,Next.js
807,Node.js
807,React
807,React.js
808,Express
808,Node.js
808,React
808,React.js
809,Laravel
809,Vue.js
809,jQuery
810,Flask
811,ASP.NET
811,ASP.NET CORE
811,Blazor
814,Deno
814,Express
814,Node.js
814,Vue.js
814,jQuery
816,ASP.NET
816,ASP.NET CORE
816,Django
816,Express
816,Node.js
816,Vue.js
817,Django
817,Svelte
817,Vue.js
818,Express
818,Next.js
818,React
818,React.js
819,Flask
819,React
819,React.js
823,Blazor
824,Node.js
825,ASP.NET
825,ASP.NET CORE
825,Angular
825,Blazor
825,Flask
825,Node.js
826,Next.js
827,Deno
827,Node.js
828,Next.js
828,React
828,React.js
828,Svelte
828,Symfony
829,Angular
829,Drupal
829,Symfony
829,jQuery
830,Django
830,Flask
830,Laravel
830,React
830,React.js
830,Vue.js
830,jQuery
831,FastAPI
831,Flask
831,Node.js
831,React
831,React.js
833,Svelte
834,FastAPI
835,Angular
835,Angular.js
835,Flask
835,jQuery
836,Flask
836,Node.js
837,Deno
837,Django
837,Flask
838,Node.js
838,React
838,React.js
839,Flask
841,Express
841,Laravel
841,Node.js
841,React
841,React.js
841,Vue.js
842,Flask
842,Node.js
842,Phoenix
842,Vue.js
843,ASP.NET
843,ASP.NET CORE
844,Express
844,Laravel
844,Next.js
844,React
844,React.js
845,ASP.NET
845,ASP.NET CORE
845,Angular
846,ASP.NET
846,jQuery
847,Flask
847,Node.js
849,Flask
850,Node.js
851,Blazor
852,ASP.NET
852,ASP.NET CORE
852,FastAPI
853,Vue.js
854,ASP.NET
854,ASP.NET CORE
854,Node.js
854,React
854,React.js
854,Vue.js
855,ASP.NET
855,ASP.NET CORE
855,React
855,React.js
857,Angular
857,Django
857,FastAPI
857,Flask
857,React
857,React.js
858,Angular
858,Node.js
858,React
858,React.js
858,Ruby on Rails
859,ASP.NET
859,ASP.NET CORE
860,Express
860,FastAPI
860,Flask
860,Next.js
860,Node.js
860,React
860,React.js
862,Express
862,Next.js
862,Node.js
862,React
862,React.js
864,Angular
864,Express
864,Node.js
864,React
864,React.js
865,Node.js
865,React
865,React.js
866,Vue.js
866,jQuery
867,Express
867,Node.js
867,Svelte
870,Node.js
870,Vue.js
874,Deno
874,Node.js
874,Ruby on Rails
874,jQuery
875,ASP.NET
875,ASP.NET CORE
875,Node.js
875,Vue.js
876,FastAPI
876,Next.js
876,Node.js
876,React
876,React.js
876,Svelte
877,ASP.NET
877,ASP.NET CORE
879,ASP.NET
879,ASP.NET CORE
879,Angular
881,Express
881,Node.js
881,Vue.js
883,Laravel
883,Symfony
883,Vue.js
884,Flask
884,Node.js
884,React
884,React.js
887,Angular
887,Express
887,Next.js
887,Node.js
887,React
887,React.js
888,Nuxt.js
888,React
888,React.js
888,Vue.js
889,jQuery
890,ASP.NET
890,Deno
890,React
890,React.js
893,Gatsby
893,Next.js
893,React
893,React.js
894,Angular
894,Deno
894,React
894,React.js
894,jQuery
895,Express
895,Next.js
895,Node.js
895,React
895,React.js
896,Django
896,React
896,React.js
899,jQuery
900,Deno
901,Express
901,Flask
901,React
901,React.js
902,Next.js
902,React
902,React.js
905,Django
905,Nuxt.js
905,Symfony
905,jQuery
907,ASP.NET
908,ASP.NET
908,ASP.NET CORE
908,Phoenix
908,React
908,React.js
910,Express
910,Node.js
910,Svelte
910,Vue.js
911,Flask
911,Node.js
911,React
911,React.js
912,Nuxt.js
912,Vue.js
913,Express
913,Next.js
913,Node.js
913,React
913,React.js
914,Svelte
915,Express
915,Flask
916,Deno
916,Next.js
916,React
916,React.js
919,Deno
919,Next.js
919,Svelte
923,FastAPI
924,Angular
924,Angular.js
924,Express
924,Node.js
925,Deno
925,Node.js
928,React
928,React.js
929,Flask
929,Vue.js
930,React
930,React.js
931,Django
931,FastAPI
931,Flask
931,Node.js
931,Vue.js
931,jQuery
933,Flask
935,Express
935,Gatsby
935,Next.js
935,Node.js
935,React
935,React.js
936,ASP.NET
936,ASP.NET CORE
936,jQuery
939,Node.js
939,React
939,React.js
940,React
940,React.js
941,Django
941,Flask
943,Express
943,Node.js
943,React
943,React.js
943,jQuery
945,Django
945,Flask
945,jQuery
946,ASP.NET
946,ASP.NET CORE
946,Blazor
946,Node.js
946,React
946,React.js
946,Vue.js
948,ASP.NET
948,ASP.NET CORE
948,Angular
948,jQuery
949,Angular
949,Angular.js
949,Node.js
949,React
949,React.js
949,jQuery
950,Angular
950,Express
950,FastAPI
950,Gatsby
950,Next.js
950,Node.js
950,Phoenix
950,React
950,React.js
950,jQuery
951,Express
951,Next.js
951,Node.js
951,React
951,React.js
951,Svelte
953,ASP.NET
953,ASP.NET CORE
954,ASP.NET
954,ASP.NET CORE
954,jQuery
956,Django
956,Flask
956,Ruby on Rails
958,Flask
958,Node.js
958,React
958,React.js
960,Svelte
960,Vue.js
965,Angular
965,Express
965,Node.js
965,Symfony
965,jQuery
966,ASP.NET
966,ASP.NET CORE
966,Node.js
966,React
966,React.js
967,Vue.js
967,jQuery
968,Flask
969,Phoenix
970,ASP.NET
971,FastAPI
971,Flask
972,Express
972,Node.js
972,React
972,React.js
974,ASP.NET
974,ASP.NET CORE
974,Express
974,Node.js
974,Play Framework
974,Ruby on Rails
974,jQuery
975,React
975,React.js
976,jQuery
977,Flask
977,Node.js
977,React
977,React.js
979,React
979,React.js
980,ASP.NET
980,ASP.NET CORE
980,Angular
980,Django
980,Flask
980,Node.js
980,Vue.js
981,Angular
981,Angular.js
981,Django
981,React
981,React.js
983,ASP.NET
983,ASP.NET CORE
983,Blazor
983,jQuery
984,ASP.NET
984,ASP.NET CORE
984,Angular
985,ASP.NET
985,FastAPI
985,Next.js
985,Node.js
985,React
985,React.js
986,Express
986,Next.js
986,Node.js
986,React
986,React.js
986,Svelte
987,Angular
987,Express
987,Node.js
987,React
987,React.js
988,Node.js
988,React
988,React.js
989,FastAPI
989,Flask
989,Vue.js
990,ASP.NET
990,ASP.NET CORE
990,Blazor
990,Node.js
990,Vue.js
992,FastAPI
993,Fastify
993,Node.js
993,Vue.js
994,FastAPI
994,React
994,React.js
995,ASP.NET
995,ASP.NET CORE
995,Vue.js
996,Next.js
996,Node.js
996,Phoenix
997,ASP.NET
997,ASP.NET CORE
999,Django
999,Flask
1000,ASP.NET
1000,ASP.NET CORE
1002,jQuery
1003,Angular
1003,Svelte
1004,Express
1004,Node.js
1007,Angular
1007,Django
1007,Express
1007,Flask
1007,Node.js
1007,React
1007,React.js
1007,Ruby on Rails
1007,Vue.js
1008,FastAPI
1008,Fastify
1008,Node.js
1009,Express
1009,FastAPI
1009,Flask
1009,Next.js
1009,Node.js
1009,React
1009,React.js
1009,jQuery
1010,ASP.NET
1010,ASP.NET CORE
1010,Angular
1011,Angular
1011,Angular.js
1012,Flask
1012,jQuery
1014,FastAPI
1015,ASP.NET
1015,ASP.NET CORE
1015,Blazor
1017,ASP.NET
1019,ASP.NET
1019,ASP.NET CORE
1019,Angular
1019,Django
1019,Express
1019,FastAPI
1019,Node.js
1019,React
1019,React.js
1019,Vue.js
1020,Node.js
1020,React
1020,React.js
1021,ASP.NET
1021,ASP.NET CORE
1021,Angular
1021,Node.js
1022,Gatsby
1022,Node.js
1022,React
1022,React.js
1023,Flask
1023,Vue.js
1023,jQuery
1024,Next.js
1024,React
1024,React.js
1025,Express
1025,FastAPI
1025,Next.js
1025,Node.js
1025,React
1025,React.js
1026,Django
1026,React
1026,React.js
1027,Flask
1027,Laravel
1027,Svelte
1027,Vue.js
1030,Flask
1030,React
1030,React.js
1032,Django
1034,Next.js
1034,Node.js
1034,React
1034,React.js
1034,Vue.js
1035,FastAPI
1036,jQuery
1037,React
1037,React.js
1038,ASP.NET
1038,ASP.NET CORE
1038,Blazor
1038,Svelte
1038,Vue.js
1038,jQuery
1039,Flask
1039,Ruby on Rails
1039,Vue.js
1040,Angular
1040,Angular.js
1040,Flask
1040,React
1040,React.js
1041,ASP.NET
1041,ASP.NET CORE
1041,React
1041,React.js
1043,Express
1043,Node.js
1043,React
1043,React.js
1043,Svelte
1043,Vue.js
1044,Vue.js
1048,React
1048,React.js
1048,Symfony
1048,Vue.js
1048,jQuery
1050,Ruby on Rails
1051,Node.js
1051,Phoenix
1052,React
1052,React.js
1053,Blazor
1053,Deno
1053,Express
1054,Django
1055,ASP.NET
1055,ASP.NET CORE
1055,Node.js
1055,React
1055,React.js
1057,Angular
1057,FastAPI
1057,Flask
1057,Play Framework
1057,React
1057,React.js
1057,Vue.js
1057,jQuery
1058,Django
1058,Flask
1059,Express
1059,Flask
1059,Node.js
1059,Vue.js
1060,ASP.NET
1060,ASP.NET CORE
1060,FastAPI
1060,Laravel
1062,Flask
1063,Deno
1063,Express
1063,Next.js
1063,Node.js
1063,React
1063,React.js
1064,Express
1064,Next.js
1064,Node.js
1064,React
1064,React.js
1067,Express
1067,Node.js
1067,React
1067,React.js
1067,jQuery
1070,Flask
1070,React
1070,React.js
1071,Express
1071,Node.js
1071,jQuery
1072,Drupal
1072,Express
1072,Next.js
1072,Node.js
1072,React
1072,React.js
1072,Svelte
1073,Express
1073,Gatsby
1073,Next.js
1073,Node.js
1073,React
1073,React.js
1078,Node.js
1078,React
1078,React.js
1078,jQuery
1080,React
1080,React.js
1080,jQuery
1081,ASP.NET
1081,ASP.NET CORE
1082,ASP.NET
1082,ASP.NET CORE
1082,Angular
1082,Angular.js
1082,Ruby on Rails
1083,Flask
1083,React
1083,React.js
1085,Django
1088,Laravel
1088,Node.js
1088,Symfony
1088,Vue.js
1088,jQuery
1090,ASP.NET
1090,Node.js
1090,React
1090,React.js
1092,Express
1092,Next.js
1092,Node.js
1092,React
1092,React.js
1093,Express
1093,Node.js
1093,React
1093,React.js
1096,Node.js
1096,React
1096,React.js
1096,jQuery
1097,Express
1097,Flask
1097,Node.js
1097,React
1097,React.js
1098,React
1098,React.js
1099,Flask
1099,jQuery
1100,ASP.NET
1100,Angular
1100,Next.js
1100,Node.js
1100,React
1100,React.js
1101,Node.js
1101,Ruby on Rails
1102,Next.js
1102,Node.js
1102,Phoenix
1102,React
1102,React.js
1103,Django
1103,FastAPI
1104,ASP.NET
1104,ASP.NET CORE
1104,Vue.js
1105,Flask
1107,Express
1110,jQuery
1113,Laravel
1113,jQuery
1116,Express
1116,Next.js
1116,Node.js
1116,React
1116,React.js
1120,Django
1121,ASP.NET
1121,ASP.NET CORE
1121,Angular
1121,Angular.js
1121,React
1121,React.js
1121,jQuery
1122,Vue.js
1123,Flask
1123,React
1123,React.js
1123,jQuery
1124,ASP.NET
1124,ASP.NET CORE
1124,React
1124,React.js
1124,Vue.js
1125,Deno
1125,Node.js
1125,Svelte
1126,Deno
1126,FastAPI
1126,Node.js
1126,React
1126,React.js
1126,Svelte
1127,ASP.NET
1127,ASP.NET CORE
1128,Express
1128,FastAPI
1128,Node.js
1129,Express
1129,Node.js
1129,React
1129,React.js
1130,React
1130,React.js
1131,Gatsby
1131,Node.js
1131,React
1131,React.js
1131,Svelte
1131,Vue.js
1131,jQuery
1133,Angular
1133,Node.js
1135,Angular
1135,Django
1135,Express
1135,Laravel
1135,Next.js
1135,Node.js
1135,React
1135,React.js
1135,Vue.js
1135,jQuery
1136,Ruby on Rails
1137,Node.js
1137,Vue.js
1138,ASP.NET
1138,ASP.NET CORE
1138,Angular
1138,Blazor
1138,Vue.js
1140,jQuery
1141,Laravel
1141,Next.js
1141,React
1141,React.js
1143,ASP.NET
1143,ASP.NET CORE
1143,Blazor
1143,Node.js
1143,Nuxt.js
1143,React
1143,React.js
1143,Vue.js
1144,React
1144,React.js
1145,React
1145,React.js
1146,Deno
1146,Node.js
1146,Svelte
1149,Express
1149,Node.js
1149,Ruby on Rails
1149,Vue.js
1149,jQuery
1151,Express
1151,Next.js
1155,ASP.NET
1155,ASP.NET CORE
1156,Express
1156,Node.js
1156,React
1156,React.js
1157,Node.js
1157,React
1157,React.js
1158,React
1158,React.js
1159,Angular
1159,Django
1159,Flask
1159,React
1159,React.js
1162,Angular
1162,Angular.js
1162,Node.js
1162,React
1162,React.js
1163,React
1163,React.js
1164,ASP.NET
1164,ASP.NET CORE
1164,Angular
1164,jQuery
1165,React
1165,React.js
1166,Node.js
1166,React
1166,React.js
1167,Node.js
1167,React
1167,React.js
1167,jQuery
1168,Node.js
1168,React
1168,React.js
1171,Angular
1171,Flask
1172,Angular
1173,Express
1173,Laravel
1173,Node.js
1173,React
1173,React.js
1174,ASP.NET
1174,ASP.NET CORE
1174,Angular
1176,ASP.NET
1176,ASP.NET CORE
1176,Vue.js
1177,Next.js
1177,Node.js
1177,React
1177,React.js
1178,Flask
1179,FastAPI
1179,Flask
1179,Node.js
1179,React
1179,React.js
1180,Angular
1180,Angular.js
1180,React
1180,React.js
1181,ASP.NET
1181,Gatsby
1181,Nuxt.js
1181,React
1181,React.js
1181,Vue.js
1181,jQuery
1182,Angular
1182,Angular.js
1182,Flask
1182,Next.js
1182,React
1182,React.js
1182,Vue.js
1184,Django
1184,Express
1184,Flask
1184,Laravel
1184,Node.js
1184,React
1184,React.js
1184,Vue.js
1184,jQuery
1185,ASP.NET
1185,ASP.NET CORE
1185,Flask
1186,ASP.NET
1186,ASP.NET CORE
1186,React
1186,React.js
1186,Svelte
1187,jQuery
1188,ASP.NET
1188,React
1188,React.js
1189,Node.js
1191,React
1191,React.js
1192,Angular
1192,Express
1192,Flask
1192,Node.js
1192,React
1192,React.js
1193,Deno
1194,Express
1194,Flask
1194,Next.js
1194,Node.js
1194,Nuxt.js
1196,Flask
1196,Node.js
1196,React
1196,React.js
1199,ASP.NET
1199,ASP.NET CORE
1199,Blazor
1199,Node.js
1200,ASP.NET
1200,ASP.NET CORE
1200,Angular
1202,Next.js
1202,Node.js
1207,Node.js
1208,jQuery
1210,Flask
1210,Node.js
1211,Angular
1211,Vue.js
1212,Flask
1214,Django
1214,Laravel
1214,Symfony
1214,Vue.js
1214,jQuery
1215,Flask
1215,Next.js
1215,Node.js
1215,React
1215,React.js
1216,Flask
1218,Angular
1218,Express
1218,Node.js
1218,Vue.js
1219,ASP.NET
1219,ASP.NET CORE
1219,Angular
1219,Express
1219,Node.js
1219,React
1219,React.js
1220,React
1220,React.js
1221,Express
1221,Next.js
1221,Node.js
1221,React
1221,React.js
1223,Deno
1223,Express
1223,Node.js
1223,Svelte
1224,Express
1224,Gatsby
1224,Next.js
1224,Node.js
1224,React
1224,React.js
1225,Next.js
1225,Node.js
1225,React
1225,React.js
1226,ASP.NET
1226,ASP.NET CORE
1226,Express
1226,Fastify
1226,Node.js
1226,Svelte
1227,Angular
1227,Angular.js
1227,Django
1227,Express
1227,Next.js
1227,Node.js
1227,React
1227,React.js
1228,Angular
1228,Django
1228,FastAPI
1228,Flask
1228,jQuery
1229,ASP.NET
1229,ASP.NET CORE
1229,Angular
1229,Angular.js
1229,jQuery
1230,Node.js
1230,React
1230,React.js
1230,Svelte
1232,Django
1232,Node.js
1232,React
1232,React.js
1232,jQuery
1233,ASP.NET
1233,ASP.NET CORE
1233,Angular
1236,jQuery
1238,Node.js
1238,React
1238,React.js
1238,jQuery
1239,Angular
1241,ASP.NET
1241,jQuery
1244,React
1244,React.js
1244,Ruby on Rails
1245,Angular
1245,Express
1245,Node.js
1249,Deno
1249,FastAPI
1249,Flask
1250,Node.js
1250,React
1250,React.js
1252,ASP.NET
1252,ASP.NET CORE
1253,Laravel
1253,jQuery
1255,Flask
1255,React
1255,React.js
1256,React
1256,React.js
1257,ASP.NET
1257,ASP.NET CORE
1262,React
1262,React.js
1263,ASP.NET
1263,ASP.NET CORE
1263,Angular
1263,Vue.js
1263,jQuery
1264,Node.js
1264,React
1264,React.js
1265,Node.js
1265,Vue.js
1266,Angular
1266,Django
1266,Express
1266,Node.js
1266,React
1266,React.js
1267,Angular
1267,Svelte
1267,Vue.js
1268,Express
1268,Next.js
1268,Node.js
1268,Phoenix
1268,React
1268,React.js
1268,Svelte
1268,Symfony
1268,jQuery
1269,Deno
1269,Next.js
1269,Node.js
1269,Svelte
1270,ASP.NET
1270,ASP.NET CORE
1270,Blazor
1271,Flask
1271,Next.js
1271,React
1271,React.js
1274,Angular
1274,Symfony
1274,jQuery
1275,Angular
1275,Deno
1275,Express
1275,Next.js
1275,Node.js
1275,React
1275,React.js
1277,Angular
1278,Django
1278,Express
1278,Node.js
1278,Svelte
1278,Vue.js
1283,React
1283,React.js
1285,React
1285,React.js
1287,ASP.NET
1287,ASP.NET CORE
1287,Angular
1287,Angular.js
1289,Django
1291,Node.js
1291,React
1291,React.js
1292,Django
1292,FastAPI
1292,Flask
1293,Flask
1293,Phoenix
1294,Node.js
1294,React
1294,React.js
1294,Vue.js
1296,ASP.NET
1296,ASP.NET CORE
1296,Angular
1296,Angular.js
1296,Node.js
1296,jQuery
1297,jQuery
1298,Angular
1298,Node.js
1299,ASP.NET
1299,ASP.NET CORE
1299,Angular
1299,Angular.js
1299,Flask
1299,Node.js
1299,jQuery
1302,React
1302,React.js
1304,Deno
1304,Next.js
1304,Node.js
1304,React
1304,React.js
1305,Angular
1305,FastAPI
1305,Flask
1305,Node.js
1306,Django
1306,Node.js
1306,React
1306,React.js
1306,Symfony
1307,React
1307,React.js
1308,Express
1308,Laravel
1308,Next.js
1308,Node.js
1308,React
1308,React.js
1308,Vue.js
1309,React
1309,React.js
1311,React
1311,React.js
1312,Flask
1312,jQuery
1313,Django
1313,Laravel
1313,Nuxt.js
1313,Vue.js
1313,jQuery
1316,Node.js
1316,React
1316,React.js
1316,Ruby on Rails
1318,ASP.NET
1318,ASP.NET CORE
1318,Blazor
1321,React
1321,React.js
1322,Flask
1322,Node.js
1322,React
1322,React.js
1324,Express
1324,Next.js
1324,Node.js
1324,React
1324,React.js
1324,Svelte
1324,Vue.js
1325,Nuxt.js
1325,Vue.js
1327,Express
1327,Node.js
1327,jQuery
1328,Blazor
1328,Django
1328,Next.js
1328,Node.js
1328,Svelte
1329,Django
1330,Node.js
1333,Node.js
1334,ASP.NET
1334,ASP.NET CORE
1334,Express
1334,Laravel
1334,Next.js
1334,Node.js
1334,React
1334,React.js
1335,Angular
1337,Deno
1337,Express
1337,Node.js
1337,React
1337,React.js
1338,Angular
1338,Angular.js
1338,Laravel
1338,Vue.js
1339,Django
1339,FastAPI
1339,Gatsby
1341,Express
1341,Next.js
1341,Node.js
1341,React
1341,React.js
1344,Express
1344,FastAPI
1344,Next.js
1344,Nuxt.js
1344,Svelte
1344,Vue.js
1345,React
1345,React.js
1346,Ruby on Rails
1349,Express
1349,FastAPI
1349,Flask
1349,Next.js
1349,Node.js
1349,Ruby on Rails
1351,Django
1352,ASP.NET
1352,ASP.NET CORE
1352,Angular
1352,Django
1352,Node.js
1352,React
1352,React.js
1352,jQuery
1353,Flask
1355,Gatsby
1355,Next.js
1355,React
1355,React.js
1358,Node.js
1358,React
1358,React.js
1358,Svelte
1358,Vue.js
1359,Angular
1359,Angular.js
1359,Express
1359,Node.js
1360,Flask
1361,Express
1361,Next.js
1361,Node.js
1361,React
1361,React.js
1361,jQuery
1362,Django
1362,Express
1362,Flask
1362,Vue.js
1362,jQuery
1364,Angular
1364,Vue.js
1365,Next.js
1365,Node.js
1365,React
1365,React.js
1365,Svelte
1366,ASP.NET
1366,ASP.NET CORE
1366,Angular
1366,Django
1366,Node.js
1367,Express
1367,Fastify
1367,Next.js
1367,Node.js
1367,React
1367,React.js
1368,Gatsby
1368,Node.js
1368,React
1368,React.js
1370,ASP.NET
1370,ASP.NET CORE
1370,Blazor
1372,Node.js
1372,Nuxt.js
1372,Vue.js
1373,Express
1373,Node.js
1373,React
1373,React.js
1374,Django
1374,Flask
1374,React
1374,React.js
1376,React
1376,React.js
1378,Node.js
1378,React
1378,React.js
1378,Ruby on Rails
1378,Vue.js
1380,Angular
1380,Angular.js
1380,Node.js
1380,React
1380,React.js
1381,ASP.NET
1381,ASP.NET CORE
1381,Express
1381,Next.js
1381,Node.js
1381,React
1381,React.js
1383,ASP.NET
1383,ASP.NET CORE
1383,Blazor
1383,Vue.js
1386,Express
1386,Next.js
1386,Node.js
1386,React
1386,React.js
1387,Express
1387,Node.js
1387,Vue.js
1387,jQuery
1388,React
1388,React.js
1389,Express
1389,Nuxt.js
1389,Svelte
1389,Vue.js
1390,Express
1390,Fastify
1390,Flask
1390,Next.js
1390,Node.js
1390,Svelte
1391,Next.js
1391,React
1391,React.js
1394,React
1394,React.js
1396,Flask
1399,Angular
1399,Deno
1399,Svelte
1400,ASP.NET
1400,ASP.NET CORE
1400,Angular
1401,Express
1401,Gatsby
1401,Laravel
1401,Next.js
1401,Node.js
1401,Nuxt.js
1401,React
1401,React.js
1401,Svelte
1401,Symfony
1401,Vue.js
1401,jQuery
1402,ASP.NET
1403,ASP.NET
1403,ASP.NET CORE
1403,Express
1403,Node.js
1403,React
1403,React.js
1403,jQuery
1404,React
1404,React.js
1405,Angular
1406,Angular
1406,Angular.js
1406,Node.js
1406,Nuxt.js
1406,Symfony
1406,Vue.js
1406,jQuery
1407,ASP.NET
1407,ASP.NET CORE
1407,Next.js
1407,Node.js
1407,React
1407,React.js
1409,Next.js
1409,React
1409,React.js
1411,Node.js
1411,React
1411,React.js
1411,jQuery
1413,ASP.NET
1413,ASP.NET CORE
1414,Next.js
1414,Node.js
1414,React
1414,React.js
1414,Symfony
1414,jQuery
1415,Node.js
1415,React
1415,React.js
1418,Angular
1418,Angular.js
1418,Express
1418,Gatsby
1418,Next.js
1418,Node.js
1418,React
1418,React.js
1418,Ruby on Rails
1418,jQuery
1419,Express
1419,React
1419,React.js
1420,React
1420,React.js
1421,Flask
1421,React
1421,React.js
1421,Svelte
1422,Node.js
1422,jQuery
1426,Angular
1427,Django
1427,Flask
1427,Node.js
1427,React
1427,React.js
1427,Vue.js
1428,ASP.NET
1428,ASP.NET CORE
1428,Gatsby
1428,Next.js
1428,React
1428,React.js
1429,FastAPI
1429,Next.js
1429,Nuxt.js
1429,React
1429,React.js
1430,Express
1430,Next.js
1430,Node.js
1430,React
1430,React.js
1433,Django
1433,Node.js
1433,React
1433,React.js
1436,Angular
1436,Ruby on Rails
1436,Svelte
1437,Angular
1437,Angular.js
1437,Node.js
1438,ASP.NET
1438,ASP.NET CORE
1438,Angular
1438,Angular.js
1439,Express
1439,Fastify
1439,Next.js
1439,React
1439,React.js
1439,Vue.js
1440,Vue.js
1442,Angular
1442,Angular.js
1442,Node.js
1442,Vue.js
1442,jQuery
1443,Deno
1443,React
1443,React.js
1443,Vue.js
1444,Symfony
1444,jQuery
1445,ASP.NET
1445,ASP.NET CORE
1445,Flask
1445,React
1445,React.js
1447,ASP.NET
1447,ASP.NET CORE
1447,Express
1447,Gatsby
1447,Next.js
1447,Node.js
1447,Play Framework
1447,React
1447,React.js
1448,Svelte
1449,Next.js
1449,Node.js
1449,React
1449,React.js
1450,Express
1450,Laravel
1450,Node.js
1450,React
1450,React.js
1450,jQuery
1451,ASP.NET
1452,Express
1452,Node.js
1452,Svelte
1453,Node.js
1453,React
1453,React.js
1454,Angular
1455,Vue.js
1459,Django
1459,Flask
1460,ASP.NET
1460,ASP.NET CORE
1460,Angular
1460,Blazor
1460,Node.js
1460,React
1460,React.js
1461,Next.js
1461,Node.js
1461,React
1461,React.js
1462,Flask
1465,ASP.NET
1465,ASP.NET CORE
1467,Django
1471,Next.js
1471,React
1471,React.js
1472,Laravel
1472,Node.js
1472,React
1472,React.js
1472,Vue.js
1473,ASP.NET
1473,ASP.NET CORE
1473,Angular
1473,Angular.js
1473,Blazor
1473,Deno
1473,Django
1473,Express
1473,FastAPI
1473,Flask
1473,Gatsby
1473,Node.js
1473,React
1473,React.js
1473,Svelte
1473,Vue.js
1473,jQuery
1475,Flask
1475,React
1475,React.js
1475,Vue.js
1476,Angular
1476,Angular.js
1476,Next.js
1476,React
1476,React.js
1477,Django
1477,FastAPI
1477,React
1477,React.js
