MainBranch,RemoteWork,Age,SurveyYear,ResponseId
None of these,,,2022,0
I am a developer by profession,Fully remote,,2022,1
"I am not primarily a developer, but I write code sometimes as part of my work","Hybrid (some remote, some in-person)",25-34 years old,2022,2
I am a developer by profession,Fully remote,35-44 years old,2022,3
I am a developer by profession,"Hybrid (some remote, some in-person)",25-34 years old,2022,4
"I am not primarily a developer, but I write code sometimes as part of my work",,25-34 years old,2022,5
I code primarily as a hobby,,Under 18 years old,2022,6
I am a developer by profession,,18-24 years old,2022,7
I am a developer by profession,"Hybrid (some remote, some in-person)",25-34 years old,2022,8
I am a developer by profession,Fully remote,45-54 years old,2022,9
I am a developer by profession,"Hybrid (some remote, some in-person)",18-24 years old,2022,10
"I am not primarily a developer, but I write code sometimes as part of my work",Fully remote,35-44 years old,2022,11
I am a developer by profession,"Hybrid (some remote, some in-person)",25-34 years old,2022,12
I am a developer by profession,Fully remote,35-44 years old,2022,13
I am a developer by profession,Fully remote,25-34 years old,2022,14
I am a developer by profession,Fully remote,25-34 years old,2022,15
I am a developer by profession,"Hybrid (some remote, some in-person)",25-34 years old,2022,16
I am a developer by profession,Fully remote,25-34 years old,2022,17
I am a developer by profession,"Hybrid (some remote, some in-person)",45-54 years old,2022,18
I am learning to code,,18-24 years old,2022,19
I am a developer by profession,"Hybrid (some remote, some in-person)",25-34 years old,2022,20
I am a developer by profession,"Hybrid (some remote, some in-person)",25-34 years old,2022,21
I am a developer by profession,Fully remote,35-44 years old,2022,22
"I am not primarily a developer, but I write code sometimes as part of my work","Hybrid (some remote, some in-person)",25-34 years old,2022,23
I am a developer by profession,Fully remote,55-64 years old,2022,24
I am a developer by profession,"Hybrid (some remote, some in-person)",25-34 years old,2022,25
I am a developer by profession,"Hybrid (some remote, some in-person)",25-34 years old,2022,26
I am a developer by profession,,18-24 years old,2022,27
I am a developer by profession,"Hybrid (some remote, some in-person)",35-44 years old,2022,28
I am a developer by profession,Fully remote,45-54 years old,2022,29
None of these,,,2022,30
I am a developer by profession,Fully remote,55-64 years old,2022,31
I code primarily as a hobby,Full in-person,Under 18 years old,2022,32
"I am not primarily a developer, but I write code sometimes as part of my work",Full in-person,18-24 years old,2022,33
I am a developer by profession,Fully remote,25-34 years old,2022,34
"I am not primarily a developer, but I write code sometimes as part of my work",,25-34 years old,2022,35
I am a developer by profession,Fully remote,25-34 years old,2022,36
I am a developer by profession,Fully remote,35-44 years old,2022,37
I code primarily as a hobby,,,2022,38
I am a developer by profession,"Hybrid (some remote, some in-person)",35-44 years old,2022,39
I am a developer by profession,"Hybrid (some remote, some in-person)",35-44 years old,2022,40
I am a developer by profession,"Hybrid (some remote, some in-person)",18-24 years old,2022,41
I am a developer by profession,,25-34 years old,2022,42
I code primarily as a hobby,Full in-person,35-44 years old,2022,43
I am a developer by profession,,18-24 years old,2022,44
I am a developer by profession,"Hybrid (some remote, some in-person)",25-34 years old,2022,45
I code primarily as a hobby,,18-24 years old,2022,46
I am a developer by profession,Fully remote,25-34 years old,2022,47
I am a developer by profession,"Hybrid (some remote, some in-person)",55-64 years old,2022,48
I am a developer by profession,Fully remote,25-34 years old,2022,49
"I am not primarily a developer, but I write code sometimes as part of my work",Full in-person,25-34 years old,2022,50
I am a developer by profession,"Hybrid (some remote, some in-person)",25-34 years old,2022,51
I am a developer by profession,"Hybrid (some remote, some in-person)",18-24 years old,2022,52
I am a developer by profession,Fully remote,25-34 years old,2022,53
I am a developer by profession,"Hybrid (some remote, some in-person)",25-34 years old,2022,54
I am a developer by profession,Fully remote,25-34 years old,2022,55
I am a developer by profession,"Hybrid (some remote, some in-person)",25-34 years old,2022,56
I am a developer by profession,"Hybrid (some remote, some in-person)",25-34 years old,2022,57
I am a developer by profession,Full in-person,25-34 years old,2022,58
I am a developer by profession,"Hybrid (some remote, some in-person)",25-34 years old,2022,59
I am a developer by profession,Fully remote,25-34 years old,2022,60
I code primarily as a hobby,Fully remote,25-34 years old,2022,61
I am a developer by profession,"Hybrid (some remote, some in-person)",35-44 years old,2022,62
I am a developer by profession,Fully remote,35-44 years old,2022,63
I am a developer by profession,,18-24 years old,2022,64
I am a developer by profession,"Hybrid (some remote, some in-person)",18-24 years old,2022,65
I am a developer by profession,Full in-person,45-54 years old,2022,66
I am a developer by profession,,45-54 years old,2022,67
I am a developer by profession,Fully remote,Under 18 years old,2022,68
I am a developer by profession,Fully remote,35-44 years old,2022,69
I am a developer by profession,"Hybrid (some remote, some in-person)",25-34 years old,2022,70
I am a developer by profession,Fully remote,18-24 years old,2022,71
"I used to be a developer by profession, but no longer am",Fully remote,45-54 years old,2022,72
I am a developer by profession,"Hybrid (some remote, some in-person)",18-24 years old,2022,73
I am a developer by profession,Full in-person,35-44 years old,2022,74
I am a developer by profession,Fully remote,18-24 years old,2022,75
I am a developer by profession,Fully remote,35-44 years old,2022,76
"I used to be a developer by profession, but no longer am",,65 years or older,2022,77
I am a developer by profession,"Hybrid (some remote, some in-person)",25-34 years old,2022,78
I am a developer by profession,"Hybrid (some remote, some in-person)",25-34 years old,2022,79
I am a developer by profession,Fully remote,25-34 years old,2022,80
I am learning to code,Full in-person,35-44 years old,2022,81
I am a developer by profession,,25-34 years old,2022,82
"I am not primarily a developer, but I write code sometimes as part of my work",Fully remote,35-44 years old,2022,83
I am a developer by profession,Fully remote,25-34 years old,2022,84
I am a developer by profession,"Hybrid (some remote, some in-person)",25-34 years old,2022,85
None of these,,,2022,86
I am a developer by profession,Fully remote,25-34 years old,2022,87
I am a developer by profession,"Hybrid (some remote, some in-person)",35-44 years old,2022,88
I am a developer by profession,Full in-person,25-34 years old,2022,89
"I am not primarily a developer, but I write code sometimes as part of my work",Fully remote,25-34 years old,2022,90
I am a developer by profession,"Hybrid (some remote, some in-person)",35-44 years old,2022,91
I am a developer by profession,"Hybrid (some remote, some in-person)",25-34 years old,2022,92
I am a developer by profession,Fully remote,25-34 years old,2022,93
I am a developer by profession,"Hybrid (some remote, some in-person)",25-34 years old,2022,94
I am a developer by profession,Fully remote,25-34 years old,2022,95
I am a developer by profession,"Hybrid (some remote, some in-person)",35-44 years old,2022,96
I am a developer by profession,Fully remote,35-44 years old,2022,97
I am a developer by profession,,25-34 years old,2022,98
I am a developer by profession,Full in-person,25-34 years old,2022,99
I code primarily as a hobby,,Under 18 years old,2022,100
I am a developer by profession,"Hybrid (some remote, some in-person)",25-34 years old,2022,101
I am a developer by profession,Fully remote,25-34 years old,2022,102
I am a developer by profession,"Hybrid (some remote, some in-person)",35-44 years old,2022,103
I am a developer by profession,"Hybrid (some remote, some in-person)",25-34 years old,2022,104
I am a developer by profession,Fully remote,25-34 years old,2022,105
I am learning to code,,Under 18 years old,2022,106
I am a developer by profession,Full in-person,25-34 years old,2022,107
I am a developer by profession,"Hybrid (some remote, some in-person)",25-34 years old,2022,108
I am a developer by profession,Fully remote,25-34 years old,2022,109
I am learning to code,,Under 18 years old,2022,110
I am a developer by profession,"Hybrid (some remote, some in-person)",25-34 years old,2022,111
I am a developer by profession,Fully remote,35-44 years old,2022,112
I am a developer by profession,"Hybrid (some remote, some in-person)",45-54 years old,2022,113
I am a developer by profession,"Hybrid (some remote, some in-person)",35-44 years old,2022,114
I am a developer by profession,"Hybrid (some remote, some in-person)",18-24 years old,2022,115
I am a developer by profession,,35-44 years old,2022,116
I am a developer by profession,Fully remote,45-54 years old,2022,117
I am learning to code,"Hybrid (some remote, some in-person)",18-24 years old,2022,118
I am a developer by profession,Fully remote,35-44 years old,2022,119
I am a developer by profession,Fully remote,25-34 years old,2022,120
I am a developer by profession,Fully remote,25-34 years old,2022,121
I am a developer by profession,Fully remote,18-24 years old,2022,122
"I am not primarily a developer, but I write code sometimes as part of my work",Full in-person,25-34 years old,2022,123
I am a developer by profession,"Hybrid (some remote, some in-person)",18-24 years old,2022,124
I am a developer by profession,,18-24 years old,2022,125
I am a developer by profession,Fully remote,25-34 years old,2022,126
I am a developer by profession,Fully remote,25-34 years old,2022,127
I am a developer by profession,Full in-person,18-24 years old,2022,128
I am learning to code,,18-24 years old,2022,129
I am a developer by profession,"Hybrid (some remote, some in-person)",35-44 years old,2022,130
I am a developer by profession,Fully remote,45-54 years old,2022,131
I am a developer by profession,Fully remote,25-34 years old,2022,132
I am a developer by profession,Fully remote,45-54 years old,2022,133
I am a developer by profession,Fully remote,25-34 years old,2022,134
I am a developer by profession,"Hybrid (some remote, some in-person)",35-44 years old,2022,135
I code primarily as a hobby,,18-24 years old,2022,136
I am a developer by profession,"Hybrid (some remote, some in-person)",25-34 years old,2022,137
I am a developer by profession,"Hybrid (some remote, some in-person)",25-34 years old,2022,138
I am learning to code,Fully remote,55-64 years old,2022,139
I am a developer by profession,"Hybrid (some remote, some in-person)",25-34 years old,2022,140
I am a developer by profession,"Hybrid (some remote, some in-person)",35-44 years old,2022,141
I am a developer by profession,"Hybrid (some remote, some in-person)",25-34 years old,2022,142
I am a developer by profession,Fully remote,35-44 years old,2022,143
I am a developer by profession,Full in-person,18-24 years old,2022,144
I am a developer by profession,Fully remote,35-44 years old,2022,145
None of these,,,2022,146
I am a developer by profession,Fully remote,25-34 years old,2022,147
I am a developer by profession,"Hybrid (some remote, some in-person)",25-34 years old,2022,148
I am a developer by profession,,25-34 years old,2022,149
I am a developer by profession,"Hybrid (some remote, some in-person)",35-44 years old,2022,150
I am a developer by profession,Full in-person,25-34 years old,2022,151
I am a developer by profession,Full in-person,,2022,152
I am a developer by profession,"Hybrid (some remote, some in-person)",25-34 years old,2022,153
"I am not primarily a developer, but I write code sometimes as part of my work","Hybrid (some remote, some in-person)",25-34 years old,2022,154
I am a developer by profession,"Hybrid (some remote, some in-person)",18-24 years old,2022,155
I am a developer by profession,"Hybrid (some remote, some in-person)",25-34 years old,2022,156
I am learning to code,Fully remote,25-34 years old,2022,157
I am a developer by profession,"Hybrid (some remote, some in-person)",25-34 years old,2022,158
I am a developer by profession,Fully remote,25-34 years old,2022,159
I am a developer by profession,Full in-person,25-34 years old,2022,160
I am a developer by profession,"Hybrid (some remote, some in-person)",45-54 years old,2022,161
I am learning to code,"Hybrid (some remote, some in-person)",25-34 years old,2022,162
I am a developer by profession,"Hybrid (some remote, some in-person)",35-44 years old,2022,163
I am a developer by profession,Fully remote,35-44 years old,2022,164
I am a developer by profession,"Hybrid (some remote, some in-person)",18-24 years old,2022,165
I am learning to code,,18-24 years old,2022,166
I am a developer by profession,Fully remote,25-34 years old,2022,167
I am a developer by profession,Fully remote,18-24 years old,2022,168
I am a developer by profession,Full in-person,25-34 years old,2022,169
I am a developer by profession,Fully remote,55-64 years old,2022,170
I am a developer by profession,"Hybrid (some remote, some in-person)",18-24 years old,2022,171
I am a developer by profession,"Hybrid (some remote, some in-person)",35-44 years old,2022,172
"I used to be a developer by profession, but no longer am",,18-24 years old,2022,173
I am a developer by profession,,18-24 years old,2022,174
"I used to be a developer by profession, but no longer am",Full in-person,45-54 years old,2022,175
I am a developer by profession,,18-24 years old,2022,176
"I used to be a developer by profession, but no longer am",Fully remote,25-34 years old,2022,177
I am a developer by profession,"Hybrid (some remote, some in-person)",25-34 years old,2022,178
I am a developer by profession,Fully remote,25-34 years old,2022,179
I am a developer by profession,Fully remote,45-54 years old,2022,180
I am a developer by profession,"Hybrid (some remote, some in-person)",25-34 years old,2022,181
"I am not primarily a developer, but I write code sometimes as part of my work",Fully remote,45-54 years old,2022,182
I am a developer by profession,Fully remote,25-34 years old,2022,183
"I am not primarily a developer, but I write code sometimes as part of my work","Hybrid (some remote, some in-person)",45-54 years old,2022,184
I am a developer by profession,"Hybrid (some remote, some in-person)",18-24 years old,2022,185
I am a developer by profession,Fully remote,35-44 years old,2022,186
I am a developer by profession,Fully remote,65 years or older,2022,187
I am a developer by profession,Fully remote,35-44 years old,2022,188
I am a developer by profession,Fully remote,25-34 years old,2022,189
None of these,,,2022,190
I am a developer by profession,Fully remote,25-34 years old,2022,191
I am a developer by profession,Fully remote,18-24 years old,2022,192
I am a developer by profession,"Hybrid (some remote, some in-person)",18-24 years old,2022,193
I am a developer by profession,Fully remote,55-64 years old,2022,194
I am a developer by profession,"Hybrid (some remote, some in-person)",25-34 years old,2022,195
I am a developer by profession,Fully remote,25-34 years old,2022,196
I am learning to code,,18-24 years old,2022,197
I am a developer by profession,Fully remote,25-34 years old,2022,198
I am a developer by profession,,35-44 years old,2022,199
I am a developer by profession,Fully remote,45-54 years old,2022,200
I am a developer by profession,"Hybrid (some remote, some in-person)",25-34 years old,2022,201
I am a developer by profession,"Hybrid (some remote, some in-person)",25-34 years old,2022,202
I am a developer by profession,"Hybrid (some remote, some in-person)",25-34 years old,2022,203
I am a developer by profession,Full in-person,25-34 years old,2022,204
I am a developer by profession,Full in-person,25-34 years old,2022,205
I am a developer by profession,Fully remote,,2022,206
I am a developer by profession,"Hybrid (some remote, some in-person)",25-34 years old,2022,207
I am a developer by profession,Fully remote,35-44 years old,2022,208
"I used to be a developer by profession, but no longer am",Fully remote,35-44 years old,2022,209
I am a developer by profession,Fully remote,35-44 years old,2022,210
I am a developer by profession,"Hybrid (some remote, some in-person)",18-24 years old,2022,211
I am a developer by profession,Fully remote,18-24 years old,2022,212
I am a developer by profession,Fully remote,65 years or older,2022,213
I am a developer by profession,Full in-person,18-24 years old,2022,214
I am a developer by profession,"Hybrid (some remote, some in-person)",25-34 years old,2022,215
I code primarily as a hobby,,18-24 years old,2022,216
"I am not primarily a developer, but I write code sometimes as part of my work","Hybrid (some remote, some in-person)",35-44 years old,2022,217
"I am not primarily a developer, but I write code sometimes as part of my work","Hybrid (some remote, some in-person)",35-44 years old,2022,218
"I am not primarily a developer, but I write code sometimes as part of my work","Hybrid (some remote, some in-person)",45-54 years old,2022,219
"I am not primarily a developer, but I write code sometimes as part of my work","Hybrid (some remote, some in-person)",,2022,220
I am a developer by profession,Fully remote,35-44 years old,2022,221
I am a developer by profession,Fully remote,35-44 years old,2022,222
I am a developer by profession,Fully remote,18-24 years old,2022,223
I am a developer by profession,Fully remote,25-34 years old,2022,224
I am a developer by profession,"Hybrid (some remote, some in-person)",35-44 years old,2022,225
"I am not primarily a developer, but I write code sometimes as part of my work",Fully remote,,2022,226
I am a developer by profession,,Under 18 years old,2022,227
I am a developer by profession,Fully remote,35-44 years old,2022,228
I am a developer by profession,Fully remote,25-34 years old,2022,229
None of these,,,2022,230
I am a developer by profession,"Hybrid (some remote, some in-person)",18-24 years old,2022,231
"I am not primarily a developer, but I write code sometimes as part of my work",Fully remote,35-44 years old,2022,232
I am a developer by profession,Fully remote,25-34 years old,2022,233
I am a developer by profession,"Hybrid (some remote, some in-person)",25-34 years old,2022,234
"I am not primarily a developer, but I write code sometimes as part of my work","Hybrid (some remote, some in-person)",45-54 years old,2022,235
I am a developer by profession,"Hybrid (some remote, some in-person)",25-34 years old,2022,236
I am a developer by profession,Fully remote,25-34 years old,2022,237
I am a developer by profession,"Hybrid (some remote, some in-person)",55-64 years old,2022,238
I am a developer by profession,Fully remote,65 years or older,2022,239
I am learning to code,"Hybrid (some remote, some in-person)",25-34 years old,2022,240
"I am not primarily a developer, but I write code sometimes as part of my work","Hybrid (some remote, some in-person)",25-34 years old,2022,241
"I am not primarily a developer, but I write code sometimes as part of my work",Full in-person,25-34 years old,2022,242
I am a developer by profession,"Hybrid (some remote, some in-person)",35-44 years old,2022,243
"I am not primarily a developer, but I write code sometimes as part of my work",Full in-person,18-24 years old,2022,244
"I am not primarily a developer, but I write code sometimes as part of my work","Hybrid (some remote, some in-person)",25-34 years old,2022,245
I am a developer by profession,Fully remote,25-34 years old,2022,246
I am a developer by profession,"Hybrid (some remote, some in-person)",35-44 years old,2022,247
"I am not primarily a developer, but I write code sometimes as part of my work","Hybrid (some remote, some in-person)",55-64 years old,2022,248
I am learning to code,Fully remote,45-54 years old,2022,249
I am a developer by profession,"Hybrid (some remote, some in-person)",18-24 years old,2022,250
I am a developer by profession,Fully remote,25-34 years old,2022,251
I am a developer by profession,Full in-person,Under 18 years old,2022,252
I am a developer by profession,"Hybrid (some remote, some in-person)",35-44 years old,2022,253
I am a developer by profession,Fully remote,18-24 years old,2022,254
I am a developer by profession,Full in-person,35-44 years old,2022,255
I am a developer by profession,"Hybrid (some remote, some in-person)",25-34 years old,2022,256
I am a developer by profession,Fully remote,25-34 years old,2022,257
I am a developer by profession,"Hybrid (some remote, some in-person)",25-34 years old,2022,258
I am a developer by profession,"Hybrid (some remote, some in-person)",25-34 years old,2022,259
I am a developer by profession,"Hybrid (some remote, some in-person)",25-34 years old,2022,260
I am a developer by profession,Full in-person,18-24 years old,2022,261
"I am not primarily a developer, but I write code sometimes as part of my work","Hybrid (some remote, some in-person)",18-24 years old,2022,262
I am a developer by profession,"Hybrid (some remote, some in-person)",35-44 years old,2022,263
I am a developer by profession,"Hybrid (some remote, some in-person)",35-44 years old,2022,264
I am a developer by profession,,25-34 years old,2022,265
I am a developer by profession,Fully remote,25-34 years old,2022,266
I am a developer by profession,"Hybrid (some remote, some in-person)",25-34 years old,2022,267
I am a developer by profession,Full in-person,25-34 years old,2022,268
I am a developer by profession,Fully remote,25-34 years old,2022,269
I am learning to code,"Hybrid (some remote, some in-person)",18-24 years old,2022,270
I am a developer by profession,"Hybrid (some remote, some in-person)",25-34 years old,2022,271
I am a developer by profession,"Hybrid (some remote, some in-person)",35-44 years old,2022,272
I am a developer by profession,"Hybrid (some remote, some in-person)",45-54 years old,2022,273
I am a developer by profession,Fully remote,35-44 years old,2022,274
I am a developer by profession,Fully remote,25-34 years old,2022,275
I am a developer by profession,"Hybrid (some remote, some in-person)",18-24 years old,2022,276
I am a developer by profession,"Hybrid (some remote, some in-person)",25-34 years old,2022,277
I am a developer by profession,"Hybrid (some remote, some in-person)",25-34 years old,2022,278
I am a developer by profession,Fully remote,35-44 years old,2022,279
I am a developer by profession,"Hybrid (some remote, some in-person)",35-44 years old,2022,280
I am a developer by profession,Fully remote,18-24 years old,2022,281
I am a developer by profession,Full in-person,18-24 years old,2022,282
"I used to be a developer by profession, but no longer am",Fully remote,25-34 years old,2022,283
I am a developer by profession,"Hybrid (some remote, some in-person)",25-34 years old,2022,284
"I am not primarily a developer, but I write code sometimes as part of my work","Hybrid (some remote, some in-person)",25-34 years old,2022,285
I am a developer by profession,"Hybrid (some remote, some in-person)",25-34 years old,2022,286
I am a developer by profession,Fully remote,25-34 years old,2022,287
I am a developer by profession,Fully remote,25-34 years old,2022,288
I am a developer by profession,Fully remote,18-24 years old,2022,289
I am a developer by profession,Full in-person,18-24 years old,2022,290
I am a developer by profession,Fully remote,25-34 years old,2022,291
I am a developer by profession,"Hybrid (some remote, some in-person)",25-34 years old,2022,292
I am a developer by profession,Fully remote,25-34 years old,2022,293
I am a developer by profession,Full in-person,25-34 years old,2022,294
I am a developer by profession,,35-44 years old,2022,295
I am a developer by profession,"Hybrid (some remote, some in-person)",25-34 years old,2022,296
I am a developer by profession,"Hybrid (some remote, some in-person)",35-44 years old,2022,297
I am a developer by profession,"Hybrid (some remote, some in-person)",25-34 years old,2022,298
I am a developer by profession,"Hybrid (some remote, some in-person)",25-34 years old,2022,299
I am a developer by profession,"Hybrid (some remote, some in-person)",25-34 years old,2022,300
I am a developer by profession,Fully remote,18-24 years old,2022,301
I am a developer by profession,"Hybrid (some remote, some in-person)",18-24 years old,2022,302
"I used to be a developer by profession, but no longer am","Hybrid (some remote, some in-person)",55-64 years old,2022,303
I am a developer by profession,"Hybrid (some remote, some in-person)",25-34 years old,2022,304
I am a developer by profession,Fully remote,25-34 years old,2022,305
I am learning to code,,Under 18 years old,2022,306
I am a developer by profession,Fully remote,35-44 years old,2022,307
I am a developer by profession,Fully remote,25-34 years old,2022,308
I am a developer by profession,Fully remote,18-24 years old,2022,309
I am a developer by profession,Fully remote,18-24 years old,2022,310
I am a developer by profession,Full in-person,35-44 years old,2022,311
I am a developer by profession,"Hybrid (some remote, some in-person)",35-44 years old,2022,312
I am a developer by profession,Fully remote,35-44 years old,2022,313
I am learning to code,,Under 18 years old,2022,314
I am a developer by profession,"Hybrid (some remote, some in-person)",25-34 years old,2022,315
I am a developer by profession,Fully remote,25-34 years old,2022,316
I am a developer by profession,Fully remote,35-44 years old,2022,317
I am a developer by profession,"Hybrid (some remote, some in-person)",25-34 years old,2022,318
I code primarily as a hobby,"Hybrid (some remote, some in-person)",35-44 years old,2022,319
"I am not primarily a developer, but I write code sometimes as part of my work","Hybrid (some remote, some in-person)",25-34 years old,2022,320
I am a developer by profession,"Hybrid (some remote, some in-person)",18-24 years old,2022,321
I am a developer by profession,"Hybrid (some remote, some in-person)",35-44 years old,2022,322
I am a developer by profession,Fully remote,45-54 years old,2022,323
I am a developer by profession,Fully remote,45-54 years old,2022,324
I am a developer by profession,Fully remote,25-34 years old,2022,325
I am a developer by profession,"Hybrid (some remote, some in-person)",25-34 years old,2022,326
I am a developer by profession,"Hybrid (some remote, some in-person)",35-44 years old,2022,327
I am a developer by profession,"Hybrid (some remote, some in-person)",18-24 years old,2022,328
"I am not primarily a developer, but I write code sometimes as part of my work","Hybrid (some remote, some in-person)",25-34 years old,2022,329
I am a developer by profession,Fully remote,25-34 years old,2022,330
I am a developer by profession,Fully remote,18-24 years old,2022,331
I am learning to code,,18-24 years old,2022,332
I am a developer by profession,"Hybrid (some remote, some in-person)",25-34 years old,2022,333
I am a developer by profession,"Hybrid (some remote, some in-person)",35-44 years old,2022,334
I am a developer by profession,Fully remote,45-54 years old,2022,335
I am a developer by profession,"Hybrid (some remote, some in-person)",25-34 years old,2022,336
I am a developer by profession,"Hybrid (some remote, some in-person)",18-24 years old,2022,337
I am a developer by profession,"Hybrid (some remote, some in-person)",25-34 years old,2022,338
I am a developer by profession,"Hybrid (some remote, some in-person)",18-24 years old,2022,339
I am a developer by profession,"Hybrid (some remote, some in-person)",45-54 years old,2022,340
I am a developer by profession,Fully remote,45-54 years old,2022,341
I am a developer by profession,Fully remote,35-44 years old,2022,342
I am a developer by profession,"Hybrid (some remote, some in-person)",25-34 years old,2022,343
I am a developer by profession,"Hybrid (some remote, some in-person)",18-24 years old,2022,344
"I am not primarily a developer, but I write code sometimes as part of my work","Hybrid (some remote, some in-person)",45-54 years old,2022,345
I am a developer by profession,"Hybrid (some remote, some in-person)",18-24 years old,2022,346
I am a developer by profession,"Hybrid (some remote, some in-person)",25-34 years old,2022,347
I am a developer by profession,Fully remote,25-34 years old,2022,348
I am a developer by profession,"Hybrid (some remote, some in-person)",45-54 years old,2022,349
I am learning to code,,18-24 years old,2022,350
I am a developer by profession,"Hybrid (some remote, some in-person)",25-34 years old,2022,351
I am a developer by profession,"Hybrid (some remote, some in-person)",45-54 years old,2022,352
I am a developer by profession,Fully remote,25-34 years old,2022,353
I am a developer by profession,"Hybrid (some remote, some in-person)",35-44 years old,2022,354
I code primarily as a hobby,,25-34 years old,2022,355
I am a developer by profession,Fully remote,25-34 years old,2022,356
I am a developer by profession,Fully remote,35-44 years old,2022,357
I am a developer by profession,"Hybrid (some remote, some in-person)",25-34 years old,2022,358
I am a developer by profession,"Hybrid (some remote, some in-person)",45-54 years old,2022,359
I am a developer by profession,"Hybrid (some remote, some in-person)",25-34 years old,2022,360
I am a developer by profession,"Hybrid (some remote, some in-person)",25-34 years old,2022,361
I am a developer by profession,"Hybrid (some remote, some in-person)",25-34 years old,2022,362
I am a developer by profession,Fully remote,35-44 years old,2022,363
I am a developer by profession,Fully remote,35-44 years old,2022,364
I am a developer by profession,"Hybrid (some remote, some in-person)",35-44 years old,2022,365
I am a developer by profession,"Hybrid (some remote, some in-person)",65 years or older,2022,366
I am a developer by profession,"Hybrid (some remote, some in-person)",25-34 years old,2022,367
I am a developer by profession,"Hybrid (some remote, some in-person)",18-24 years old,2022,368
"I am not primarily a developer, but I write code sometimes as part of my work",,25-34 years old,2022,369
I am a developer by profession,Full in-person,25-34 years old,2022,370
I am a developer by profession,"Hybrid (some remote, some in-person)",18-24 years old,2022,371
I am a developer by profession,Fully remote,25-34 years old,2022,372
I am a developer by profession,Fully remote,25-34 years old,2022,373
I am a developer by profession,"Hybrid (some remote, some in-person)",25-34 years old,2022,374
I am a developer by profession,"Hybrid (some remote, some in-person)",18-24 years old,2022,375
I am a developer by profession,Fully remote,18-24 years old,2022,376
I am a developer by profession,,18-24 years old,2022,377
I am a developer by profession,"Hybrid (some remote, some in-person)",18-24 years old,2022,378
I am a developer by profession,Fully remote,18-24 years old,2022,379
I am a developer by profession,Fully remote,25-34 years old,2022,380
"I am not primarily a developer, but I write code sometimes as part of my work",Fully remote,55-64 years old,2022,381
I am a developer by profession,Fully remote,18-24 years old,2022,382
I am a developer by profession,Fully remote,25-34 years old,2022,383
I am a developer by profession,,25-34 years old,2022,384
I am a developer by profession,Fully remote,35-44 years old,2022,385
I am a developer by profession,"Hybrid (some remote, some in-person)",25-34 years old,2022,386
I am a developer by profession,"Hybrid (some remote, some in-person)",25-34 years old,2022,387
I am a developer by profession,"Hybrid (some remote, some in-person)",25-34 years old,2022,388
I am a developer by profession,Full in-person,35-44 years old,2022,389
I am a developer by profession,"Hybrid (some remote, some in-person)",25-34 years old,2022,390
I am a developer by profession,Fully remote,35-44 years old,2022,391
I am a developer by profession,Fully remote,35-44 years old,2022,392
I am a developer by profession,"Hybrid (some remote, some in-person)",25-34 years old,2022,393
I am a developer by profession,"Hybrid (some remote, some in-person)",18-24 years old,2022,394
I am a developer by profession,Fully remote,18-24 years old,2022,395
I am a developer by profession,"Hybrid (some remote, some in-person)",18-24 years old,2022,396
I am a developer by profession,Fully remote,35-44 years old,2022,397
I am a developer by profession,Fully remote,35-44 years old,2022,398
I am a developer by profession,Fully remote,35-44 years old,2022,399
"I am not primarily a developer, but I write code sometimes as part of my work","Hybrid (some remote, some in-person)",25-34 years old,2022,400
I am a developer by profession,Fully remote,25-34 years old,2022,401
I am a developer by profession,"Hybrid (some remote, some in-person)",25-34 years old,2022,402
I am a developer by profession,"Hybrid (some remote, some in-person)",25-34 years old,2022,403
I am a developer by profession,Full in-person,18-24 years old,2022,404
I am a developer by profession,Fully remote,25-34 years old,2022,405
I am a developer by profession,Fully remote,18-24 years old,2022,406
I am a developer by profession,Full in-person,55-64 years old,2022,407
I am a developer by profession,Fully remote,25-34 years old,2022,408
I am a developer by profession,Fully remote,25-34 years old,2022,409
I am a developer by profession,"Hybrid (some remote, some in-person)",25-34 years old,2022,410
I am a developer by profession,"Hybrid (some remote, some in-person)",18-24 years old,2022,411
I am a developer by profession,Fully remote,35-44 years old,2022,412
I code primarily as a hobby,Full in-person,35-44 years old,2022,413
I am a developer by profession,"Hybrid (some remote, some in-person)",45-54 years old,2022,414
I am a developer by profession,,25-34 years old,2022,415
I code primarily as a hobby,"Hybrid (some remote, some in-person)",Under 18 years old,2022,416
I am a developer by profession,Fully remote,25-34 years old,2022,417
I am a developer by profession,,25-34 years old,2022,418
I am a developer by profession,Fully remote,35-44 years old,2022,419
I am learning to code,,18-24 years old,2022,420
"I used to be a developer by profession, but no longer am",Full in-person,35-44 years old,2022,421
I am a developer by profession,Fully remote,25-34 years old,2022,422
I am a developer by profession,Fully remote,25-34 years old,2022,423
I am a developer by profession,"Hybrid (some remote, some in-person)",35-44 years old,2022,424
I am learning to code,,18-24 years old,2022,425
I am a developer by profession,Fully remote,18-24 years old,2022,426
I am a developer by profession,Fully remote,25-34 years old,2022,427
I am learning to code,,18-24 years old,2022,428
I am a developer by profession,"Hybrid (some remote, some in-person)",25-34 years old,2022,429
"I am not primarily a developer, but I write code sometimes as part of my work",Fully remote,25-34 years old,2022,430
I am a developer by profession,"Hybrid (some remote, some in-person)",35-44 years old,2022,431
I am a developer by profession,"Hybrid (some remote, some in-person)",25-34 years old,2022,432
I am a developer by profession,"Hybrid (some remote, some in-person)",45-54 years old,2022,433
I code primarily as a hobby,,18-24 years old,2022,434
I am a developer by profession,"Hybrid (some remote, some in-person)",25-34 years old,2022,435
I am a developer by profession,Full in-person,25-34 years old,2022,436
I am a developer by profession,,18-24 years old,2022,437
I am a developer by profession,Fully remote,18-24 years old,2022,438
I am a developer by profession,"Hybrid (some remote, some in-person)",25-34 years old,2022,439
I am a developer by profession,Fully remote,25-34 years old,2022,440
I am a developer by profession,Fully remote,25-34 years old,2022,441
I am a developer by profession,"Hybrid (some remote, some in-person)",35-44 years old,2022,442
I am a developer by profession,"Hybrid (some remote, some in-person)",25-34 years old,2022,443
I am a developer by profession,,18-24 years old,2022,444
I am a developer by profession,"Hybrid (some remote, some in-person)",35-44 years old,2022,445
I am a developer by profession,"Hybrid (some remote, some in-person)",35-44 years old,2022,446
I am a developer by profession,Fully remote,25-34 years old,2022,447
I am a developer by profession,"Hybrid (some remote, some in-person)",35-44 years old,2022,448
I am a developer by profession,"Hybrid (some remote, some in-person)",45-54 years old,2022,449
I am a developer by profession,,18-24 years old,2022,450
I code primarily as a hobby,,Prefer not to say,2022,451
I am learning to code,,18-24 years old,2022,452
I am a developer by profession,Fully remote,55-64 years old,2022,453
I am a developer by profession,Fully remote,25-34 years old,2022,454
I am a developer by profession,Fully remote,25-34 years old,2022,455
I code primarily as a hobby,,18-24 years old,2022,456
I code primarily as a hobby,,Under 18 years old,2022,457
I am a developer by profession,"Hybrid (some remote, some in-person)",25-34 years old,2022,458
I am a developer by profession,"Hybrid (some remote, some in-person)",25-34 years old,2022,459
I am a developer by profession,"Hybrid (some remote, some in-person)",18-24 years old,2022,460
I am learning to code,,25-34 years old,2022,461
I am a developer by profession,Fully remote,18-24 years old,2022,462
I am a developer by profession,"Hybrid (some remote, some in-person)",25-34 years old,2022,463
"I am not primarily a developer, but I write code sometimes as part of my work","Hybrid (some remote, some in-person)",25-34 years old,2022,464
"I am not primarily a developer, but I write code sometimes as part of my work","Hybrid (some remote, some in-person)",45-54 years old,2022,465
I am a developer by profession,"Hybrid (some remote, some in-person)",25-34 years old,2022,466
I am a developer by profession,Fully remote,25-34 years old,2022,467
I am a developer by profession,Fully remote,25-34 years old,2022,468
I am a developer by profession,Fully remote,18-24 years old,2022,469
I am a developer by profession,"Hybrid (some remote, some in-person)",25-34 years old,2022,470
I am a developer by profession,"Hybrid (some remote, some in-person)",18-24 years old,2022,471
I am a developer by profession,"Hybrid (some remote, some in-person)",25-34 years old,2022,472
I am a developer by profession,"Hybrid (some remote, some in-person)",18-24 years old,2022,473
I am a developer by profession,Fully remote,35-44 years old,2022,474
I am a developer by profession,"Hybrid (some remote, some in-person)",35-44 years old,2022,475
I am a developer by profession,,Under 18 years old,2022,476
"I used to be a developer by profession, but no longer am",,18-24 years old,2022,477
I am a developer by profession,Fully remote,55-64 years old,2022,478
I am a developer by profession,Fully remote,35-44 years old,2022,479
I code primarily as a hobby,,18-24 years old,2022,480
I am a developer by profession,"Hybrid (some remote, some in-person)",18-24 years old,2022,481
I code primarily as a hobby,Full in-person,18-24 years old,2022,482
I am a developer by profession,Fully remote,35-44 years old,2022,483
I am a developer by profession,"Hybrid (some remote, some in-person)",35-44 years old,2022,484
I am a developer by profession,"Hybrid (some remote, some in-person)",25-34 years old,2022,485
I am a developer by profession,"Hybrid (some remote, some in-person)",18-24 years old,2022,486
I am a developer by profession,Fully remote,18-24 years old,2022,487
I am a developer by profession,Fully remote,35-44 years old,2022,488
I am a developer by profession,"Hybrid (some remote, some in-person)",18-24 years old,2022,489
I am a developer by profession,"Hybrid (some remote, some in-person)",25-34 years old,2022,490
I am a developer by profession,Fully remote,18-24 years old,2022,491
I am a developer by profession,"Hybrid (some remote, some in-person)",25-34 years old,2022,492
I am a developer by profession,"Hybrid (some remote, some in-person)",25-34 years old,2022,493
I am a developer by profession,"Hybrid (some remote, some in-person)",25-34 years old,2022,494
I am a developer by profession,Fully remote,35-44 years old,2022,495
I am a developer by profession,"Hybrid (some remote, some in-person)",18-24 years old,2022,496
"I am not primarily a developer, but I write code sometimes as part of my work",Fully remote,35-44 years old,2022,497
I am a developer by profession,Fully remote,25-34 years old,2022,498
I am a developer by profession,"Hybrid (some remote, some in-person)",25-34 years old,2022,499
I am a developer by profession,Fully remote,25-34 years old,2022,500
I am a developer by profession,"Hybrid (some remote, some in-person)",35-44 years old,2022,501
I am a developer by profession,,18-24 years old,2022,502
I am a developer by profession,Full in-person,18-24 years old,2022,503
I code primarily as a hobby,,18-24 years old,2022,504
I am a developer by profession,Fully remote,25-34 years old,2022,505
I am learning to code,,18-24 years old,2022,506
I am a developer by profession,Fully remote,25-34 years old,2022,507
I am a developer by profession,Fully remote,35-44 years old,2022,508
I am a developer by profession,Fully remote,25-34 years old,2022,509
I am a developer by profession,"Hybrid (some remote, some in-person)",25-34 years old,2022,510
I am a developer by profession,Fully remote,18-24 years old,2022,511
I am a developer by profession,Fully remote,25-34 years old,2022,512
I am a developer by profession,Full in-person,25-34 years old,2022,513
I am a developer by profession,Fully remote,35-44 years old,2022,514
I am a developer by profession,Fully remote,45-54 years old,2022,515
I code primarily as a hobby,,,2022,516
I am a developer by profession,"Hybrid (some remote, some in-person)",18-24 years old,2022,517
I code primarily as a hobby,,18-24 years old,2022,518
I am a developer by profession,"Hybrid (some remote, some in-person)",18-24 years old,2022,519
"I am not primarily a developer, but I write code sometimes as part of my work","Hybrid (some remote, some in-person)",25-34 years old,2022,520
I am a developer by profession,,18-24 years old,2022,521
I am a developer by profession,"Hybrid (some remote, some in-person)",35-44 years old,2022,522
I am a developer by profession,Fully remote,25-34 years old,2022,523
I am a developer by profession,"Hybrid (some remote, some in-person)",25-34 years old,2022,524
I am a developer by profession,"Hybrid (some remote, some in-person)",35-44 years old,2022,525
I am a developer by profession,,25-34 years old,2022,526
I am a developer by profession,Fully remote,25-34 years old,2022,527
I am a developer by profession,"Hybrid (some remote, some in-person)",25-34 years old,2022,528
I am a developer by profession,Fully remote,25-34 years old,2022,529
I am a developer by profession,Full in-person,Prefer not to say,2022,530
I am a developer by profession,"Hybrid (some remote, some in-person)",45-54 years old,2022,531
I code primarily as a hobby,,18-24 years old,2022,532
I am learning to code,,18-24 years old,2022,533
I am a developer by profession,Fully remote,25-34 years old,2022,534
I am a developer by profession,"Hybrid (some remote, some in-person)",18-24 years old,2022,535
I am a developer by profession,"Hybrid (some remote, some in-person)",25-34 years old,2022,536
I am a developer by profession,"Hybrid (some remote, some in-person)",25-34 years old,2022,537
I am a developer by profession,Fully remote,35-44 years old,2022,538
I am a developer by profession,"Hybrid (some remote, some in-person)",25-34 years old,2022,539
I am a developer by profession,"Hybrid (some remote, some in-person)",25-34 years old,2022,540
I am a developer by profession,Fully remote,35-44 years old,2022,541
None of these,,,2022,542
I am a developer by profession,Fully remote,45-54 years old,2022,543
I am a developer by profession,"Hybrid (some remote, some in-person)",25-34 years old,2022,544
I am a developer by profession,,18-24 years old,2022,545
I am a developer by profession,Fully remote,25-34 years old,2022,546
I am a developer by profession,"Hybrid (some remote, some in-person)",25-34 years old,2022,547
I code primarily as a hobby,Full in-person,25-34 years old,2022,548
I am a developer by profession,Fully remote,35-44 years old,2022,549
"I am not primarily a developer, but I write code sometimes as part of my work",Full in-person,25-34 years old,2022,550
I am a developer by profession,"Hybrid (some remote, some in-person)",25-34 years old,2022,551
I am a developer by profession,"Hybrid (some remote, some in-person)",25-34 years old,2022,552
I am a developer by profession,Fully remote,25-34 years old,2022,553
I am a developer by profession,Fully remote,25-34 years old,2022,554
I am a developer by profession,,18-24 years old,2022,555
I am a developer by profession,"Hybrid (some remote, some in-person)",25-34 years old,2022,556
"I am not primarily a developer, but I write code sometimes as part of my work","Hybrid (some remote, some in-person)",25-34 years old,2022,557
I am a developer by profession,Fully remote,35-44 years old,2022,558
I am a developer by profession,Fully remote,35-44 years old,2022,559
I am a developer by profession,Fully remote,25-34 years old,2022,560
I am a developer by profession,Fully remote,25-34 years old,2022,561
I am a developer by profession,"Hybrid (some remote, some in-person)",25-34 years old,2022,562
I am a developer by profession,"Hybrid (some remote, some in-person)",25-34 years old,2022,563
I am a developer by profession,"Hybrid (some remote, some in-person)",35-44 years old,2022,564
I am a developer by profession,Fully remote,35-44 years old,2022,565
I code primarily as a hobby,Full in-person,18-24 years old,2022,566
"I am not primarily a developer, but I write code sometimes as part of my work",Full in-person,25-34 years old,2022,567
I am a developer by profession,Fully remote,18-24 years old,2022,568
"I used to be a developer by profession, but no longer am",,55-64 years old,2022,569
I am a developer by profession,"Hybrid (some remote, some in-person)",25-34 years old,2022,570
I am a developer by profession,Fully remote,18-24 years old,2022,571
"I am not primarily a developer, but I write code sometimes as part of my work","Hybrid (some remote, some in-person)",35-44 years old,2022,572
I am a developer by profession,Fully remote,35-44 years old,2022,573
I am a developer by profession,"Hybrid (some remote, some in-person)",25-34 years old,2022,574
"I am not primarily a developer, but I write code sometimes as part of my work",Fully remote,55-64 years old,2022,575
I am a developer by profession,"Hybrid (some remote, some in-person)",25-34 years old,2022,576
I am a developer by profession,Fully remote,25-34 years old,2022,577
I am a developer by profession,Fully remote,25-34 years old,2022,578
I am a developer by profession,Fully remote,18-24 years old,2022,579
"I am not primarily a developer, but I write code sometimes as part of my work",Fully remote,55-64 years old,2022,580
I am a developer by profession,"Hybrid (some remote, some in-person)",25-34 years old,2022,581
I am a developer by profession,Full in-person,25-34 years old,2022,582
I am a developer by profession,Fully remote,35-44 years old,2022,583
I am a developer by profession,Fully remote,25-34 years old,2022,584
I am a developer by profession,"Hybrid (some remote, some in-person)",25-34 years old,2022,585
I am a developer by profession,Fully remote,35-44 years old,2022,586
I am a developer by profession,Fully remote,18-24 years old,2022,587
I am a developer by profession,,18-24 years old,2022,588
I am a developer by profession,Fully remote,25-34 years old,2022,589
I am a developer by profession,Fully remote,25-34 years old,2022,590
I am a developer by profession,Fully remote,25-34 years old,2022,591
I am a developer by profession,Full in-person,25-34 years old,2022,592
I code primarily as a hobby,,,2022,593
I am a developer by profession,"Hybrid (some remote, some in-person)",25-34 years old,2022,594
I am a developer by profession,"Hybrid (some remote, some in-person)",35-44 years old,2022,595
I am a developer by profession,Fully remote,55-64 years old,2022,596
I code primarily as a hobby,,18-24 years old,2022,597
I am a developer by profession,Fully remote,25-34 years old,2022,598
I am a developer by profession,Fully remote,35-44 years old,2022,599
I am learning to code,,18-24 years old,2022,600
I am a developer by profession,Fully remote,18-24 years old,2022,601
I am a developer by profession,Fully remote,25-34 years old,2022,602
I code primarily as a hobby,,18-24 years old,2022,603
I am a developer by profession,Full in-person,18-24 years old,2022,604
I am a developer by profession,"Hybrid (some remote, some in-person)",18-24 years old,2022,605
I am a developer by profession,Fully remote,45-54 years old,2022,606
"I am not primarily a developer, but I write code sometimes as part of my work",,25-34 years old,2022,607
I am a developer by profession,"Hybrid (some remote, some in-person)",35-44 years old,2022,608
I am a developer by profession,"Hybrid (some remote, some in-person)",25-34 years old,2022,609
I am a developer by profession,"Hybrid (some remote, some in-person)",18-24 years old,2022,610
I am a developer by profession,"Hybrid (some remote, some in-person)",45-54 years old,2022,611
I am a developer by profession,"Hybrid (some remote, some in-person)",25-34 years old,2022,612
I am a developer by profession,"Hybrid (some remote, some in-person)",18-24 years old,2022,613
"I am not primarily a developer, but I write code sometimes as part of my work","Hybrid (some remote, some in-person)",35-44 years old,2022,614
I am a developer by profession,Fully remote,35-44 years old,2022,615
I am a developer by profession,"Hybrid (some remote, some in-person)",35-44 years old,2022,616
I am a developer by profession,"Hybrid (some remote, some in-person)",55-64 years old,2022,617
I am a developer by profession,Fully remote,35-44 years old,2022,618
I am a developer by profession,Fully remote,25-34 years old,2022,619
I am a developer by profession,Fully remote,45-54 years old,2022,620
I am a developer by profession,Fully remote,25-34 years old,2022,621
I am a developer by profession,Fully remote,25-34 years old,2022,622
I am a developer by profession,Full in-person,18-24 years old,2022,623
I am a developer by profession,Fully remote,35-44 years old,2022,624
I am a developer by profession,"Hybrid (some remote, some in-person)",18-24 years old,2022,625
I code primarily as a hobby,,18-24 years old,2022,626
I am a developer by profession,Fully remote,55-64 years old,2022,627
"I used to be a developer by profession, but no longer am","Hybrid (some remote, some in-person)",55-64 years old,2022,628
I am a developer by profession,"Hybrid (some remote, some in-person)",25-34 years old,2022,629
I am a developer by profession,Fully remote,25-34 years old,2022,630
I code primarily as a hobby,Fully remote,45-54 years old,2022,631
I am a developer by profession,"Hybrid (some remote, some in-person)",18-24 years old,2022,632
I am a developer by profession,"Hybrid (some remote, some in-person)",35-44 years old,2022,633
I am a developer by profession,Fully remote,35-44 years old,2022,634
I am a developer by profession,Fully remote,55-64 years old,2022,635
I am a developer by profession,"Hybrid (some remote, some in-person)",35-44 years old,2022,636
I am a developer by profession,Fully remote,35-44 years old,2022,637
I am a developer by profession,"Hybrid (some remote, some in-person)",35-44 years old,2022,638
I code primarily as a hobby,,Under 18 years old,2022,639
I am a developer by profession,Fully remote,35-44 years old,2022,640
I am a developer by profession,Fully remote,35-44 years old,2022,641
I am a developer by profession,Fully remote,25-34 years old,2022,642
I am a developer by profession,"Hybrid (some remote, some in-person)",35-44 years old,2022,643
I am a developer by profession,,18-24 years old,2022,644
I am a developer by profession,Full in-person,25-34 years old,2022,645
I am a developer by profession,Fully remote,25-34 years old,2022,646
I am a developer by profession,Fully remote,25-34 years old,2022,647
I am a developer by profession,Full in-person,18-24 years old,2022,648
I code primarily as a hobby,,18-24 years old,2022,649
I am a developer by profession,"Hybrid (some remote, some in-person)",25-34 years old,2022,650
I am a developer by profession,"Hybrid (some remote, some in-person)",25-34 years old,2022,651
I am a developer by profession,Fully remote,25-34 years old,2022,652
"I am not primarily a developer, but I write code sometimes as part of my work","Hybrid (some remote, some in-person)",18-24 years old,2022,653
I am a developer by profession,Fully remote,25-34 years old,2022,654
I am a developer by profession,Fully remote,35-44 years old,2022,655
I am learning to code,,25-34 years old,2022,656
I am a developer by profession,Fully remote,25-34 years old,2022,657
"I am not primarily a developer, but I write code sometimes as part of my work","Hybrid (some remote, some in-person)",25-34 years old,2022,658
I am learning to code,"Hybrid (some remote, some in-person)",18-24 years old,2022,659
I am a developer by profession,Fully remote,25-34 years old,2022,660
"I am not primarily a developer, but I write code sometimes as part of my work","Hybrid (some remote, some in-person)",18-24 years old,2022,661
I am a developer by profession,Fully remote,25-34 years old,2022,662
I am a developer by profession,"Hybrid (some remote, some in-person)",35-44 years old,2022,663
I am a developer by profession,Fully remote,35-44 years old,2022,664
I am a developer by profession,"Hybrid (some remote, some in-person)",25-34 years old,2022,665
I code primarily as a hobby,,Under 18 years old,2022,666
I am a developer by profession,"Hybrid (some remote, some in-person)",35-44 years old,2022,667
I am a developer by profession,Fully remote,25-34 years old,2022,668
"I am not primarily a developer, but I write code sometimes as part of my work",Full in-person,45-54 years old,2022,669
"I used to be a developer by profession, but no longer am",,55-64 years old,2022,670
I am a developer by profession,Fully remote,25-34 years old,2022,671
I am a developer by profession,Fully remote,25-34 years old,2022,672
I am a developer by profession,Full in-person,45-54 years old,2022,673
I am a developer by profession,"Hybrid (some remote, some in-person)",35-44 years old,2022,674
I am a developer by profession,Fully remote,45-54 years old,2022,675
I am a developer by profession,"Hybrid (some remote, some in-person)",25-34 years old,2022,676
I am a developer by profession,Fully remote,18-24 years old,2022,677
I am a developer by profession,Fully remote,25-34 years old,2022,678
I am a developer by profession,Fully remote,55-64 years old,2022,679
I code primarily as a hobby,,18-24 years old,2022,680
I am learning to code,,25-34 years old,2022,681
I am a developer by profession,Full in-person,18-24 years old,2022,682
I am a developer by profession,"Hybrid (some remote, some in-person)",18-24 years old,2022,683
I am a developer by profession,"Hybrid (some remote, some in-person)",18-24 years old,2022,684
I am a developer by profession,"Hybrid (some remote, some in-person)",25-34 years old,2022,685
I am a developer by profession,"Hybrid (some remote, some in-person)",18-24 years old,2022,686
I code primarily as a hobby,,18-24 years old,2022,687
I am a developer by profession,Fully remote,45-54 years old,2022,688
I am a developer by profession,Full in-person,25-34 years old,2022,689
I am learning to code,,25-34 years old,2022,690
I am a developer by profession,Fully remote,45-54 years old,2022,691
I code primarily as a hobby,,Under 18 years old,2022,692
I am a developer by profession,"Hybrid (some remote, some in-person)",18-24 years old,2022,693
I am a developer by profession,,25-34 years old,2022,694
I am a developer by profession,"Hybrid (some remote, some in-person)",18-24 years old,2022,695
I am a developer by profession,Fully remote,25-34 years old,2022,696
I code primarily as a hobby,,18-24 years old,2022,697
I am a developer by profession,"Hybrid (some remote, some in-person)",35-44 years old,2022,698
I am a developer by profession,Fully remote,25-34 years old,2022,699
I code primarily as a hobby,Full in-person,18-24 years old,2022,700
I am a developer by profession,Fully remote,25-34 years old,2022,701
I am a developer by profession,Fully remote,35-44 years old,2022,702
I am learning to code,,18-24 years old,2022,703
I am a developer by profession,Fully remote,45-54 years old,2022,704
None of these,,,2022,705
"I am not primarily a developer, but I write code sometimes as part of my work",Fully remote,35-44 years old,2022,706
I am a developer by profession,"Hybrid (some remote, some in-person)",18-24 years old,2022,707
I am a developer by profession,"Hybrid (some remote, some in-person)",18-24 years old,2022,708
I am a developer by profession,Fully remote,25-34 years old,2022,709
I code primarily as a hobby,,Under 18 years old,2022,710
I am a developer by profession,Fully remote,25-34 years old,2022,711
I am a developer by profession,Fully remote,18-24 years old,2022,712
I am learning to code,,18-24 years old,2022,713
I am a developer by profession,,25-34 years old,2022,714
I am a developer by profession,"Hybrid (some remote, some in-person)",18-24 years old,2022,715
I code primarily as a hobby,,Under 18 years old,2022,716
"I used to be a developer by profession, but no longer am",Fully remote,,2022,717
I am a developer by profession,Full in-person,Prefer not to say,2022,718
I am a developer by profession,"Hybrid (some remote, some in-person)",18-24 years old,2022,719
I am a developer by profession,Full in-person,25-34 years old,2022,720
"I am not primarily a developer, but I write code sometimes as part of my work",Fully remote,55-64 years old,2022,721
I am a developer by profession,"Hybrid (some remote, some in-person)",25-34 years old,2022,722
I am a developer by profession,Fully remote,25-34 years old,2022,723
I am a developer by profession,Fully remote,35-44 years old,2022,724
I am learning to code,,25-34 years old,2022,725
I am a developer by profession,"Hybrid (some remote, some in-person)",18-24 years old,2022,726
I am a developer by profession,"Hybrid (some remote, some in-person)",25-34 years old,2022,727
I am a developer by profession,"Hybrid (some remote, some in-person)",18-24 years old,2022,728
"I am not primarily a developer, but I write code sometimes as part of my work",Fully remote,35-44 years old,2022,729
I am a developer by profession,Fully remote,25-34 years old,2022,730
I code primarily as a hobby,,18-24 years old,2022,731
I am a developer by profession,"Hybrid (some remote, some in-person)",18-24 years old,2022,732
I code primarily as a hobby,Fully remote,18-24 years old,2022,733
I am a developer by profession,Fully remote,35-44 years old,2022,734
"I used to be a developer by profession, but no longer am",,25-34 years old,2022,735
I am a developer by profession,Fully remote,25-34 years old,2022,736
I am a developer by profession,Fully remote,18-24 years old,2022,737
I am a developer by profession,Fully remote,25-34 years old,2022,738
I am a developer by profession,"Hybrid (some remote, some in-person)",25-34 years old,2022,739
I am a developer by profession,"Hybrid (some remote, some in-person)",18-24 years old,2022,740
I am a developer by profession,Fully remote,25-34 years old,2022,741
I am a developer by profession,Fully remote,Prefer not to say,2022,742
I am a developer by profession,Fully remote,Under 18 years old,2022,743
I am a developer by profession,Fully remote,25-34 years old,2022,744
I am a developer by profession,Fully remote,35-44 years old,2022,745
I am a developer by profession,Fully remote,25-34 years old,2022,746
"I am not primarily a developer, but I write code sometimes as part of my work","Hybrid (some remote, some in-person)",25-34 years old,2022,747
I code primarily as a hobby,,,2022,748
I am a developer by profession,"Hybrid (some remote, some in-person)",35-44 years old,2022,749
"I used to be a developer by profession, but no longer am",,45-54 years old,2022,750
I am a developer by profession,"Hybrid (some remote, some in-person)",25-34 years old,2022,751
"I am not primarily a developer, but I write code sometimes as part of my work",Fully remote,25-34 years old,2022,752
I am a developer by profession,Full in-person,45-54 years old,2022,753
I am a developer by profession,Full in-person,18-24 years old,2022,754
I am a developer by profession,,18-24 years old,2022,755
I am a developer by profession,Fully remote,25-34 years old,2022,756
I am a developer by profession,"Hybrid (some remote, some in-person)",25-34 years old,2022,757
I am a developer by profession,"Hybrid (some remote, some in-person)",25-34 years old,2022,758
I am a developer by profession,"Hybrid (some remote, some in-person)",25-34 years old,2022,759
I am a developer by profession,"Hybrid (some remote, some in-person)",25-34 years old,2022,760
I am a developer by profession,Fully remote,25-34 years old,2022,761
I am a developer by profession,Full in-person,25-34 years old,2022,762
I am a developer by profession,"Hybrid (some remote, some in-person)",25-34 years old,2022,763
I am a developer by profession,"Hybrid (some remote, some in-person)",25-34 years old,2022,764
I am a developer by profession,Fully remote,,2022,765
I am a developer by profession,Fully remote,18-24 years old,2022,766
I am a developer by profession,"Hybrid (some remote, some in-person)",18-24 years old,2022,767
I am a developer by profession,Full in-person,35-44 years old,2022,768
I am a developer by profession,"Hybrid (some remote, some in-person)",25-34 years old,2022,769
I am learning to code,,18-24 years old,2022,770
I am a developer by profession,Fully remote,25-34 years old,2022,771
I am a developer by profession,Fully remote,25-34 years old,2022,772
I am a developer by profession,Fully remote,Prefer not to say,2022,773
I am a developer by profession,Fully remote,45-54 years old,2022,774
I am a developer by profession,Fully remote,35-44 years old,2022,775
I am a developer by profession,Fully remote,25-34 years old,2022,776
I am a developer by profession,Full in-person,25-34 years old,2022,777
I am a developer by profession,Full in-person,25-34 years old,2022,778
I am a developer by profession,"Hybrid (some remote, some in-person)",25-34 years old,2022,779
I am a developer by profession,Fully remote,35-44 years old,2022,780
I am a developer by profession,Fully remote,25-34 years old,2022,781
I am a developer by profession,"Hybrid (some remote, some in-person)",18-24 years old,2022,782
I am a developer by profession,Full in-person,25-34 years old,2022,783
I am a developer by profession,Fully remote,35-44 years old,2022,784
I am a developer by profession,,25-34 years old,2022,785
I am a developer by profession,"Hybrid (some remote, some in-person)",25-34 years old,2022,786
I am a developer by profession,"Hybrid (some remote, some in-person)",18-24 years old,2022,787
I am a developer by profession,"Hybrid (some remote, some in-person)",35-44 years old,2022,788
I am a developer by profession,,18-24 years old,2022,789
I am a developer by profession,"Hybrid (some remote, some in-person)",25-34 years old,2022,790
I code primarily as a hobby,Fully remote,,2022,791
I am a developer by profession,Fully remote,25-34 years old,2022,792
I code primarily as a hobby,,18-24 years old,2022,793
I code primarily as a hobby,Full in-person,18-24 years old,2022,794
I am a developer by profession,Fully remote,35-44 years old,2022,795
I am a developer by profession,Fully remote,35-44 years old,2022,796
I am a developer by profession,Fully remote,18-24 years old,2022,797
I am learning to code,Full in-person,18-24 years old,2022,798
I am a developer by profession,"Hybrid (some remote, some in-person)",25-34 years old,2022,799
I am a developer by profession,"Hybrid (some remote, some in-person)",25-34 years old,2022,800
I am a developer by profession,Fully remote,25-34 years old,2022,801
I am a developer by profession,Fully remote,35-44 years old,2022,802
I am a developer by profession,"Hybrid (some remote, some in-person)",25-34 years old,2022,803
I am a developer by profession,Full in-person,35-44 years old,2022,804
I am a developer by profession,Fully remote,35-44 years old,2022,805
I am a developer by profession,Fully remote,25-34 years old,2022,806
I am a developer by profession,"Hybrid (some remote, some in-person)",18-24 years old,2022,807
I am a developer by profession,"Hybrid (some remote, some in-person)",18-24 years old,2022,808
I am a developer by profession,Fully remote,35-44 years old,2022,809
"I am not primarily a developer, but I write code sometimes as part of my work",Fully remote,35-44 years old,2022,810
I am a developer by profession,"Hybrid (some remote, some in-person)",45-54 years old,2022,811
I code primarily as a hobby,Full in-person,18-24 years old,2022,812
I am learning to code,,18-24 years old,2022,813
I am a developer by profession,Fully remote,45-54 years old,2022,814
I am a developer by profession,Fully remote,35-44 years old,2022,815
I am a developer by profession,"Hybrid (some remote, some in-person)",25-34 years old,2022,816
I am a developer by profession,"Hybrid (some remote, some in-person)",45-54 years old,2022,817
"I am not primarily a developer, but I write code sometimes as part of my work",Full in-person,35-44 years old,2022,818
I am a developer by profession,"Hybrid (some remote, some in-person)",18-24 years old,2022,819
I am a developer by profession,Fully remote,35-44 years old,2022,820
I am a developer by profession,"Hybrid (some remote, some in-person)",35-44 years old,2022,821
I am learning to code,,18-24 years old,2022,822
I am a developer by profession,"Hybrid (some remote, some in-person)",35-44 years old,2022,823
I code primarily as a hobby,,Under 18 years old,2022,824
I am a developer by profession,,18-24 years old,2022,825
I am a developer by profession,Fully remote,35-44 years old,2022,826
I am a developer by profession,,25-34 years old,2022,827
I am a developer by profession,"Hybrid (some remote, some in-person)",25-34 years old,2022,828
I am a developer by profession,"Hybrid (some remote, some in-person)",35-44 years old,2022,829
I code primarily as a hobby,,Under 18 years old,2022,830
I code primarily as a hobby,,Under 18 years old,2022,831
I am a developer by profession,"Hybrid (some remote, some in-person)",18-24 years old,2022,832
I am a developer by profession,Fully remote,35-44 years old,2022,833
I am a developer by profession,"Hybrid (some remote, some in-person)",18-24 years old,2022,834
"I am not primarily a developer, but I write code sometimes as part of my work","Hybrid (some remote, some in-person)",18-24 years old,2022,835
I code primarily as a hobby,,Under 18 years old,2022,836
I code primarily as a hobby,,18-24 years old,2022,837
I am a developer by profession,Fully remote,25-34 years old,2022,838
I am a developer by profession,Fully remote,25-34 years old,2022,839
I am a developer by profession,"Hybrid (some remote, some in-person)",25-34 years old,2022,840
I am a developer by profession,"Hybrid (some remote, some in-person)",25-34 years old,2022,841
I am a developer by profession,Fully remote,25-34 years old,2022,842
I am a developer by profession,Fully remote,35-44 years old,2022,843
I am a developer by profession,Fully remote,25-34 years old,2022,844
I am a developer by profession,"Hybrid (some remote, some in-person)",25-34 years old,2022,845
I am a developer by profession,Fully remote,45-54 years old,2022,846
I am a developer by profession,,18-24 years old,2022,847
I am learning to code,,Under 18 years old,2022,848
I am a developer by profession,Fully remote,45-54 years old,2022,849
I am learning to code,,Under 18 years old,2022,850
I am a developer by profession,"Hybrid (some remote, some in-person)",35-44 years old,2022,851
I am a developer by profession,Fully remote,35-44 years old,2022,852
I am a developer by profession,"Hybrid (some remote, some in-person)",25-34 years old,2022,853
I am a developer by profession,Fully remote,25-34 years old,2022,854
I am a developer by profession,"Hybrid (some remote, some in-person)",25-34 years old,2022,855
"I used to be a developer by profession, but no longer am",,65 years or older,2022,856
I am a developer by profession,Fully remote,25-34 years old,2022,857
I am a developer by profession,Fully remote,35-44 years old,2022,858
I am a developer by profession,Fully remote,35-44 years old,2022,859
I am a developer by profession,Fully remote,18-24 years old,2022,860
I am a developer by profession,,65 years or older,2022,861
I am a developer by profession,Fully remote,25-34 years old,2022,862
I code primarily as a hobby,,,2022,863
I am a developer by profession,Fully remote,25-34 years old,2022,864
I am a developer by profession,Fully remote,25-34 years old,2022,865
I am a developer by profession,"Hybrid (some remote, some in-person)",18-24 years old,2022,866
I code primarily as a hobby,,18-24 years old,2022,867
"I am not primarily a developer, but I write code sometimes as part of my work",Full in-person,35-44 years old,2022,868
I am a developer by profession,"Hybrid (some remote, some in-person)",25-34 years old,2022,869
I am a developer by profession,"Hybrid (some remote, some in-person)",25-34 years old,2022,870
I am a developer by profession,Fully remote,35-44 years old,2022,871
I code primarily as a hobby,,18-24 years old,2022,872
I am a developer by profession,Fully remote,35-44 years old,2022,873
I am a developer by profession,Fully remote,45-54 years old,2022,874
I am a developer by profession,,18-24 years old,2022,875
I code primarily as a hobby,,Under 18 years old,2022,876
I am a developer by profession,"Hybrid (some remote, some in-person)",35-44 years old,2022,877
I am a developer by profession,Fully remote,35-44 years old,2022,878
I am a developer by profession,"Hybrid (some remote, some in-person)",18-24 years old,2022,879
I code primarily as a hobby,,18-24 years old,2022,880
I am a developer by profession,Fully remote,18-24 years old,2022,881
I am a developer by profession,Fully remote,35-44 years old,2022,882
I am a developer by profession,Fully remote,35-44 years old,2022,883
I am a developer by profession,"Hybrid (some remote, some in-person)",18-24 years old,2022,884
I code primarily as a hobby,,18-24 years old,2022,885
I am a developer by profession,Full in-person,35-44 years old,2022,886
I am a developer by profession,Full in-person,18-24 years old,2022,887
I code primarily as a hobby,,18-24 years old,2022,888
I am a developer by profession,Full in-person,18-24 years old,2022,889
I am learning to code,,18-24 years old,2022,890
I am a developer by profession,Fully remote,25-34 years old,2022,891
I am a developer by profession,"Hybrid (some remote, some in-person)",18-24 years old,2022,892
I am a developer by profession,"Hybrid (some remote, some in-person)",25-34 years old,2022,893
I am learning to code,,18-24 years old,2022,894
I am a developer by profession,Fully remote,25-34 years old,2022,895
I am a developer by profession,"Hybrid (some remote, some in-person)",35-44 years old,2022,896
I am a developer by profession,"Hybrid (some remote, some in-person)",25-34 years old,2022,897
I am a developer by profession,"Hybrid (some remote, some in-person)",25-34 years old,2022,898
I am a developer by profession,Full in-person,55-64 years old,2022,899
I am a developer by profession,,25-34 years old,2022,900
I am learning to code,,18-24 years old,2022,901
I am a developer by profession,"Hybrid (some remote, some in-person)",25-34 years old,2022,902
I am a developer by profession,,18-24 years old,2022,903
"I am not primarily a developer, but I write code sometimes as part of my work",Full in-person,18-24 years old,2022,904
"I used to be a developer by profession, but no longer am",Fully remote,35-44 years old,2022,905
I am learning to code,,18-24 years old,2022,906
"I am not primarily a developer, but I write code sometimes as part of my work",,18-24 years old,2022,907
I am a developer by profession,Full in-person,35-44 years old,2022,908
I code primarily as a hobby,,18-24 years old,2022,909
I am learning to code,,18-24 years old,2022,910
I am a developer by profession,Fully remote,Prefer not to say,2022,911
I am a developer by profession,Fully remote,25-34 years old,2022,912
I am a developer by profession,"Hybrid (some remote, some in-person)",25-34 years old,2022,913
I code primarily as a hobby,,Under 18 years old,2022,914
"I am not primarily a developer, but I write code sometimes as part of my work",Fully remote,35-44 years old,2022,915
I am a developer by profession,Fully remote,25-34 years old,2022,916
I am a developer by profession,"Hybrid (some remote, some in-person)",25-34 years old,2022,917
"I am not primarily a developer, but I write code sometimes as part of my work","Hybrid (some remote, some in-person)",18-24 years old,2022,918
I am a developer by profession,Fully remote,25-34 years old,2022,919
"I am not primarily a developer, but I write code sometimes as part of my work",Fully remote,25-34 years old,2022,920
I code primarily as a hobby,,Under 18 years old,2022,921
"I am not primarily a developer, but I write code sometimes as part of my work",Fully remote,25-34 years old,2022,922
I am a developer by profession,Fully remote,25-34 years old,2022,923
I am a developer by profession,,18-24 years old,2022,924
I am a developer by profession,Fully remote,18-24 years old,2022,925
I am a developer by profession,Fully remote,25-34 years old,2022,926
I am a developer by profession,Fully remote,18-24 years old,2022,927
I am a developer by profession,Fully remote,25-34 years old,2022,928
"I am not primarily a developer, but I write code sometimes as part of my work",,,2022,929
I am a developer by profession,"Hybrid (some remote, some in-person)",25-34 years old,2022,930
I am a developer by profession,Full in-person,18-24 years old,2022,931
I code primarily as a hobby,Fully remote,18-24 years old,2022,932
I am a developer by profession,,18-24 years old,2022,933
I code primarily as a hobby,,,2022,934
I am a developer by profession,Fully remote,18-24 years old,2022,935
I am a developer by profession,"Hybrid (some remote, some in-person)",25-34 years old,2022,936
I am learning to code,,18-24 years old,2022,937
"I used to be a developer by profession, but no longer am",Fully remote,25-34 years old,2022,938
I am a developer by profession,Full in-person,18-24 years old,2022,939
I am a developer by profession,Fully remote,45-54 years old,2022,940
I am a developer by profession,"Hybrid (some remote, some in-person)",25-34 years old,2022,941
I am learning to code,"Hybrid (some remote, some in-person)",25-34 years old,2022,942
I am a developer by profession,Fully remote,25-34 years old,2022,943
I am a developer by profession,"Hybrid (some remote, some in-person)",35-44 years old,2022,944
"I used to be a developer by profession, but no longer am",Fully remote,35-44 years old,2022,945
I am a developer by profession,,18-24 years old,2022,946
I am a developer by profession,"Hybrid (some remote, some in-person)",18-24 years old,2022,947
I am a developer by profession,"Hybrid (some remote, some in-person)",35-44 years old,2022,948
I am a developer by profession,"Hybrid (some remote, some in-person)",35-44 years old,2022,949
I am a developer by profession,"Hybrid (some remote, some in-person)",18-24 years old,2022,950
I am a developer by profession,"Hybrid (some remote, some in-person)",25-34 years old,2022,951
I code primarily as a hobby,,18-24 years old,2022,952
I am a developer by profession,"Hybrid (some remote, some in-person)",35-44 years old,2022,953
I am a developer by profession,Fully remote,45-54 years old,2022,954
I am a developer by profession,Full in-person,35-44 years old,2022,955
"I am not primarily a developer, but I write code sometimes as part of my work",Fully remote,35-44 years old,2022,956
"I am not primarily a developer, but I write code sometimes as part of my work","Hybrid (some remote, some in-person)",Under 18 years old,2022,957
I am a developer by profession,Fully remote,45-54 years old,2022,958
I am a developer by profession,Fully remote,25-34 years old,2022,959
I code primarily as a hobby,,Under 18 years old,2022,960
I am a developer by profession,"Hybrid (some remote, some in-person)",25-34 years old,2022,961
I am a developer by profession,Fully remote,25-34 years old,2022,962
I am a developer by profession,Fully remote,25-34 years old,2022,963
I am learning to code,,18-24 years old,2022,964
I am a developer by profession,Fully remote,35-44 years old,2022,965
I am a developer by profession,Fully remote,25-34 years old,2022,966
I am a developer by profession,Fully remote,25-34 years old,2022,967
I am a developer by profession,Full in-person,25-34 years old,2022,968
I am a developer by profession,Fully remote,18-24 years old,2022,969
I am a developer by profession,Fully remote,35-44 years old,2022,970
I am a developer by profession,Fully remote,18-24 years old,2022,971
I am a developer by profession,,45-54 years old,2022,972
"I am not primarily a developer, but I write code sometimes as part of my work",Full in-person,25-34 years old,2022,973
"I am not primarily a developer, but I write code sometimes as part of my work",Fully remote,25-34 years old,2022,974
I am learning to code,,Under 18 years old,2022,975
I am a developer by profession,Fully remote,18-24 years old,2022,976
I am a developer by profession,"Hybrid (some remote, some in-person)",18-24 years old,2022,977
I am a developer by profession,"Hybrid (some remote, some in-person)",25-34 years old,2022,978
I am a developer by profession,"Hybrid (some remote, some in-person)",25-34 years old,2022,979
I am a developer by profession,"Hybrid (some remote, some in-person)",25-34 years old,2022,980
I am a developer by profession,Fully remote,25-34 years old,2022,981
I am a developer by profession,,25-34 years old,2022,982
I am a developer by profession,Fully remote,25-34 years old,2022,983
I am a developer by profession,"Hybrid (some remote, some in-person)",25-34 years old,2022,984
I am a developer by profession,Fully remote,35-44 years old,2022,985
I code primarily as a hobby,,18-24 years old,2022,986
I am a developer by profession,Fully remote,35-44 years old,2022,987
I am a developer by profession,Fully remote,25-34 years old,2022,988
I am a developer by profession,"Hybrid (some remote, some in-person)",35-44 years old,2022,989
I am a developer by profession,"Hybrid (some remote, some in-person)",18-24 years old,2022,990
I am a developer by profession,,25-34 years old,2022,991
I am a developer by profession,"Hybrid (some remote, some in-person)",35-44 years old,2022,992
I am a developer by profession,"Hybrid (some remote, some in-person)",35-44 years old,2022,993
I am a developer by profession,Fully remote,25-34 years old,2022,994
I am a developer by profession,Fully remote,25-34 years old,2022,995
I am a developer by profession,"Hybrid (some remote, some in-person)",25-34 years old,2022,996
I am a developer by profession,Fully remote,25-34 years old,2022,997
I am a developer by profession,Fully remote,35-44 years old,2022,998
I am learning to code,,18-24 years old,2022,999
