CompTotal,SurveyEase,PurchaseInfluence,ResponseId,TBranch,SurveyLength,ICorPM
,Difficult,,1,No,Too long,
32000.0,Neither easy nor difficult,I have some influence,2,No,Appropriate in length,
60000.0,Easy,I have some influence,3,No,Appropriate in length,
,Easy,I have some influence,4,No,Too long,
,Easy,,5,,Appropriate in length,
,Easy,,6,,Appropriate in length,
,Easy,,7,,Appropriate in length,
46000.0,Easy,I have little or no influence,8,Yes,Appropriate in length,Independent contributor
,Easy,I have a great deal of influence,9,,Appropriate in length,
48000.0,Easy,I have little or no influence,10,No,Appropriate in length,
194400.0,Easy,I have some influence,11,Yes,Too short,People manager
65000.0,Easy,I have a great deal of influence,12,Yes,Appropriate in length,Independent contributor
,Easy,I have some influence,13,Yes,Too short,Independent contributor
110000.0,Easy,I have little or no influence,14,Yes,Appropriate in length,Independent contributor
,Neither easy nor difficult,I have a great deal of influence,15,,,
37000.0,Neither easy nor difficult,I have some influence,16,No,Appropriate in length,
190000.0,Easy,I have some influence,17,No,Appropriate in length,
4000.0,Easy,I have little or no influence,18,No,Appropriate in length,
,Easy,,19,,Appropriate in length,
,Easy,,20,,Appropriate in length,
32000.0,Easy,I have some influence,21,Yes,Appropriate in length,Independent contributor
125000.0,Neither easy nor difficult,I have some influence,22,Yes,Too long,Independent contributor
,Neither easy nor difficult,I have a great deal of influence,23,No,Appropriate in length,
,Easy,I have a great deal of influence,24,,Too short,
85000.0,Neither easy nor difficult,I have some influence,25,Yes,Appropriate in length,Independent contributor
106960.0,Easy,I have little or no influence,26,No,Appropriate in length,
,Easy,,27,,Appropriate in length,
130000.0,Easy,I have little or no influence,28,Yes,Appropriate in length,Independent contributor
130000.0,Easy,I have a great deal of influence,29,Yes,Too long,Independent contributor
102000.0,Easy,I have some influence,31,Yes,Appropriate in length,Independent contributor
,Easy,,32,,Appropriate in length,
,Easy,,33,,Appropriate in length,
30000.0,Easy,I have some influence,34,Yes,Too long,Independent contributor
,Neither easy nor difficult,,35,,Appropriate in length,
,Easy,I have some influence,36,Yes,Appropriate in length,Independent contributor
,Neither easy nor difficult,I have a great deal of influence,37,,Appropriate in length,
,Easy,,38,,Appropriate in length,
,Neither easy nor difficult,I have some influence,39,No,Appropriate in length,
130000.0,Easy,I have a great deal of influence,40,No,Appropriate in length,
19000.0,Neither easy nor difficult,I have little or no influence,41,Yes,Appropriate in length,Independent contributor
,Easy,,42,,Appropriate in length,
,Neither easy nor difficult,,43,No,Appropriate in length,
,Easy,,44,,Appropriate in length,
400.0,Easy,I have little or no influence,45,Yes,Too long,Independent contributor
,Neither easy nor difficult,,46,,Too short,
135000.0,Easy,I have little or no influence,47,Yes,Appropriate in length,Independent contributor
100000.0,Easy,I have some influence,48,Yes,Appropriate in length,
4000.0,Easy,I have some influence,49,Yes,Appropriate in length,Independent contributor
,Easy,,50,Yes,Appropriate in length,
14000.0,Neither easy nor difficult,I have some influence,51,Yes,Appropriate in length,Independent contributor
,Easy,,52,,Appropriate in length,
170000.0,Neither easy nor difficult,I have little or no influence,53,Yes,Appropriate in length,Independent contributor
1000000.0,Easy,I have some influence,54,Yes,Appropriate in length,People manager
141000.0,Easy,I have some influence,55,Yes,Appropriate in length,Independent contributor
1632000.0,Easy,I have little or no influence,56,Yes,Appropriate in length,Independent contributor
3650.0,Easy,I have a great deal of influence,57,Yes,Appropriate in length,Independent contributor
,Neither easy nor difficult,I have some influence,58,Yes,Appropriate in length,Independent contributor
60000.0,Easy,I have some influence,59,Yes,Too short,Independent contributor
85000.0,Neither easy nor difficult,I have a great deal of influence,60,Yes,Appropriate in length,Independent contributor
,Easy,,61,,Appropriate in length,
70000.0,Neither easy nor difficult,I have little or no influence,62,No,Appropriate in length,
150000.0,Easy,I have some influence,63,No,Appropriate in length,
,Easy,,64,,Too short,
,Easy,I have little or no influence,65,Yes,Too long,Independent contributor
10000.0,Easy,I have some influence,66,Yes,Appropriate in length,Independent contributor
,Neither easy nor difficult,,67,,Too long,
,Easy,,68,,Appropriate in length,
130000.0,Neither easy nor difficult,I have a great deal of influence,69,Yes,Appropriate in length,Independent contributor
,Neither easy nor difficult,I have some influence,70,No,Too long,
,Easy,,71,,Appropriate in length,
,Easy,,72,Yes,Appropriate in length,People manager
60000.0,Easy,I have little or no influence,73,Yes,Appropriate in length,Independent contributor
41200.0,Easy,I have little or no influence,74,No,Appropriate in length,
,Easy,,75,,Appropriate in length,
160000.0,Easy,I have some influence,76,Yes,Appropriate in length,Independent contributor
,Neither easy nor difficult,,77,,Appropriate in length,
,Neither easy nor difficult,I have little or no influence,78,Yes,Appropriate in length,Independent contributor
82000.0,Easy,I have a great deal of influence,79,Yes,Appropriate in length,People manager
,Neither easy nor difficult,I have a great deal of influence,80,,Appropriate in length,
,Neither easy nor difficult,,81,Yes,Appropriate in length,Independent contributor
,Neither easy nor difficult,,82,,Appropriate in length,
150000.0,Neither easy nor difficult,I have some influence,83,Yes,Appropriate in length,People manager
55000.0,Easy,I have some influence,84,Yes,Appropriate in length,Independent contributor
95000.0,Easy,I have some influence,85,Yes,Appropriate in length,Independent contributor
90000.0,Easy,I have some influence,87,Yes,Appropriate in length,People manager
67000.0,Easy,I have little or no influence,88,No,Appropriate in length,
47000.0,Neither easy nor difficult,I have some influence,89,Yes,Appropriate in length,
60000.0,Easy,I have little or no influence,90,Yes,Too short,Independent contributor
60000.0,Easy,I have some influence,91,Yes,Appropriate in length,Independent contributor
,Easy,I have little or no influence,92,No,Appropriate in length,
166000.0,Easy,I have a great deal of influence,93,Yes,Appropriate in length,Independent contributor
42000.0,Neither easy nor difficult,I have little or no influence,94,No,Appropriate in length,
92000.0,Easy,I have some influence,95,Yes,Appropriate in length,Independent contributor
40000.0,Easy,I have little or no influence,96,Yes,Too long,Independent contributor
450000.0,Easy,I have a great deal of influence,97,Yes,Appropriate in length,Independent contributor
16000.0,Neither easy nor difficult,I have little or no influence,99,No,Appropriate in length,
,Easy,,100,,Appropriate in length,
75000.0,Neither easy nor difficult,I have little or no influence,101,Yes,Too long,Independent contributor
38000.0,Neither easy nor difficult,I have some influence,102,Yes,Appropriate in length,Independent contributor
200000.0,Easy,I have some influence,103,No,Appropriate in length,
,,I have some influence,104,Yes,,Independent contributor
7300.0,Neither easy nor difficult,I have a great deal of influence,105,Yes,Appropriate in length,Independent contributor
,Easy,,106,,Appropriate in length,
35000.0,Neither easy nor difficult,I have little or no influence,107,Yes,Appropriate in length,Independent contributor
60000.0,Easy,I have little or no influence,108,No,Appropriate in length,
42000.0,Neither easy nor difficult,I have little or no influence,109,Yes,Too long,Independent contributor
,Easy,,110,,Appropriate in length,
62500.0,Easy,I have some influence,111,Yes,Appropriate in length,People manager
330000.0,Easy,I have little or no influence,112,Yes,Appropriate in length,Independent contributor
130000.0,Neither easy nor difficult,I have some influence,113,Yes,Appropriate in length,Independent contributor
90000.0,Easy,I have little or no influence,114,Yes,Appropriate in length,Independent contributor
110000.0,Neither easy nor difficult,I have some influence,115,Yes,Appropriate in length,Independent contributor
,Easy,,116,,Appropriate in length,
6000000.0,Easy,I have a great deal of influence,117,Yes,Appropriate in length,Independent contributor
,Easy,,118,,Too long,
,Neither easy nor difficult,,119,Yes,Appropriate in length,Independent contributor
85000.0,Easy,I have some influence,120,Yes,Appropriate in length,People manager
67000.0,Easy,I have some influence,121,Yes,Appropriate in length,Independent contributor
17500.0,Neither easy nor difficult,I have little or no influence,122,Yes,Appropriate in length,Independent contributor
1650.0,Easy,I have a great deal of influence,123,Yes,Appropriate in length,People manager
,Neither easy nor difficult,,124,No,Appropriate in length,
,Easy,I have some influence,125,,Appropriate in length,
100000.0,Neither easy nor difficult,I have little or no influence,126,Yes,Appropriate in length,Independent contributor
,Easy,I have a great deal of influence,127,,Appropriate in length,
,Easy,,128,,Appropriate in length,
,Easy,,129,,Too short,
48000.0,Easy,I have some influence,130,No,Too long,
,Easy,I have a great deal of influence,131,No,Appropriate in length,
98000.0,Easy,I have some influence,132,Yes,Appropriate in length,Independent contributor
144000.0,Neither easy nor difficult,I have little or no influence,133,No,Too long,
,Neither easy nor difficult,,134,Yes,Too long,Independent contributor
98000.0,Easy,I have some influence,135,No,Appropriate in length,
,Easy,,136,,Appropriate in length,
,Neither easy nor difficult,I have a great deal of influence,137,Yes,Appropriate in length,Independent contributor
55000.0,Easy,I have little or no influence,138,Yes,Too long,Independent contributor
,Easy,,139,No,Appropriate in length,
,Neither easy nor difficult,I have a great deal of influence,140,Yes,Appropriate in length,Independent contributor
,Easy,I have some influence,141,No,Appropriate in length,
180000.0,Easy,I have some influence,142,No,Appropriate in length,
8625.0,Easy,I have a great deal of influence,143,Yes,Too long,Independent contributor
45000.0,Neither easy nor difficult,I have little or no influence,144,Yes,Appropriate in length,Independent contributor
64000.0,Easy,I have little or no influence,145,No,Appropriate in length,
,Neither easy nor difficult,I have some influence,147,No,Appropriate in length,
,Neither easy nor difficult,I have some influence,148,Yes,Appropriate in length,Independent contributor
,Easy,,149,,Appropriate in length,
,Easy,I have some influence,150,No,Appropriate in length,
100000.0,Neither easy nor difficult,I have some influence,151,Yes,Appropriate in length,People manager
,Neither easy nor difficult,I have a great deal of influence,152,Yes,Too long,
200000.0,Easy,I have some influence,153,Yes,Appropriate in length,People manager
60000.0,Easy,I have little or no influence,154,Yes,Appropriate in length,Independent contributor
132000.0,Easy,I have little or no influence,155,No,Too long,
5000.0,Easy,I have some influence,156,No,Appropriate in length,
,Easy,,157,Yes,Appropriate in length,Independent contributor
7200.0,Easy,I have a great deal of influence,158,Yes,Appropriate in length,Independent contributor
5000.0,Neither easy nor difficult,I have some influence,159,No,Appropriate in length,
3000.0,Easy,I have little or no influence,160,Yes,Appropriate in length,Independent contributor
155000.0,Easy,I have some influence,161,No,Appropriate in length,
,Neither easy nor difficult,,162,Yes,Appropriate in length,People manager
100000.0,Easy,I have little or no influence,163,Yes,Appropriate in length,Independent contributor
136000.0,Easy,I have a great deal of influence,164,Yes,Appropriate in length,Independent contributor
22000.0,Easy,I have little or no influence,165,No,Appropriate in length,
,Easy,,166,,Appropriate in length,
43000.0,Neither easy nor difficult,I have some influence,167,Yes,Appropriate in length,Independent contributor
,Easy,,168,,Appropriate in length,
,Easy,I have some influence,169,,Too long,
400000.0,Easy,I have little or no influence,170,No,Appropriate in length,
130000.0,Easy,I have some influence,171,No,Appropriate in length,
109000.0,Neither easy nor difficult,I have some influence,172,Yes,Appropriate in length,Independent contributor
,Easy,,173,,Appropriate in length,
,Easy,,174,,Appropriate in length,
,Easy,,175,No,Appropriate in length,
,Easy,,176,,Appropriate in length,
,Easy,,177,No,Appropriate in length,
180000.0,Easy,I have a great deal of influence,178,Yes,Too short,Independent contributor
,Neither easy nor difficult,I have little or no influence,179,Yes,Appropriate in length,Independent contributor
,Easy,I have a great deal of influence,180,No,Appropriate in length,
,Easy,I have little or no influence,181,Yes,Appropriate in length,
200000.0,Neither easy nor difficult,I have some influence,182,No,Appropriate in length,
94500.0,Easy,I have a great deal of influence,183,Yes,Appropriate in length,Independent contributor
75000.0,Neither easy nor difficult,I have some influence,184,No,Appropriate in length,
33000.0,Neither easy nor difficult,I have little or no influence,185,Yes,Appropriate in length,Independent contributor
,,I have some influence,186,No,,
150000.0,Easy,I have a great deal of influence,187,,Appropriate in length,
45000.0,Easy,I have little or no influence,188,Yes,Appropriate in length,Independent contributor
,Neither easy nor difficult,I have some influence,189,Yes,Too long,Independent contributor
28000.0,Easy,I have little or no influence,191,Yes,Appropriate in length,Independent contributor
110000.0,Easy,I have some influence,192,Yes,Appropriate in length,Independent contributor
70000.0,Difficult,I have some influence,193,Yes,Too short,Independent contributor
,Neither easy nor difficult,I have little or no influence,194,No,Appropriate in length,
,Easy,I have little or no influence,195,No,Appropriate in length,
4500000.0,Easy,I have some influence,196,Yes,Appropriate in length,Independent contributor
,Easy,,197,,Too short,
,Easy,I have little or no influence,198,No,Appropriate in length,
,Easy,I have a great deal of influence,199,,Appropriate in length,
,Neither easy nor difficult,I have little or no influence,200,Yes,Too long,Independent contributor
42000044.0,Neither easy nor difficult,I have some influence,201,Yes,Appropriate in length,Independent contributor
50000.0,Easy,I have a great deal of influence,202,Yes,Appropriate in length,Independent contributor
49500.0,Difficult,I have some influence,203,Yes,Too long,Independent contributor
100000.0,Easy,I have little or no influence,204,Yes,Appropriate in length,Independent contributor
120000.0,Easy,I have little or no influence,205,Yes,Appropriate in length,Independent contributor
,Easy,I have a great deal of influence,206,No,Too long,
48000.0,Neither easy nor difficult,I have some influence,207,Yes,Appropriate in length,Independent contributor
,Neither easy nor difficult,I have some influence,208,No,Appropriate in length,
,Easy,,209,Yes,Appropriate in length,Independent contributor
100000.0,Neither easy nor difficult,I have some influence,210,Yes,Appropriate in length,Independent contributor
50000.0,Neither easy nor difficult,I have little or no influence,211,No,Appropriate in length,
22000.0,Easy,I have little or no influence,212,Yes,Appropriate in length,Independent contributor
,Neither easy nor difficult,I have a great deal of influence,213,Yes,Appropriate in length,Independent contributor
75000.0,Easy,I have some influence,214,Yes,Appropriate in length,Independent contributor
5000.0,Easy,I have a great deal of influence,215,No,Appropriate in length,
,Easy,,216,,Appropriate in length,
170000.0,Easy,I have some influence,217,No,Appropriate in length,
80000.0,Easy,I have a great deal of influence,218,Yes,Appropriate in length,People manager
,Easy,I have some influence,219,No,Appropriate in length,
,Easy,I have little or no influence,220,No,Too long,
50000.0,Easy,I have some influence,221,No,Appropriate in length,
147000.0,Easy,I have some influence,222,Yes,Appropriate in length,Independent contributor
172000.0,Easy,I have little or no influence,223,Yes,Appropriate in length,People manager
47000.0,Neither easy nor difficult,I have little or no influence,224,Yes,Appropriate in length,Independent contributor
101000.0,Neither easy nor difficult,I have little or no influence,225,Yes,Appropriate in length,Independent contributor
,Easy,I have some influence,226,No,Too long,
,Neither easy nor difficult,,227,,Appropriate in length,
120000.0,Easy,I have some influence,228,Yes,Appropriate in length,People manager
,Easy,I have some influence,229,No,Too long,
,Easy,,231,,Appropriate in length,
160000.0,Neither easy nor difficult,I have little or no influence,232,Yes,Appropriate in length,Independent contributor
175000.0,Easy,I have little or no influence,233,Yes,Appropriate in length,Independent contributor
204300.0,Easy,I have some influence,234,No,Appropriate in length,
,Neither easy nor difficult,I have some influence,235,No,Appropriate in length,
,Neither easy nor difficult,I have some influence,236,No,Too long,
175000.0,Easy,I have some influence,237,No,Appropriate in length,
58500.0,Easy,I have some influence,238,No,Appropriate in length,
100000.0,Easy,I have a great deal of influence,239,Yes,Appropriate in length,People manager
,Easy,,240,No,Appropriate in length,
55000.0,Easy,I have some influence,241,No,Appropriate in length,
60000.0,Easy,I have a great deal of influence,242,No,Appropriate in length,
64000.0,Easy,I have some influence,243,Yes,Appropriate in length,Independent contributor
12500.0,Easy,I have little or no influence,244,No,Appropriate in length,
24500.0,Easy,I have little or no influence,245,No,Appropriate in length,
75000.0,Easy,I have little or no influence,246,No,Appropriate in length,
250000.0,Neither easy nor difficult,I have some influence,247,Yes,Appropriate in length,People manager
,Easy,I have some influence,248,No,Appropriate in length,
,Easy,,249,,Appropriate in length,
,Neither easy nor difficult,I have a great deal of influence,250,,Appropriate in length,
,Easy,I have a great deal of influence,251,No,Appropriate in length,
,Easy,,252,,Appropriate in length,
46000.0,Easy,I have little or no influence,253,No,Appropriate in length,
96700.0,Easy,I have some influence,254,Yes,Appropriate in length,Independent contributor
,Neither easy nor difficult,I have a great deal of influence,255,Yes,Too long,Independent contributor
,Easy,I have a great deal of influence,256,No,Appropriate in length,
,Easy,I have a great deal of influence,257,Yes,Appropriate in length,Independent contributor
10000.0,Easy,I have little or no influence,258,Yes,Appropriate in length,Independent contributor
55000.0,Easy,I have some influence,259,Yes,Appropriate in length,People manager
60000.0,Neither easy nor difficult,I have some influence,260,No,Appropriate in length,
22000.0,Easy,I have some influence,261,Yes,Appropriate in length,Independent contributor
56000.0,Easy,I have little or no influence,262,Yes,Appropriate in length,Independent contributor
,Easy,I have some influence,263,No,Appropriate in length,
638700.0,Easy,I have some influence,264,No,Appropriate in length,
,Easy,,265,,Appropriate in length,
220000.0,Neither easy nor difficult,I have some influence,266,Yes,Appropriate in length,Independent contributor
220000.0,Easy,I have some influence,267,No,Too short,
80000.0,Neither easy nor difficult,I have some influence,268,Yes,Appropriate in length,People manager
,Easy,I have some influence,269,Yes,Appropriate in length,
,Easy,,270,,Appropriate in length,
77000.0,Easy,I have some influence,271,Yes,Appropriate in length,Independent contributor
150000.0,Easy,I have a great deal of influence,272,No,Appropriate in length,
140000.0,Easy,I have some influence,273,Yes,Appropriate in length,Independent contributor
100000.0,Neither easy nor difficult,I have some influence,274,Yes,Appropriate in length,Independent contributor
27000.0,Easy,I have some influence,275,Yes,Appropriate in length,Independent contributor
33500.0,Easy,I have some influence,276,Yes,Appropriate in length,Independent contributor
88000.0,Easy,I have little or no influence,277,Yes,Appropriate in length,Independent contributor
67000.0,Easy,I have little or no influence,278,Yes,Appropriate in length,Independent contributor
7192.0,Easy,I have little or no influence,279,Yes,Appropriate in length,Independent contributor
315000.0,Easy,I have little or no influence,280,Yes,Appropriate in length,Independent contributor
,Easy,I have some influence,281,No,Appropriate in length,
200000.0,Easy,I have some influence,282,Yes,Appropriate in length,Independent contributor
,Easy,,283,Yes,Appropriate in length,Independent contributor
33000.0,Easy,I have some influence,284,Yes,Appropriate in length,Independent contributor
62000.0,Easy,I have little or no influence,285,No,Appropriate in length,
,Easy,I have some influence,286,No,Appropriate in length,
67000.0,Easy,I have some influence,287,No,Appropriate in length,
150000.0,Easy,I have a great deal of influence,288,No,Appropriate in length,
,Easy,,289,,Too short,
83000.0,Easy,I have some influence,290,No,Appropriate in length,
,Easy,I have some influence,291,Yes,Appropriate in length,Independent contributor
59000.0,Easy,I have little or no influence,292,Yes,Appropriate in length,Independent contributor
,Easy,,293,,Appropriate in length,
32000.0,Easy,I have little or no influence,294,No,Too long,
,Neither easy nor difficult,,295,,Appropriate in length,
90000.0,Easy,I have a great deal of influence,296,Yes,Appropriate in length,Independent contributor
180000.0,Easy,I have some influence,297,Yes,Appropriate in length,Independent contributor
15000.0,Easy,I have some influence,298,Yes,Too long,Independent contributor
104000.0,Easy,I have some influence,299,Yes,Appropriate in length,
,Easy,I have some influence,300,No,Appropriate in length,
,Easy,I have some influence,301,Yes,Too long,Independent contributor
155000.0,Neither easy nor difficult,I have some influence,302,No,Appropriate in length,
,Easy,,303,No,Appropriate in length,
21000.0,Neither easy nor difficult,I have some influence,304,No,Too long,
90000.0,Easy,I have a great deal of influence,305,No,Appropriate in length,
,Easy,,306,,Appropriate in length,
206000.0,Easy,I have some influence,307,Yes,Appropriate in length,Independent contributor
160000.0,Easy,I have some influence,308,Yes,Too short,Independent contributor
,Neither easy nor difficult,,309,,Appropriate in length,
,Neither easy nor difficult,,310,,Appropriate in length,
46000.0,Easy,I have a great deal of influence,311,No,Appropriate in length,
45000.0,Easy,I have little or no influence,312,Yes,Appropriate in length,Independent contributor
,Easy,I have little or no influence,313,Yes,Appropriate in length,Independent contributor
,Easy,,314,,Appropriate in length,
130000.0,Easy,I have some influence,315,Yes,Appropriate in length,Independent contributor
230000.0,Easy,I have some influence,316,Yes,Appropriate in length,People manager
155000.0,Easy,I have some influence,317,Yes,Appropriate in length,Independent contributor
36000.0,Easy,I have some influence,318,Yes,Appropriate in length,Independent contributor
,Easy,,319,,Appropriate in length,
,Easy,I have some influence,320,Yes,Appropriate in length,People manager
,Easy,,321,Yes,Too long,Independent contributor
110000.0,Easy,I have some influence,322,Yes,Appropriate in length,Independent contributor
70000.0,Easy,I have some influence,323,Yes,Appropriate in length,Independent contributor
,Easy,I have some influence,324,No,Appropriate in length,
60000.0,Easy,I have little or no influence,325,Yes,Appropriate in length,Independent contributor
,Neither easy nor difficult,I have little or no influence,326,Yes,Appropriate in length,Independent contributor
,Easy,I have some influence,327,Yes,Appropriate in length,Independent contributor
,Neither easy nor difficult,I have a great deal of influence,328,Yes,Too long,Independent contributor
,Easy,,329,Yes,Appropriate in length,Independent contributor
95000.0,Easy,I have little or no influence,330,Yes,Appropriate in length,Independent contributor
130000.0,Easy,I have some influence,331,Yes,Appropriate in length,Independent contributor
,Easy,,332,,Appropriate in length,
650000.0,Neither easy nor difficult,I have some influence,333,No,Appropriate in length,
,Easy,I have some influence,334,Yes,Appropriate in length,People manager
65000.0,Easy,I have little or no influence,335,No,Appropriate in length,
,Neither easy nor difficult,,336,Yes,Appropriate in length,Independent contributor
80000.0,Easy,I have some influence,337,Yes,Appropriate in length,Independent contributor
,Easy,I have little or no influence,338,No,Too long,
,Easy,,339,,Appropriate in length,
50000.0,Easy,I have some influence,340,Yes,Appropriate in length,Independent contributor
3500.0,,I have a great deal of influence,341,,Too long,
900000.0,Easy,I have little or no influence,342,Yes,Too short,Independent contributor
,Easy,I have little or no influence,343,No,Appropriate in length,
240000.0,Easy,I have a great deal of influence,344,No,Appropriate in length,
,Easy,I have little or no influence,345,No,Too long,
42000.0,Easy,I have little or no influence,346,Yes,Appropriate in length,Independent contributor
100000.0,Easy,I have little or no influence,347,Yes,Appropriate in length,Independent contributor
75000.0,Easy,I have some influence,348,Yes,Appropriate in length,Independent contributor
,Easy,I have some influence,349,Yes,Appropriate in length,Independent contributor
,Neither easy nor difficult,,350,,Appropriate in length,
3400.0,Neither easy nor difficult,I have some influence,351,Yes,Appropriate in length,Independent contributor
4000.0,Easy,I have little or no influence,352,Yes,Appropriate in length,Independent contributor
,Neither easy nor difficult,I have a great deal of influence,353,Yes,Appropriate in length,People manager
56000.0,Neither easy nor difficult,I have little or no influence,354,No,Appropriate in length,
,Easy,,355,,Too short,
120000.0,Easy,I have little or no influence,356,Yes,Appropriate in length,Independent contributor
160000.0,Easy,I have some influence,357,No,Appropriate in length,
1568000.0,Neither easy nor difficult,I have little or no influence,358,Yes,Appropriate in length,Independent contributor
175000.0,Easy,I have a great deal of influence,359,Yes,Appropriate in length,Independent contributor
42000.0,Easy,I have some influence,360,Yes,Appropriate in length,Independent contributor
150000.0,Easy,I have some influence,361,Yes,Appropriate in length,Independent contributor
50000.0,Neither easy nor difficult,I have some influence,362,Yes,Too long,Independent contributor
120000.0,Easy,I have some influence,363,Yes,Appropriate in length,Independent contributor
210000.0,Difficult,I have little or no influence,364,Yes,Too long,Independent contributor
,Easy,I have a great deal of influence,365,Yes,Appropriate in length,Independent contributor
350000.0,Easy,I have some influence,366,No,Appropriate in length,
109000.0,Easy,I have little or no influence,367,Yes,Appropriate in length,Independent contributor
70000.0,Easy,I have little or no influence,368,Yes,Appropriate in length,Independent contributor
,Easy,,369,,Too short,
150000.0,Easy,I have a great deal of influence,370,No,Appropriate in length,
,Easy,I have little or no influence,371,No,Appropriate in length,
100000.0,Easy,I have some influence,372,No,Appropriate in length,
360000.0,Easy,I have little or no influence,373,Yes,Appropriate in length,Independent contributor
1060.0,Easy,I have some influence,374,No,Appropriate in length,
,Easy,I have little or no influence,375,No,Appropriate in length,
,Easy,,376,Yes,Appropriate in length,Independent contributor
,Easy,,377,,Appropriate in length,
1130.0,Easy,I have a great deal of influence,378,No,Too long,
12000.0,Neither easy nor difficult,I have little or no influence,379,No,Appropriate in length,
,Easy,,380,Yes,Appropriate in length,Independent contributor
8000.0,Neither easy nor difficult,I have some influence,381,Yes,Too long,Independent contributor
52800.0,Neither easy nor difficult,I have little or no influence,382,Yes,Too long,Independent contributor
40000.0,Easy,I have some influence,383,Yes,Appropriate in length,Independent contributor
,Easy,,384,,Too long,
160000.0,Easy,I have a great deal of influence,385,Yes,Too short,Independent contributor
3300.0,Easy,I have little or no influence,386,No,Appropriate in length,
124000.0,Easy,I have some influence,387,Yes,Appropriate in length,Independent contributor
100000.0,Easy,I have a great deal of influence,388,Yes,Too long,People manager
,Easy,I have some influence,389,Yes,Appropriate in length,Independent contributor
42000.0,Neither easy nor difficult,I have some influence,390,Yes,Appropriate in length,Independent contributor
205000.0,Neither easy nor difficult,I have a great deal of influence,391,Yes,Appropriate in length,People manager
4200.0,Easy,I have some influence,392,Yes,Appropriate in length,Independent contributor
4250.0,Easy,I have some influence,393,Yes,Appropriate in length,Independent contributor
100000.0,Easy,I have some influence,394,No,Appropriate in length,
65000.0,Easy,I have little or no influence,395,Yes,Too long,Independent contributor
1680.0,Easy,I have a great deal of influence,396,No,Appropriate in length,
44000.0,Easy,I have little or no influence,397,No,Appropriate in length,
,Neither easy nor difficult,I have a great deal of influence,398,Yes,Appropriate in length,Independent contributor
,Easy,I have some influence,399,Yes,Appropriate in length,Independent contributor
49000.0,Neither easy nor difficult,I have little or no influence,400,Yes,Appropriate in length,Independent contributor
,Easy,I have some influence,401,Yes,Appropriate in length,Independent contributor
31000.0,Easy,I have some influence,402,Yes,Appropriate in length,Independent contributor
45000.0,Easy,I have little or no influence,403,No,Appropriate in length,
76000.0,Easy,I have some influence,404,Yes,Appropriate in length,Independent contributor
115000.0,Easy,I have little or no influence,405,Yes,Appropriate in length,Independent contributor
200000.0,Easy,I have a great deal of influence,406,Yes,Appropriate in length,People manager
,Neither easy nor difficult,,407,Yes,Appropriate in length,Independent contributor
252000.0,Neither easy nor difficult,I have some influence,408,No,Appropriate in length,
,Neither easy nor difficult,,409,Yes,Too long,Independent contributor
60000.0,Easy,I have little or no influence,410,Yes,Too short,Independent contributor
3200.0,Neither easy nor difficult,I have little or no influence,411,Yes,Appropriate in length,Independent contributor
0.0,Easy,I have a great deal of influence,412,,Appropriate in length,
,Easy,,413,No,Too long,
,Neither easy nor difficult,I have a great deal of influence,414,No,Appropriate in length,
,Easy,,415,,Too short,
,Easy,,416,,Appropriate in length,
,Easy,I have little or no influence,417,No,Too long,
,Neither easy nor difficult,,418,,Appropriate in length,
86000.0,Easy,I have little or no influence,419,No,Appropriate in length,
,Easy,,420,,Appropriate in length,
,Easy,,421,Yes,Appropriate in length,Independent contributor
165000.0,Easy,I have some influence,422,No,Appropriate in length,
350000.0,Easy,I have a great deal of influence,423,,Too short,
87000.0,Easy,I have some influence,424,No,Appropriate in length,
,Easy,,425,,Appropriate in length,
160000.0,Easy,I have little or no influence,426,No,Appropriate in length,
145000.0,Easy,I have some influence,427,No,Appropriate in length,
,Easy,,428,,Appropriate in length,
80000.0,Easy,I have some influence,429,No,Appropriate in length,
,Neither easy nor difficult,I have a great deal of influence,430,,Appropriate in length,
30000.0,Easy,I have some influence,431,Yes,Appropriate in length,Independent contributor
96300.0,Easy,I have some influence,432,Yes,Appropriate in length,Independent contributor
50000.0,Easy,I have some influence,433,No,Appropriate in length,
,Easy,,434,,Too short,
54000.0,Easy,I have little or no influence,435,Yes,Appropriate in length,Independent contributor
55000.0,Easy,I have some influence,436,No,Appropriate in length,
,Neither easy nor difficult,,437,,Appropriate in length,
,Easy,I have some influence,438,No,Appropriate in length,
100400.0,Easy,I have a great deal of influence,439,Yes,Appropriate in length,People manager
158000.0,Easy,I have some influence,440,Yes,Appropriate in length,Independent contributor
350000.0,Neither easy nor difficult,I have little or no influence,441,Yes,Appropriate in length,Independent contributor
,Easy,I have some influence,442,Yes,Appropriate in length,Independent contributor
90000.0,Easy,I have some influence,443,Yes,Appropriate in length,Independent contributor
,Easy,,444,,Appropriate in length,
24000.0,Easy,I have little or no influence,445,Yes,Appropriate in length,Independent contributor
20000.0,Easy,I have little or no influence,446,No,Appropriate in length,
150000.0,Easy,I have some influence,447,Yes,Appropriate in length,Independent contributor
,Easy,I have some influence,448,No,Appropriate in length,
120000.0,Easy,I have a great deal of influence,449,Yes,Appropriate in length,People manager
,Easy,,450,,Appropriate in length,
,Neither easy nor difficult,,451,,Too long,
,Neither easy nor difficult,,452,,Appropriate in length,
,Neither easy nor difficult,I have a great deal of influence,453,Yes,Too long,People manager
70000.0,Easy,I have a great deal of influence,454,No,Appropriate in length,
,Easy,I have some influence,455,No,Appropriate in length,
,Easy,,456,,Appropriate in length,
,Neither easy nor difficult,,457,,Appropriate in length,
910000.0,Easy,I have little or no influence,458,Yes,Appropriate in length,Independent contributor
,Easy,I have some influence,459,No,Appropriate in length,
75000.0,Easy,I have little or no influence,460,No,Too long,
,Easy,,461,,,
,Easy,I have little or no influence,462,No,Appropriate in length,
42000.0,Easy,I have some influence,463,No,Appropriate in length,
,Easy,I have some influence,464,Yes,Appropriate in length,Independent contributor
86000.0,Neither easy nor difficult,I have some influence,465,No,Appropriate in length,
34000.0,Neither easy nor difficult,I have little or no influence,466,Yes,Appropriate in length,Independent contributor
114000.0,Easy,I have little or no influence,467,Yes,Appropriate in length,Independent contributor
120000.0,Easy,I have some influence,468,Yes,Appropriate in length,Independent contributor
80000.0,Neither easy nor difficult,I have some influence,469,Yes,Too long,People manager
140000.0,Neither easy nor difficult,I have little or no influence,470,Yes,Appropriate in length,People manager
,Neither easy nor difficult,,471,,Appropriate in length,
,Easy,,472,Yes,Appropriate in length,Independent contributor
3300.0,Easy,I have little or no influence,473,Yes,Appropriate in length,Independent contributor
320000.0,Neither easy nor difficult,I have some influence,474,Yes,Appropriate in length,Independent contributor
150000.0,Easy,I have little or no influence,475,Yes,Appropriate in length,Independent contributor
,Easy,,476,,Appropriate in length,
,Neither easy nor difficult,,477,,Appropriate in length,
60000.0,Neither easy nor difficult,I have some influence,478,Yes,Appropriate in length,Independent contributor
,Easy,I have a great deal of influence,479,,Appropriate in length,
,Neither easy nor difficult,,480,,Appropriate in length,
16000.0,Easy,I have little or no influence,481,No,Appropriate in length,
,Easy,,482,Yes,Appropriate in length,Independent contributor
200000.0,Easy,I have some influence,483,No,Appropriate in length,
,Easy,I have some influence,484,No,Too long,
47000.0,Easy,I have little or no influence,485,Yes,Appropriate in length,Independent contributor
12000000.0,Neither easy nor difficult,I have little or no influence,486,Yes,Appropriate in length,People manager
,Easy,,487,Yes,Appropriate in length,Independent contributor
160000.0,Neither easy nor difficult,I have a great deal of influence,488,Yes,Appropriate in length,Independent contributor
,Easy,,489,,Appropriate in length,
110000.0,Easy,I have some influence,490,Yes,Appropriate in length,Independent contributor
120000.0,Easy,I have little or no influence,491,No,Too long,
,Easy,I have some influence,492,Yes,Too short,Independent contributor
4900.0,Easy,I have some influence,493,Yes,Appropriate in length,Independent contributor
60000.0,Easy,I have a great deal of influence,494,Yes,Appropriate in length,People manager
,Easy,I have little or no influence,495,Yes,Too long,People manager
96000.0,Easy,I have little or no influence,496,No,Appropriate in length,
100000.0,Easy,I have some influence,497,No,Appropriate in length,
300000.0,Neither easy nor difficult,I have little or no influence,498,No,Appropriate in length,
300000.0,Neither easy nor difficult,I have little or no influence,499,Yes,Appropriate in length,Independent contributor
53000.0,Easy,I have little or no influence,500,Yes,Too short,Independent contributor
107000.0,Easy,I have some influence,501,Yes,Appropriate in length,Independent contributor
,Easy,,502,,Appropriate in length,
,Easy,,503,,Appropriate in length,
,Easy,,504,,Too short,
,Easy,I have a great deal of influence,505,,Appropriate in length,
,Easy,,506,,Appropriate in length,
72000.0,Easy,I have some influence,507,Yes,Appropriate in length,Independent contributor
130000.0,Easy,I have a great deal of influence,508,,Too long,
80000.0,Easy,I have little or no influence,509,Yes,Appropriate in length,Independent contributor
50000.0,Easy,I have a great deal of influence,510,Yes,Too short,Independent contributor
,Easy,,511,,Too short,
100000.0,Neither easy nor difficult,I have little or no influence,512,Yes,Appropriate in length,Independent contributor
,Neither easy nor difficult,,513,Yes,Appropriate in length,Independent contributor
145000.0,Easy,I have little or no influence,514,Yes,Appropriate in length,Independent contributor
70000.0,Easy,I have some influence,515,Yes,Appropriate in length,Independent contributor
,Easy,I have some influence,517,No,Appropriate in length,
,Neither easy nor difficult,,518,,Appropriate in length,
,Easy,,519,,Appropriate in length,
3000.0,Easy,I have little or no influence,520,Yes,Appropriate in length,Independent contributor
,Easy,I have a great deal of influence,521,No,Too short,
,Neither easy nor difficult,I have little or no influence,522,Yes,Appropriate in length,Independent contributor
,Easy,I have a great deal of influence,523,,Appropriate in length,
48000.0,Easy,I have some influence,524,Yes,Appropriate in length,Independent contributor
200000.0,Neither easy nor difficult,I have little or no influence,525,No,Too long,
,Easy,,526,,Appropriate in length,
262000.0,Easy,I have little or no influence,527,No,Appropriate in length,
40000.0,Easy,I have some influence,528,Yes,Appropriate in length,Independent contributor
,Easy,I have a great deal of influence,529,,Too long,
,Neither easy nor difficult,I have a great deal of influence,530,No,Too long,
,Easy,I have little or no influence,531,,Too long,
,Easy,,532,,Appropriate in length,
,Easy,,533,,Appropriate in length,
75000.0,Easy,I have some influence,534,No,Appropriate in length,
73666.0,Neither easy nor difficult,I have little or no influence,535,Yes,Appropriate in length,Independent contributor
45000.0,Easy,I have some influence,536,Yes,Appropriate in length,Independent contributor
,Easy,I have some influence,537,Yes,Appropriate in length,Independent contributor
47000.0,Easy,I have some influence,538,Yes,Appropriate in length,Independent contributor
200000.0,Easy,I have little or no influence,539,Yes,Appropriate in length,Independent contributor
,Easy,I have some influence,540,No,Appropriate in length,
,Easy,I have a great deal of influence,541,No,Appropriate in length,
90000.0,Neither easy nor difficult,I have little or no influence,543,No,Appropriate in length,
130000.0,Easy,I have little or no influence,544,Yes,Appropriate in length,Independent contributor
,Easy,,545,,Appropriate in length,
700000.0,Neither easy nor difficult,I have little or no influence,546,Yes,Appropriate in length,Independent contributor
90000.0,Easy,I have some influence,547,Yes,Appropriate in length,Independent contributor
,Easy,,548,,Too long,
48000.0,Neither easy nor difficult,I have little or no influence,549,No,Appropriate in length,
750000.0,Easy,I have some influence,550,No,Appropriate in length,
,Easy,,551,,Appropriate in length,
2000.0,Neither easy nor difficult,I have a great deal of influence,552,Yes,Appropriate in length,Independent contributor
70000.0,Easy,I have little or no influence,553,Yes,Appropriate in length,Independent contributor
171000.0,Easy,I have some influence,554,No,Appropriate in length,
,Easy,,555,,Appropriate in length,
520000.0,Easy,I have some influence,556,No,Too long,
25000.0,Easy,I have some influence,557,Yes,Appropriate in length,Independent contributor
155000.0,Easy,I have some influence,558,No,Too long,
86000.0,Neither easy nor difficult,I have little or no influence,559,Yes,Appropriate in length,Independent contributor
105000.0,Neither easy nor difficult,I have some influence,560,Yes,Appropriate in length,Independent contributor
45000.0,Neither easy nor difficult,I have little or no influence,561,Yes,Appropriate in length,Independent contributor
78000.0,Neither easy nor difficult,I have some influence,562,Yes,Appropriate in length,
68000.0,Neither easy nor difficult,I have little or no influence,563,Yes,Appropriate in length,Independent contributor
,Easy,I have a great deal of influence,564,No,Appropriate in length,
187000.0,Easy,I have some influence,565,Yes,Appropriate in length,Independent contributor
,Easy,,566,,Appropriate in length,
,Easy,,567,,Appropriate in length,
,Easy,,568,,Appropriate in length,
,Easy,,569,,Too long,
5000000.0,Neither easy nor difficult,I have little or no influence,570,No,Appropriate in length,
78337.0,Easy,I have little or no influence,571,Yes,Appropriate in length,Independent contributor
10000.0,Easy,I have some influence,572,No,Appropriate in length,
,Easy,I have a great deal of influence,573,Yes,Too long,Independent contributor
115000.0,Easy,I have some influence,574,Yes,Appropriate in length,Independent contributor
,Neither easy nor difficult,I have some influence,575,No,Too long,
700000.0,Easy,I have some influence,576,Yes,Appropriate in length,Independent contributor
215000.0,Easy,I have some influence,577,Yes,Appropriate in length,Independent contributor
109000.0,Easy,I have little or no influence,578,No,Appropriate in length,
65000.0,Easy,I have a great deal of influence,579,Yes,Appropriate in length,Independent contributor
150000.0,Neither easy nor difficult,I have some influence,580,No,Too long,
45000.0,Easy,I have some influence,581,Yes,Appropriate in length,Independent contributor
,Easy,I have a great deal of influence,582,No,Too short,
65000.0,Easy,I have little or no influence,583,Yes,Too long,Independent contributor
160000.0,Easy,I have some influence,584,Yes,Appropriate in length,Independent contributor
162373.0,Neither easy nor difficult,I have a great deal of influence,585,Yes,Appropriate in length,Independent contributor
65000.0,Neither easy nor difficult,I have some influence,586,Yes,Appropriate in length,Independent contributor
82000.0,Easy,I have little or no influence,587,Yes,Too short,
,Easy,,588,,Appropriate in length,
55000.0,Easy,I have little or no influence,589,Yes,Appropriate in length,Independent contributor
,Easy,,590,No,Appropriate in length,
,Easy,I have some influence,591,No,Appropriate in length,
3250.0,Neither easy nor difficult,I have some influence,592,Yes,Appropriate in length,Independent contributor
,Easy,,593,,,
50000.0,Easy,I have little or no influence,594,Yes,Appropriate in length,Independent contributor
125000.0,Easy,I have some influence,595,No,Appropriate in length,
200000.0,Easy,I have some influence,596,Yes,Appropriate in length,Independent contributor
,Easy,,597,,Appropriate in length,
10000.0,Easy,I have a great deal of influence,598,Yes,Appropriate in length,Independent contributor
160000.0,Easy,I have a great deal of influence,599,No,Appropriate in length,
,Easy,,600,,Too long,
,Easy,,601,No,Appropriate in length,
110000.0,Easy,I have some influence,602,Yes,Appropriate in length,Independent contributor
,Easy,,603,,Appropriate in length,
250000.0,Easy,I have little or no influence,604,No,Appropriate in length,
57000.0,Easy,I have little or no influence,605,Yes,Appropriate in length,Independent contributor
400000.0,Easy,I have some influence,606,No,Appropriate in length,
,Easy,,607,,Appropriate in length,
5450.0,Easy,I have some influence,608,No,Appropriate in length,
82000.0,Easy,I have a great deal of influence,609,Yes,Appropriate in length,Independent contributor
125000.0,Easy,I have a great deal of influence,610,Yes,Appropriate in length,Independent contributor
150000.0,Easy,I have a great deal of influence,611,Yes,Too long,Independent contributor
180000.0,Easy,I have a great deal of influence,612,Yes,Appropriate in length,People manager
90000.0,Easy,I have little or no influence,613,Yes,Too long,Independent contributor
310000.0,Easy,I have some influence,614,No,Appropriate in length,
,Easy,I have some influence,615,No,Appropriate in length,
180000.0,Easy,I have a great deal of influence,616,Yes,Appropriate in length,Independent contributor
140000.0,Neither easy nor difficult,I have some influence,617,Yes,Appropriate in length,Independent contributor
95000.0,Easy,I have some influence,618,Yes,Too short,Independent contributor
6000.0,Neither easy nor difficult,I have some influence,619,Yes,Appropriate in length,Independent contributor
,Neither easy nor difficult,I have a great deal of influence,620,No,Appropriate in length,
125000.0,Easy,I have little or no influence,621,Yes,Appropriate in length,Independent contributor
26000.0,Easy,I have some influence,622,Yes,Appropriate in length,Independent contributor
,Easy,,623,,Appropriate in length,
115000.0,Neither easy nor difficult,I have little or no influence,624,No,Too long,
,Easy,I have some influence,625,No,Appropriate in length,
,Neither easy nor difficult,,626,,Appropriate in length,
,Neither easy nor difficult,I have a great deal of influence,627,,Appropriate in length,
,Easy,,628,No,Too long,
145000.0,Easy,I have a great deal of influence,629,No,Appropriate in length,
155000.0,Neither easy nor difficult,I have some influence,630,No,Appropriate in length,
,Easy,,631,No,Too long,
50000.0,Neither easy nor difficult,I have little or no influence,632,Yes,Appropriate in length,Independent contributor
2000000.0,Easy,I have little or no influence,633,Yes,Appropriate in length,Independent contributor
28000.0,Easy,I have little or no influence,634,Yes,Appropriate in length,Independent contributor
,Easy,,635,Yes,Appropriate in length,
85000.0,Neither easy nor difficult,I have a great deal of influence,636,Yes,Appropriate in length,People manager
47500.0,Easy,I have little or no influence,637,Yes,Appropriate in length,Independent contributor
3000.0,Easy,I have some influence,638,No,Too short,
,Easy,,639,,Appropriate in length,
90000.0,Easy,I have little or no influence,640,Yes,Appropriate in length,Independent contributor
,Easy,I have some influence,641,No,Too long,
57500.0,Easy,I have some influence,642,No,Appropriate in length,
150000.0,Easy,I have little or no influence,643,Yes,Appropriate in length,Independent contributor
,Easy,,644,,Appropriate in length,
60000.0,Neither easy nor difficult,I have some influence,645,Yes,Appropriate in length,Independent contributor
,Easy,I have a great deal of influence,646,,Appropriate in length,
14000.0,Neither easy nor difficult,I have little or no influence,647,Yes,Appropriate in length,Independent contributor
,Neither easy nor difficult,,649,,Appropriate in length,
265000.0,Easy,I have some influence,650,No,Appropriate in length,
,Easy,,651,No,Appropriate in length,
38000.0,Easy,I have some influence,652,Yes,Appropriate in length,Independent contributor
2300.0,Neither easy nor difficult,I have some influence,653,No,Appropriate in length,
35700.0,Easy,I have little or no influence,654,No,Appropriate in length,
135000.0,Easy,I have some influence,655,Yes,Appropriate in length,Independent contributor
,Easy,,656,,Appropriate in length,
5100.0,Easy,I have some influence,657,Yes,Appropriate in length,Independent contributor
110000.0,Easy,I have some influence,658,Yes,Appropriate in length,Independent contributor
,Easy,,659,,Appropriate in length,
75000.0,Neither easy nor difficult,I have some influence,660,Yes,Appropriate in length,Independent contributor
,Easy,,661,No,Appropriate in length,
45000.0,Easy,I have some influence,662,No,Appropriate in length,
120000.0,Easy,I have a great deal of influence,663,Yes,Appropriate in length,Independent contributor
,,I have some influence,664,No,,
120000.0,Easy,I have little or no influence,665,No,Appropriate in length,
,Neither easy nor difficult,,666,,Appropriate in length,
55000.0,Easy,I have little or no influence,667,Yes,Appropriate in length,Independent contributor
30000.0,Neither easy nor difficult,I have some influence,668,Yes,Appropriate in length,Independent contributor
50000.0,Easy,I have little or no influence,669,No,Appropriate in length,
,Easy,,670,,Appropriate in length,
114000.0,Easy,I have some influence,671,No,Appropriate in length,
150000.0,Easy,I have a great deal of influence,672,No,Appropriate in length,
161000.0,Easy,I have some influence,673,No,Appropriate in length,
175000.0,Neither easy nor difficult,I have little or no influence,674,Yes,Appropriate in length,Independent contributor
172000.0,Neither easy nor difficult,I have some influence,675,Yes,Appropriate in length,Independent contributor
,Neither easy nor difficult,I have little or no influence,676,Yes,Appropriate in length,Independent contributor
,Easy,,677,No,Appropriate in length,
135000.0,Easy,I have little or no influence,678,No,Appropriate in length,
,Easy,I have little or no influence,679,No,Appropriate in length,
,Easy,,680,,Appropriate in length,
,Easy,,681,,Appropriate in length,
,Easy,,682,Yes,Appropriate in length,People manager
5000.0,Neither easy nor difficult,I have some influence,683,No,Appropriate in length,
400000.0,Neither easy nor difficult,I have little or no influence,684,Yes,Appropriate in length,Independent contributor
,Easy,I have some influence,685,No,Appropriate in length,
,Easy,,686,,Appropriate in length,
,Easy,,687,,Appropriate in length,
,Easy,I have little or no influence,688,,Appropriate in length,
62000.0,Easy,I have little or no influence,689,Yes,Appropriate in length,Independent contributor
,Easy,,690,,Appropriate in length,
,Easy,I have some influence,691,No,Too long,
,Easy,,692,,Appropriate in length,
297000.0,Easy,I have little or no influence,693,No,Appropriate in length,
,Neither easy nor difficult,,694,,Appropriate in length,
50000.0,Easy,I have little or no influence,695,Yes,Appropriate in length,Independent contributor
110000.0,Neither easy nor difficult,I have little or no influence,696,No,,
,Easy,,697,,Appropriate in length,
65000.0,Easy,I have some influence,698,Yes,Appropriate in length,Independent contributor
70000.0,Easy,I have little or no influence,699,No,Too long,
,Easy,,700,No,Appropriate in length,
,Neither easy nor difficult,I have little or no influence,701,Yes,Appropriate in length,Independent contributor
200000.0,Easy,I have little or no influence,702,No,Appropriate in length,
,Easy,,703,,Appropriate in length,
150000.0,Neither easy nor difficult,I have some influence,704,No,Appropriate in length,
,Easy,I have little or no influence,706,Yes,Too long,Independent contributor
75000.0,Easy,I have little or no influence,707,Yes,Appropriate in length,Independent contributor
33000.0,Neither easy nor difficult,I have little or no influence,708,Yes,Appropriate in length,Independent contributor
125000.0,Easy,I have little or no influence,709,Yes,Too long,Independent contributor
,,,710,,Appropriate in length,
,Easy,I have a great deal of influence,711,Yes,Too long,People manager
85000.0,Easy,I have little or no influence,712,No,Appropriate in length,
,Easy,,713,,Appropriate in length,
,Easy,,714,,Appropriate in length,
,Easy,,715,,Appropriate in length,
,Easy,,716,,Appropriate in length,
,Neither easy nor difficult,,717,No,Too long,
51000.0,Difficult,I have a great deal of influence,718,No,Appropriate in length,
,Easy,,719,,Appropriate in length,
,Easy,,720,,Appropriate in length,
300000.0,Easy,I have a great deal of influence,721,Yes,Appropriate in length,Independent contributor
3900.0,Easy,I have little or no influence,722,No,Appropriate in length,
8640.0,Neither easy nor difficult,I have a great deal of influence,723,Yes,Too short,Independent contributor
120000.0,Neither easy nor difficult,I have little or no influence,724,Yes,Appropriate in length,Independent contributor
,Neither easy nor difficult,,725,,Appropriate in length,
,Easy,,726,Yes,Appropriate in length,Independent contributor
192000.0,Easy,I have little or no influence,727,No,Appropriate in length,
,Neither easy nor difficult,I have some influence,728,No,Appropriate in length,
900000.0,Neither easy nor difficult,I have a great deal of influence,729,Yes,Appropriate in length,Independent contributor
90000.0,Easy,I have a great deal of influence,730,No,Appropriate in length,
,Neither easy nor difficult,,731,,Appropriate in length,
,Neither easy nor difficult,,732,,Appropriate in length,
,Easy,,733,,Appropriate in length,
225000.0,Easy,I have a great deal of influence,734,Yes,Appropriate in length,People manager
,Easy,,735,,Appropriate in length,
220000.0,Difficult,I have some influence,736,No,Too long,
180000.0,Neither easy nor difficult,I have some influence,737,No,,
,Easy,I have some influence,738,Yes,Appropriate in length,
,Neither easy nor difficult,I have little or no influence,739,No,Appropriate in length,
105000.0,Easy,I have little or no influence,740,Yes,Appropriate in length,Independent contributor
,Easy,,741,,Appropriate in length,
,Neither easy nor difficult,,742,,,
,Neither easy nor difficult,,743,,Appropriate in length,
,Neither easy nor difficult,,744,,Appropriate in length,
28000.0,Easy,I have a great deal of influence,745,No,Appropriate in length,
165000.0,Neither easy nor difficult,I have little or no influence,746,Yes,Appropriate in length,Independent contributor
90000.0,Neither easy nor difficult,I have some influence,747,Yes,Too long,People manager
,Easy,,748,,Appropriate in length,
42000.0,Easy,I have little or no influence,749,Yes,Appropriate in length,Independent contributor
,Easy,,750,,Appropriate in length,
213000.0,Easy,I have some influence,751,Yes,Appropriate in length,Independent contributor
,Easy,,752,Yes,Appropriate in length,Independent contributor
5300.0,Easy,I have little or no influence,753,Yes,Too long,Independent contributor
,Easy,I have little or no influence,754,Yes,Too short,
,Neither easy nor difficult,,755,,Too short,
35000.0,Easy,I have some influence,756,Yes,Appropriate in length,Independent contributor
50000.0,Easy,I have little or no influence,757,No,Appropriate in length,
460000.0,Easy,I have some influence,758,No,Appropriate in length,
120000.0,Easy,I have some influence,759,Yes,Too long,People manager
,Easy,I have a great deal of influence,760,Yes,Appropriate in length,Independent contributor
500000.0,Easy,I have little or no influence,761,Yes,Appropriate in length,Independent contributor
30000.0,Easy,I have a great deal of influence,762,Yes,Appropriate in length,Independent contributor
120000.0,Easy,I have some influence,763,Yes,Appropriate in length,Independent contributor
120000.0,Easy,I have little or no influence,764,No,Appropriate in length,
,Neither easy nor difficult,I have a great deal of influence,765,Yes,Appropriate in length,Independent contributor
5700.0,Neither easy nor difficult,I have some influence,766,Yes,Appropriate in length,Independent contributor
60000.0,Easy,I have little or no influence,767,Yes,Appropriate in length,Independent contributor
1800000.0,Easy,I have some influence,768,No,Appropriate in length,
75000.0,Easy,I have a great deal of influence,769,Yes,Appropriate in length,Independent contributor
,Easy,,770,,Appropriate in length,
36000.0,Easy,I have little or no influence,771,No,Appropriate in length,
1300000.0,Easy,I have some influence,772,No,Appropriate in length,
162000.0,Easy,I have little or no influence,773,No,Appropriate in length,
140000.0,Neither easy nor difficult,I have a great deal of influence,774,Yes,Appropriate in length,Independent contributor
115000.0,Easy,I have little or no influence,775,Yes,Appropriate in length,Independent contributor
5040.0,Easy,I have a great deal of influence,776,,Appropriate in length,
640000.0,Easy,I have some influence,777,Yes,Appropriate in length,Independent contributor
,Neither easy nor difficult,,778,Yes,Appropriate in length,Independent contributor
,Easy,I have some influence,779,Yes,Appropriate in length,Independent contributor
250000.0,Neither easy nor difficult,I have a great deal of influence,780,Yes,Too long,Independent contributor
160000.0,Easy,I have some influence,781,Yes,Appropriate in length,Independent contributor
2200000.0,Easy,I have little or no influence,782,Yes,Too short,Independent contributor
,Neither easy nor difficult,,783,Yes,Appropriate in length,Independent contributor
160000.0,Easy,I have little or no influence,784,Yes,Appropriate in length,Independent contributor
,Easy,,785,,Too long,
,Neither easy nor difficult,I have a great deal of influence,786,Yes,Appropriate in length,Independent contributor
145.0,Easy,I have little or no influence,787,No,,
100000.0,Easy,I have a great deal of influence,788,No,Appropriate in length,
,Difficult,,789,,Too long,
44500.0,Neither easy nor difficult,I have some influence,790,Yes,Appropriate in length,Independent contributor
,,,791,No,,
210000.0,Easy,I have little or no influence,792,,Too short,
,Easy,,793,,Appropriate in length,
,Easy,,794,,Appropriate in length,
88000.0,Easy,I have little or no influence,795,Yes,Appropriate in length,Independent contributor
350000.0,Easy,I have some influence,796,Yes,Appropriate in length,Independent contributor
28000.0,Easy,I have little or no influence,797,No,Appropriate in length,
,Easy,,798,Yes,Appropriate in length,Independent contributor
30000.0,Easy,I have a great deal of influence,799,Yes,Appropriate in length,Independent contributor
100000.0,Easy,I have some influence,800,No,Appropriate in length,
25000.0,Easy,I have little or no influence,801,No,Appropriate in length,
5000.0,Easy,I have little or no influence,802,,Appropriate in length,
,Easy,,803,No,Appropriate in length,
270000.0,Easy,I have a great deal of influence,804,No,Appropriate in length,
110000.0,Easy,I have little or no influence,805,Yes,Appropriate in length,Independent contributor
142500.0,Easy,I have some influence,806,Yes,Appropriate in length,Independent contributor
50000.0,Neither easy nor difficult,I have some influence,807,No,Appropriate in length,
38500.0,Neither easy nor difficult,I have little or no influence,808,Yes,Too long,Independent contributor
70000.0,Easy,I have some influence,809,Yes,Too long,Independent contributor
10000.0,Neither easy nor difficult,I have a great deal of influence,810,,Appropriate in length,
65000.0,Neither easy nor difficult,I have a great deal of influence,811,Yes,Appropriate in length,Independent contributor
,Easy,,812,No,Appropriate in length,
,Easy,,813,,Appropriate in length,
,Easy,I have a great deal of influence,814,,Too short,
,Neither easy nor difficult,I have little or no influence,815,Yes,Appropriate in length,Independent contributor
32000.0,Easy,I have a great deal of influence,816,Yes,Appropriate in length,Independent contributor
,Easy,I have some influence,817,Yes,Too short,Independent contributor
134000.0,Easy,I have a great deal of influence,818,No,Appropriate in length,
56300.0,Easy,I have little or no influence,819,Yes,Appropriate in length,Independent contributor
175000.0,Easy,I have little or no influence,820,Yes,Appropriate in length,
45146.0,Easy,I have some influence,821,Yes,Appropriate in length,Independent contributor
,Easy,,822,,Appropriate in length,
70000.0,Neither easy nor difficult,I have some influence,823,,Too long,
,Easy,,824,,Appropriate in length,
,Neither easy nor difficult,,825,,Appropriate in length,
100000.0,Easy,I have a great deal of influence,826,Yes,Appropriate in length,Independent contributor
,Easy,,827,,Too long,
36000.0,Easy,I have a great deal of influence,828,No,Appropriate in length,
400000.0,Neither easy nor difficult,I have some influence,829,Yes,Too long,Independent contributor
,Easy,,830,,Appropriate in length,
,Easy,,831,,Too short,
46000.0,Easy,I have some influence,832,Yes,Appropriate in length,Independent contributor
,Easy,I have some influence,833,Yes,Too long,Independent contributor
200000.0,Easy,I have little or no influence,834,Yes,Too short,Independent contributor
,Easy,,835,Yes,Too short,Independent contributor
,Easy,,836,,Appropriate in length,
,Easy,,837,,Too long,
110000.0,Neither easy nor difficult,I have a great deal of influence,838,Yes,Too long,Independent contributor
150000.0,Easy,I have some influence,839,Yes,Appropriate in length,Independent contributor
,Easy,I have a great deal of influence,840,,Appropriate in length,
80000.0,Neither easy nor difficult,I have a great deal of influence,841,Yes,Appropriate in length,People manager
147000.0,Easy,I have little or no influence,842,Yes,Appropriate in length,Independent contributor
165000.0,Easy,I have some influence,843,No,Appropriate in length,
6500.0,Easy,I have some influence,844,Yes,Too long,Independent contributor
34000.0,Easy,I have a great deal of influence,845,No,Appropriate in length,
125000.0,Neither easy nor difficult,I have some influence,846,Yes,Appropriate in length,Independent contributor
,Easy,,847,,Appropriate in length,
,Easy,,848,,Appropriate in length,
,Easy,I have some influence,849,No,Too long,
,Easy,,850,,Appropriate in length,
,Easy,,851,Yes,Appropriate in length,Independent contributor
37000.0,Neither easy nor difficult,I have some influence,852,Yes,Too long,Independent contributor
1870000.0,Easy,I have some influence,853,Yes,Too long,Independent contributor
140000.0,Easy,I have little or no influence,854,No,Appropriate in length,
116000.0,Easy,I have little or no influence,855,No,Appropriate in length,
,Easy,,856,,Too long,
155000.0,Easy,I have little or no influence,857,Yes,Appropriate in length,Independent contributor
175000.0,Neither easy nor difficult,I have some influence,858,No,Too long,
,Easy,,859,,Appropriate in length,
135000.0,Easy,I have little or no influence,860,Yes,Too long,Independent contributor
,Neither easy nor difficult,I have little or no influence,861,,Appropriate in length,
130000.0,Neither easy nor difficult,I have a great deal of influence,862,Yes,Appropriate in length,Independent contributor
,Neither easy nor difficult,,863,,Appropriate in length,
120000.0,Easy,I have some influence,864,No,Appropriate in length,
280000.0,Easy,I have little or no influence,865,No,Appropriate in length,
,Easy,,866,Yes,Appropriate in length,Independent contributor
,Neither easy nor difficult,,867,,Appropriate in length,
140000.0,Easy,I have little or no influence,868,No,Appropriate in length,
62000.0,Neither easy nor difficult,I have some influence,869,Yes,Appropriate in length,Independent contributor
61000.0,Easy,I have little or no influence,870,Yes,Appropriate in length,Independent contributor
178000.0,Neither easy nor difficult,I have a great deal of influence,871,Yes,Appropriate in length,People manager
,Easy,,872,,Appropriate in length,
,Easy,I have little or no influence,873,No,Appropriate in length,
150000.0,Easy,I have some influence,874,Yes,Appropriate in length,Independent contributor
,Easy,,875,,Appropriate in length,
,Neither easy nor difficult,,876,,Appropriate in length,
100000.0,Easy,I have some influence,877,No,Appropriate in length,
160000.0,Neither easy nor difficult,I have some influence,878,No,Appropriate in length,
89000.0,Easy,I have little or no influence,879,Yes,Appropriate in length,Independent contributor
,Easy,,880,,Appropriate in length,
50000.0,Easy,I have little or no influence,881,No,Appropriate in length,
185000.0,Neither easy nor difficult,I have little or no influence,882,Yes,Appropriate in length,Independent contributor
80000.0,Neither easy nor difficult,I have little or no influence,883,No,Appropriate in length,
90000.0,Neither easy nor difficult,I have little or no influence,884,No,Appropriate in length,
,Neither easy nor difficult,,885,,Appropriate in length,
,Easy,I have a great deal of influence,886,Yes,Appropriate in length,People manager
28800.0,Easy,I have some influence,887,No,Appropriate in length,
,Easy,,888,,Appropriate in length,
2300.0,Easy,I have some influence,889,Yes,Appropriate in length,Independent contributor
,Easy,,890,,Appropriate in length,
320000.0,Easy,I have a great deal of influence,891,Yes,Appropriate in length,Independent contributor
62500.0,Easy,I have some influence,892,No,Appropriate in length,
,Easy,I have little or no influence,893,No,Appropriate in length,
,Easy,,894,,Appropriate in length,
105000.0,Easy,I have little or no influence,895,Yes,Appropriate in length,Independent contributor
80000.0,Easy,I have a great deal of influence,896,No,Appropriate in length,
4500.0,Easy,I have little or no influence,897,No,Appropriate in length,
,Easy,,898,No,Appropriate in length,
,Neither easy nor difficult,I have some influence,899,No,Too long,
,Easy,,900,,Appropriate in length,
,Easy,,901,,Appropriate in length,
145000.0,Easy,I have little or no influence,902,Yes,Appropriate in length,Independent contributor
,Neither easy nor difficult,,903,,Appropriate in length,
,Easy,,904,,Appropriate in length,
,Easy,,905,No,Appropriate in length,
,Easy,,906,,Too short,
,Easy,I have some influence,907,,Too short,
180000.0,Easy,I have a great deal of influence,908,No,Appropriate in length,
,Easy,,909,,Too long,
,Easy,,910,,Appropriate in length,
,Easy,I have a great deal of influence,911,,Appropriate in length,
,Neither easy nor difficult,,912,Yes,Too long,Independent contributor
,Easy,I have little or no influence,913,Yes,Appropriate in length,Independent contributor
,Neither easy nor difficult,,914,,Appropriate in length,
,Easy,I have some influence,915,Yes,Appropriate in length,Independent contributor
150000.0,Neither easy nor difficult,I have some influence,916,No,Appropriate in length,
650000.0,Easy,I have little or no influence,917,No,Appropriate in length,
,Easy,,918,,Appropriate in length,
100000.0,Neither easy nor difficult,I have some influence,919,Yes,Too long,Independent contributor
80000.0,Easy,I have some influence,920,Yes,Too short,Independent contributor
,Easy,,921,,Too short,
,Easy,,922,,Appropriate in length,
55000.0,Easy,I have a great deal of influence,923,Yes,Appropriate in length,Independent contributor
,Easy,,924,,Too short,
128750.0,Easy,I have little or no influence,925,Yes,Appropriate in length,Independent contributor
32000.0,Easy,I have some influence,926,No,Appropriate in length,
170000.0,Easy,I have little or no influence,927,No,Appropriate in length,
2500.0,Easy,I have little or no influence,928,No,Appropriate in length,
,Easy,,929,,Appropriate in length,
80000.0,Easy,I have little or no influence,930,Yes,Appropriate in length,Independent contributor
,Easy,,931,,Too long,
,Easy,,932,,Appropriate in length,
,Easy,,933,,Appropriate in length,
36500.0,Easy,I have some influence,935,Yes,Appropriate in length,Independent contributor
60000.0,Neither easy nor difficult,I have little or no influence,936,Yes,Appropriate in length,Independent contributor
,Easy,,937,,Appropriate in length,
,Easy,,938,Yes,Appropriate in length,People manager
170000.0,Easy,I have a great deal of influence,939,Yes,Appropriate in length,People manager
54000.0,Difficult,I have a great deal of influence,940,Yes,Too long,Independent contributor
6000000.0,Neither easy nor difficult,I have some influence,941,Yes,Appropriate in length,Independent contributor
,Neither easy nor difficult,,942,Yes,Appropriate in length,People manager
100000.0,Neither easy nor difficult,I have some influence,943,Yes,Too long,Independent contributor
1000000.0,Easy,I have little or no influence,944,Yes,Appropriate in length,Independent contributor
,Easy,,945,Yes,Appropriate in length,People manager
,Easy,,946,,Appropriate in length,
120000.0,Neither easy nor difficult,I have little or no influence,947,No,Too long,
,Easy,I have some influence,948,Yes,Too long,Independent contributor
200000.0,Easy,I have little or no influence,949,Yes,Too long,People manager
165000.0,Easy,I have little or no influence,950,Yes,Too short,Independent contributor
45000.0,Easy,I have little or no influence,951,Yes,Too long,Independent contributor
,Easy,,952,,Too short,
1400000.0,Easy,I have a great deal of influence,953,Yes,Appropriate in length,Independent contributor
130000.0,Neither easy nor difficult,I have some influence,954,Yes,Appropriate in length,Independent contributor
130000.0,Easy,I have little or no influence,955,No,Appropriate in length,
3500000.0,Easy,I have a great deal of influence,956,Yes,Too long,Independent contributor
7000.0,Neither easy nor difficult,I have some influence,957,No,Appropriate in length,
140000.0,Easy,I have little or no influence,958,No,Appropriate in length,
4000000.0,Easy,I have little or no influence,959,Yes,Appropriate in length,Independent contributor
,Easy,,960,,Appropriate in length,
35000.0,Neither easy nor difficult,I have a great deal of influence,961,Yes,Appropriate in length,Independent contributor
,Easy,,962,,Too short,
250000.0,Easy,I have some influence,963,Yes,Appropriate in length,Independent contributor
,Easy,,964,,Appropriate in length,
300000.0,Easy,I have a great deal of influence,965,Yes,Appropriate in length,People manager
95000.0,Easy,I have little or no influence,966,No,Appropriate in length,
52000.0,Neither easy nor difficult,I have a great deal of influence,967,Yes,Appropriate in length,Independent contributor
31510.0,Neither easy nor difficult,I have little or no influence,968,Yes,Appropriate in length,People manager
11500.0,Easy,I have little or no influence,969,Yes,Too long,Independent contributor
81000.0,Easy,I have some influence,970,Yes,Appropriate in length,Independent contributor
80000.0,Neither easy nor difficult,I have some influence,971,Yes,Appropriate in length,Independent contributor
,Easy,,972,,,
,Easy,I have some influence,973,No,Appropriate in length,
,Easy,,974,No,Appropriate in length,
,Easy,,975,,Appropriate in length,
105000.0,Easy,I have little or no influence,976,Yes,Too short,Independent contributor
30000.0,Easy,I have some influence,977,Yes,Appropriate in length,Independent contributor
,Easy,I have some influence,978,Yes,Appropriate in length,Independent contributor
175000.0,Neither easy nor difficult,I have little or no influence,979,Yes,Too long,Independent contributor
4200.0,Easy,I have some influence,980,Yes,Appropriate in length,Independent contributor
6500.0,Neither easy nor difficult,I have little or no influence,981,Yes,,Independent contributor
,Neither easy nor difficult,,982,,Too short,
,Easy,I have some influence,983,Yes,Appropriate in length,Independent contributor
120000.0,Easy,I have little or no influence,984,No,Appropriate in length,
70000.0,Neither easy nor difficult,I have some influence,985,Yes,Appropriate in length,Independent contributor
,Easy,,986,,Appropriate in length,
195000.0,Neither easy nor difficult,I have some influence,987,Yes,Appropriate in length,People manager
65000.0,Easy,I have a great deal of influence,988,No,Too short,
44000.0,Easy,I have some influence,989,Yes,Appropriate in length,Independent contributor
,Easy,,990,,Appropriate in length,
,Easy,,991,,Appropriate in length,
184000.0,Easy,I have a great deal of influence,992,,Appropriate in length,
40000.0,Easy,I have a great deal of influence,993,,Appropriate in length,
40000.0,Neither easy nor difficult,I have a great deal of influence,994,Yes,Appropriate in length,Independent contributor
160000.0,Easy,I have little or no influence,995,Yes,Appropriate in length,Independent contributor
,Easy,I have a great deal of influence,996,Yes,Appropriate in length,People manager
181000.0,Easy,I have a great deal of influence,997,Yes,Appropriate in length,Independent contributor
145000.0,Neither easy nor difficult,I have little or no influence,998,No,Appropriate in length,
,Easy,,999,,Appropriate in length,
1200000.0,Neither easy nor difficult,I have some influence,1000,No,Appropriate in length,
,Easy,,1001,,Appropriate in length,
,Easy,I have a great deal of influence,1002,,Appropriate in length,
80000.0,Neither easy nor difficult,I have some influence,1003,Yes,Appropriate in length,Independent contributor
7200.0,Easy,I have little or no influence,1004,Yes,Appropriate in length,Independent contributor
82000.0,Easy,I have little or no influence,1005,No,Appropriate in length,
180000.0,Neither easy nor difficult,I have little or no influence,1006,Yes,Appropriate in length,Independent contributor
7916.0,Easy,I have little or no influence,1007,Yes,Appropriate in length,Independent contributor
50000000.0,Easy,I have a great deal of influence,1008,No,Too long,
230000.0,Easy,I have a great deal of influence,1009,Yes,Appropriate in length,Independent contributor
47000.0,Easy,I have some influence,1010,No,Appropriate in length,
,Easy,I have little or no influence,1011,No,Appropriate in length,
