SOVisitFreq,SOPartFreq,SOComm,SOAccount,ResponseId
Daily or almost daily,Daily or almost daily,Not sure,Yes,1
Multiple times per day,Multiple times per day,Neutral,Yes,2
Daily or almost daily,A few times per week,"Yes, definitely",Yes,3
Multiple times per day,Daily or almost daily,"Yes, definitely",Yes,4
Multiple times per day,Multiple times per day,"Yes, definitely",Yes,5
Multiple times per day,Daily or almost daily,"Yes, definitely",Yes,6
A few times per week,I have never participated in Q&A on Stack Overflow,"Yes, definitely",Yes,7
A few times per month or weekly,Less than once per month or monthly,"No, not at all",Yes,8
Multiple times per day,Multiple times per day,"Yes, definitely",Yes,9
A few times per month or weekly,Less than once per month or monthly,"No, not really",Yes,10
Daily or almost daily,A few times per month or weekly,"Yes, somewhat",Yes,11
Daily or almost daily,,Neutral,Not sure/can't remember,12
Multiple times per day,Daily or almost daily,"Yes, definitely",Yes,13
Daily or almost daily,Less than once per month or monthly,"Yes, somewhat",Yes,14
Multiple times per day,Multiple times per day,"Yes, definitely",Yes,15
Daily or almost daily,A few times per month or weekly,Neutral,Yes,16
Daily or almost daily,Less than once per month or monthly,"Yes, definitely",Yes,17
Multiple times per day,Daily or almost daily,"Yes, definitely",Yes,18
Daily or almost daily,,"No, not really",No,19
A few times per week,I have never participated in Q&A on Stack Overflow,"No, not really",Yes,20
Multiple times per day,Less than once per month or monthly,"No, not really",Yes,21
Daily or almost daily,Less than once per month or monthly,"No, not really",Yes,22
A few times per month or weekly,Less than once per month or monthly,"No, not really",Yes,23
Less than once per month or monthly,,"No, not at all",No,24
A few times per month or weekly,Less than once per month or monthly,Neutral,Yes,25
Daily or almost daily,A few times per month or weekly,"Yes, somewhat",Yes,26
Multiple times per day,Less than once per month or monthly,Neutral,Yes,27
Multiple times per day,Multiple times per day,"Yes, somewhat",Yes,28
Daily or almost daily,A few times per month or weekly,"Yes, somewhat",Yes,29
Multiple times per day,A few times per week,"Yes, definitely",Yes,31
Multiple times per day,Multiple times per day,"Yes, definitely",Yes,32
Daily or almost daily,,"No, not really",Not sure/can't remember,33
Daily or almost daily,A few times per month or weekly,"Yes, definitely",Yes,34
Daily or almost daily,,"No, not really",Not sure/can't remember,35
Daily or almost daily,Less than once per month or monthly,"Yes, somewhat",Yes,36
Multiple times per day,I have never participated in Q&A on Stack Overflow,Neutral,Yes,37
A few times per week,,"No, not at all",No,38
A few times per month or weekly,Less than once per month or monthly,"No, not really",Yes,39
A few times per week,A few times per month or weekly,"Yes, somewhat",Yes,40
Daily or almost daily,,"No, not really",No,41
Daily or almost daily,I have never participated in Q&A on Stack Overflow,Neutral,Yes,42
A few times per month or weekly,I have never participated in Q&A on Stack Overflow,"No, not at all",Yes,43
Multiple times per day,A few times per week,"Yes, definitely",Yes,44
A few times per month or weekly,I have never participated in Q&A on Stack Overflow,"No, not really",Yes,45
Multiple times per day,Multiple times per day,"Yes, definitely",Yes,46
Daily or almost daily,,"No, not really",No,47
Daily or almost daily,A few times per month or weekly,"Yes, somewhat",Yes,48
Multiple times per day,I have never participated in Q&A on Stack Overflow,Neutral,Yes,49
Daily or almost daily,,"No, not at all",No,50
Daily or almost daily,Less than once per month or monthly,"No, not really",Yes,51
Daily or almost daily,Less than once per month or monthly,"Yes, somewhat",Yes,52
Multiple times per day,Less than once per month or monthly,"Yes, somewhat",Yes,53
A few times per week,I have never participated in Q&A on Stack Overflow,"Yes, somewhat",Yes,54
Multiple times per day,A few times per month or weekly,"Yes, somewhat",Yes,55
Multiple times per day,,"No, not really",No,56
Multiple times per day,Daily or almost daily,"Yes, definitely",Yes,57
Multiple times per day,Less than once per month or monthly,Neutral,Yes,58
Multiple times per day,,Neutral,No,59
Daily or almost daily,Less than once per month or monthly,"No, not really",Yes,60
,Less than once per month or monthly,Neutral,Yes,61
,A few times per week,"Yes, somewhat",Yes,62
Daily or almost daily,Less than once per month or monthly,"No, not really",Yes,63
Multiple times per day,Less than once per month or monthly,"No, not really",Yes,64
Daily or almost daily,,"Yes, somewhat",Not sure/can't remember,65
Daily or almost daily,Less than once per month or monthly,Neutral,Yes,66
A few times per week,,"Yes, definitely",No,67
Daily or almost daily,Less than once per month or monthly,Neutral,Yes,68
A few times per week,Less than once per month or monthly,"No, not at all",Yes,69
Daily or almost daily,Less than once per month or monthly,Neutral,Yes,70
Daily or almost daily,I have never participated in Q&A on Stack Overflow,"No, not really",Yes,71
Less than once per month or monthly,I have never participated in Q&A on Stack Overflow,"Yes, somewhat",Yes,72
Multiple times per day,A few times per month or weekly,"Yes, somewhat",Yes,73
A few times per month or weekly,,Neutral,Not sure/can't remember,74
Daily or almost daily,,Neutral,No,75
Multiple times per day,A few times per week,"Yes, somewhat",Yes,76
Multiple times per day,Multiple times per day,"Yes, definitely",Yes,77
A few times per month or weekly,,"No, not at all",No,78
A few times per month or weekly,Less than once per month or monthly,"Yes, somewhat",Yes,79
A few times per month or weekly,I have never participated in Q&A on Stack Overflow,Neutral,Yes,80
Multiple times per day,,"No, not really",No,81
Daily or almost daily,Daily or almost daily,"Yes, somewhat",Yes,82
A few times per week,I have never participated in Q&A on Stack Overflow,"No, not really",Yes,83
Less than once per month or monthly,,"No, not at all",Not sure/can't remember,84
Daily or almost daily,,"Yes, somewhat",No,85
A few times per week,Less than once per month or monthly,Neutral,Yes,87
Daily or almost daily,,"No, not really",No,88
A few times per week,I have never participated in Q&A on Stack Overflow,"No, not at all",Yes,89
Multiple times per day,Daily or almost daily,"Yes, somewhat",Yes,90
A few times per week,Less than once per month or monthly,"Yes, somewhat",Yes,91
Less than once per month or monthly,,"No, not at all",No,92
A few times per week,Less than once per month or monthly,"No, not really",Yes,93
A few times per week,,"No, not really",No,94
A few times per week,A few times per month or weekly,"Yes, somewhat",Yes,95
Multiple times per day,Less than once per month or monthly,"No, not really",Yes,96
Less than once per month or monthly,Less than once per month or monthly,"No, not really",Yes,97
,,,Yes,98
Daily or almost daily,Less than once per month or monthly,"Yes, somewhat",Yes,99
Less than once per month or monthly,Less than once per month or monthly,"Yes, somewhat",Yes,100
Multiple times per day,Less than once per month or monthly,"Yes, somewhat",Yes,101
A few times per week,Less than once per month or monthly,"Yes, somewhat",Yes,102
Daily or almost daily,Less than once per month or monthly,"No, not really",Yes,103
Daily or almost daily,Less than once per month or monthly,"No, not really",Yes,104
Multiple times per day,Multiple times per day,"Yes, definitely",Yes,105
Multiple times per day,I have never participated in Q&A on Stack Overflow,"Yes, definitely",Yes,106
Multiple times per day,Multiple times per day,"Yes, definitely",Yes,107
A few times per week,Less than once per month or monthly,Neutral,Yes,108
A few times per month or weekly,I have never participated in Q&A on Stack Overflow,"Yes, somewhat",Yes,109
A few times per week,Less than once per month or monthly,"Yes, somewhat",Yes,110
Multiple times per day,A few times per month or weekly,"Yes, somewhat",Yes,111
Daily or almost daily,A few times per week,"Yes, somewhat",Yes,112
Daily or almost daily,A few times per month or weekly,"Yes, somewhat",Yes,113
A few times per week,Less than once per month or monthly,"Yes, definitely",Yes,114
Daily or almost daily,A few times per month or weekly,"Yes, somewhat",Yes,115
A few times per month or weekly,,"No, not really",No,116
Less than once per month or monthly,,"Yes, somewhat",No,117
Multiple times per day,A few times per month or weekly,Neutral,Yes,118
Daily or almost daily,Less than once per month or monthly,Neutral,Yes,119
Daily or almost daily,,"No, not really",No,120
Daily or almost daily,,"No, not really",No,121
Multiple times per day,Less than once per month or monthly,"No, not at all",Yes,122
A few times per week,Less than once per month or monthly,"No, not really",Yes,123
Daily or almost daily,Less than once per month or monthly,"No, not really",Yes,124
Multiple times per day,Less than once per month or monthly,"No, not really",Yes,125
Multiple times per day,Daily or almost daily,"Yes, definitely",Yes,126
A few times per month or weekly,,Neutral,No,127
Daily or almost daily,Less than once per month or monthly,"Yes, somewhat",Yes,128
A few times per week,Less than once per month or monthly,"No, not at all",Yes,129
A few times per week,,"No, not really",No,130
A few times per month or weekly,,Neutral,No,131
A few times per week,,"No, not really",No,132
Less than once per month or monthly,I have never participated in Q&A on Stack Overflow,"No, not at all",Yes,133
A few times per week,,"No, not really",No,134
A few times per week,,"No, not at all",No,135
Multiple times per day,,"No, not really",Not sure/can't remember,136
A few times per month or weekly,Less than once per month or monthly,"Yes, somewhat",Yes,137
Daily or almost daily,Less than once per month or monthly,"Yes, somewhat",Yes,138
A few times per month or weekly,Less than once per month or monthly,"No, not really",Yes,139
Daily or almost daily,,"Yes, definitely",Not sure/can't remember,140
Daily or almost daily,I have never participated in Q&A on Stack Overflow,"No, not really",Yes,141
Daily or almost daily,Less than once per month or monthly,"No, not really",Yes,142
Daily or almost daily,Less than once per month or monthly,Neutral,Yes,143
Multiple times per day,,"No, not at all",No,144
A few times per week,Less than once per month or monthly,Neutral,Yes,145
A few times per month or weekly,I have never participated in Q&A on Stack Overflow,Neutral,Yes,147
Daily or almost daily,A few times per month or weekly,"Yes, somewhat",Yes,148
Multiple times per day,A few times per month or weekly,"Yes, definitely",Yes,149
Multiple times per day,Multiple times per day,"Yes, definitely",Yes,150
Daily or almost daily,I have never participated in Q&A on Stack Overflow,Neutral,Yes,151
,,,Yes,152
Multiple times per day,A few times per week,"No, not at all",Yes,153
A few times per week,,"No, not really",No,154
Daily or almost daily,Less than once per month or monthly,"Yes, definitely",Yes,155
A few times per week,Less than once per month or monthly,"No, not really",Yes,156
A few times per month or weekly,I have never participated in Q&A on Stack Overflow,"No, not really",Yes,157
A few times per month or weekly,Less than once per month or monthly,"No, not really",Yes,158
Multiple times per day,Multiple times per day,"Yes, definitely",Yes,159
Daily or almost daily,,"No, not at all",No,160
A few times per week,,"Yes, somewhat",Not sure/can't remember,161
A few times per week,,Neutral,No,162
Daily or almost daily,I have never participated in Q&A on Stack Overflow,"No, not really",Yes,163
Daily or almost daily,A few times per month or weekly,"Yes, definitely",Yes,164
Multiple times per day,,Neutral,No,165
Multiple times per day,,"No, not really",No,166
Multiple times per day,A few times per week,"Yes, somewhat",Yes,167
A few times per week,,"No, not really",No,168
Less than once per month or monthly,Less than once per month or monthly,Neutral,Yes,169
Daily or almost daily,,"No, not really",Not sure/can't remember,170
A few times per month or weekly,,"No, not at all",No,171
A few times per week,Less than once per month or monthly,"Yes, somewhat",Yes,172
A few times per week,Less than once per month or monthly,Neutral,Yes,173
A few times per week,,"No, not really",No,174
Daily or almost daily,I have never participated in Q&A on Stack Overflow,"Yes, somewhat",Yes,175
Multiple times per day,Less than once per month or monthly,Neutral,Yes,176
A few times per month or weekly,,"Yes, somewhat",Not sure/can't remember,177
A few times per week,I have never participated in Q&A on Stack Overflow,"Yes, somewhat",Yes,178
Multiple times per day,,"Yes, somewhat",Not sure/can't remember,179
A few times per month or weekly,Less than once per month or monthly,"Yes, somewhat",Yes,180
Multiple times per day,Less than once per month or monthly,Not sure,Yes,181
A few times per month or weekly,,"No, not really",No,182
A few times per month or weekly,Less than once per month or monthly,Neutral,Yes,183
A few times per month or weekly,Less than once per month or monthly,"No, not really",Yes,184
Daily or almost daily,,Neutral,No,185
A few times per month or weekly,,"No, not really",No,186
Daily or almost daily,A few times per week,"Yes, definitely",Yes,187
Multiple times per day,Less than once per month or monthly,"No, not really",Yes,188
A few times per week,,"No, not really",No,189
Daily or almost daily,Less than once per month or monthly,"Yes, somewhat",Yes,191
A few times per month or weekly,Less than once per month or monthly,"No, not really",Yes,192
Multiple times per day,A few times per week,"Yes, definitely",Yes,193
A few times per week,,Neutral,No,194
A few times per month or weekly,Less than once per month or monthly,Neutral,Yes,195
A few times per week,A few times per month or weekly,"Yes, somewhat",Yes,196
A few times per week,A few times per month or weekly,"No, not really",Yes,197
Less than once per month or monthly,,"No, not at all",Not sure/can't remember,198
A few times per week,Less than once per month or monthly,"Yes, somewhat",Yes,199
Daily or almost daily,Less than once per month or monthly,"Yes, definitely",Yes,200
A few times per month or weekly,Less than once per month or monthly,Neutral,Yes,201
Multiple times per day,A few times per week,"Yes, definitely",Yes,202
Multiple times per day,Less than once per month or monthly,Neutral,Yes,203
Multiple times per day,Less than once per month or monthly,Neutral,Yes,204
A few times per week,I have never participated in Q&A on Stack Overflow,"No, not really",Yes,205
A few times per month or weekly,Less than once per month or monthly,Neutral,Yes,206
Multiple times per day,A few times per week,"Yes, somewhat",Yes,207
Less than once per month or monthly,Less than once per month or monthly,Neutral,Yes,208
A few times per week,,Neutral,No,209
A few times per month or weekly,Less than once per month or monthly,"No, not at all",Yes,210
A few times per week,,"No, not really",No,211
Multiple times per day,,"No, not really",No,212
A few times per month or weekly,Less than once per month or monthly,"Yes, somewhat",Yes,213
A few times per week,,"No, not really",No,214
Daily or almost daily,,"No, not really",No,215
A few times per month or weekly,Less than once per month or monthly,"Yes, somewhat",Yes,216
Less than once per month or monthly,Less than once per month or monthly,Neutral,Yes,217
A few times per month or weekly,Less than once per month or monthly,"No, not really",Yes,218
A few times per month or weekly,,"No, not at all",Not sure/can't remember,219
A few times per week,,Neutral,Not sure/can't remember,220
A few times per week,Less than once per month or monthly,"Yes, somewhat",Yes,221
Daily or almost daily,Less than once per month or monthly,Neutral,Yes,222
Daily or almost daily,Less than once per month or monthly,Neutral,Yes,223
Multiple times per day,A few times per month or weekly,"Yes, somewhat",Yes,224
A few times per month or weekly,Less than once per month or monthly,"No, not at all",Yes,225
Less than once per month or monthly,,"No, not at all",No,226
A few times per month or weekly,Less than once per month or monthly,"No, not really",Yes,227
Daily or almost daily,Less than once per month or monthly,"Yes, somewhat",Yes,228
Less than once per month or monthly,,"No, not really",No,229
A few times per month or weekly,,"No, not at all",Not sure/can't remember,231
A few times per month or weekly,Less than once per month or monthly,"Yes, definitely",Yes,232
A few times per week,Less than once per month or monthly,"No, not really",Yes,233
A few times per week,I have never participated in Q&A on Stack Overflow,"No, not really",Yes,234
Less than once per month or monthly,I have never participated in Q&A on Stack Overflow,Neutral,Yes,235
Daily or almost daily,I have never participated in Q&A on Stack Overflow,"No, not at all",Yes,236
A few times per month or weekly,,"No, not at all",No,237
A few times per month or weekly,A few times per month or weekly,"Yes, somewhat",Yes,238
A few times per week,Less than once per month or monthly,Neutral,Yes,239
A few times per week,,"No, not really",No,240
Multiple times per day,A few times per week,"No, not really",Yes,241
A few times per week,,"No, not at all",No,242
A few times per week,,"No, not really",Not sure/can't remember,243
A few times per week,,"No, not really",No,244
A few times per week,Less than once per month or monthly,"No, not really",Yes,245
Daily or almost daily,,"No, not really",No,246
Daily or almost daily,Less than once per month or monthly,"No, not really",Yes,247
A few times per month or weekly,,Neutral,No,248
Multiple times per day,Less than once per month or monthly,"Yes, somewhat",Yes,249
A few times per week,Less than once per month or monthly,"Yes, definitely",Yes,250
A few times per week,Less than once per month or monthly,"No, not really",Yes,251
Less than once per month or monthly,Less than once per month or monthly,"No, not really",Yes,252
A few times per week,Less than once per month or monthly,Neutral,Yes,253
Daily or almost daily,A few times per month or weekly,"No, not really",Yes,254
Multiple times per day,Multiple times per day,"No, not really",Yes,255
Daily or almost daily,Less than once per month or monthly,"No, not really",Yes,256
Daily or almost daily,Daily or almost daily,"Yes, somewhat",Yes,257
Multiple times per day,I have never participated in Q&A on Stack Overflow,Neutral,Yes,258
Daily or almost daily,Less than once per month or monthly,Neutral,Yes,259
A few times per week,A few times per week,"Yes, somewhat",Yes,260
Multiple times per day,A few times per month or weekly,"Yes, somewhat",Yes,261
A few times per week,I have never participated in Q&A on Stack Overflow,Neutral,Yes,262
A few times per month or weekly,Less than once per month or monthly,"No, not really",Yes,263
A few times per week,Less than once per month or monthly,"No, not really",Yes,264
Less than once per month or monthly,,"No, not at all",No,265
A few times per month or weekly,Less than once per month or monthly,"No, not at all",Yes,266
Daily or almost daily,Less than once per month or monthly,"Yes, somewhat",Yes,267
A few times per month or weekly,I have never participated in Q&A on Stack Overflow,Neutral,Yes,268
Multiple times per day,Less than once per month or monthly,"No, not at all",Yes,269
A few times per month or weekly,Less than once per month or monthly,Neutral,Yes,270
Less than once per month or monthly,Less than once per month or monthly,"No, not at all",Yes,271
Daily or almost daily,,"No, not really",No,272
Daily or almost daily,A few times per month or weekly,"Yes, somewhat",Yes,273
Daily or almost daily,Less than once per month or monthly,"Yes, somewhat",Yes,274
Multiple times per day,,Not sure,Not sure/can't remember,275
A few times per week,Less than once per month or monthly,"No, not at all",Yes,276
Daily or almost daily,Less than once per month or monthly,"No, not really",Yes,277
A few times per week,Less than once per month or monthly,"No, not really",Yes,278
A few times per month or weekly,Less than once per month or monthly,"Yes, somewhat",Yes,279
Daily or almost daily,Less than once per month or monthly,"No, not at all",Yes,280
Daily or almost daily,,"Yes, somewhat",No,281
Daily or almost daily,,"No, not at all",No,282
A few times per month or weekly,Less than once per month or monthly,Neutral,Yes,283
Daily or almost daily,Multiple times per day,"Yes, somewhat",Yes,284
A few times per week,Less than once per month or monthly,"No, not really",Yes,285
Daily or almost daily,I have never participated in Q&A on Stack Overflow,"No, not really",Yes,286
A few times per week,,"No, not really",Not sure/can't remember,287
Daily or almost daily,,Neutral,Not sure/can't remember,288
A few times per month or weekly,Less than once per month or monthly,Neutral,Yes,289
Multiple times per day,,"No, not really",No,290
Daily or almost daily,Multiple times per day,"Yes, definitely",Yes,291
A few times per week,Less than once per month or monthly,"No, not really",Yes,292
A few times per week,A few times per week,"Yes, somewhat",Yes,293
A few times per week,,"No, not at all",No,294
A few times per week,Less than once per month or monthly,"No, not really",Yes,295
Multiple times per day,A few times per week,"Yes, definitely",Yes,296
Multiple times per day,A few times per week,"Yes, somewhat",Yes,297
A few times per month or weekly,Less than once per month or monthly,"Yes, somewhat",Yes,298
A few times per week,Less than once per month or monthly,"No, not really",Yes,299
A few times per week,A few times per month or weekly,"No, not really",Yes,300
Multiple times per day,A few times per month or weekly,"Yes, somewhat",Yes,301
Daily or almost daily,A few times per month or weekly,"No, not really",Yes,302
Less than once per month or monthly,,"No, not at all",Not sure/can't remember,303
A few times per week,A few times per month or weekly,Neutral,Yes,304
Multiple times per day,Less than once per month or monthly,Neutral,Yes,305
Daily or almost daily,I have never participated in Q&A on Stack Overflow,Neutral,Yes,306
Daily or almost daily,I have never participated in Q&A on Stack Overflow,"No, not at all",Yes,307
Daily or almost daily,I have never participated in Q&A on Stack Overflow,Neutral,Yes,308
Daily or almost daily,A few times per week,"No, not really",Yes,309
Multiple times per day,,Neutral,No,310
Daily or almost daily,Less than once per month or monthly,"No, not really",Yes,311
A few times per week,,"No, not really",No,312
A few times per week,Less than once per month or monthly,"No, not really",Yes,313
A few times per month or weekly,A few times per month or weekly,"No, not really",Yes,314
A few times per week,,Neutral,Not sure/can't remember,315
Daily or almost daily,Less than once per month or monthly,"No, not really",Yes,316
A few times per week,Less than once per month or monthly,"No, not really",Yes,317
Daily or almost daily,Less than once per month or monthly,"No, not really",Yes,318
Less than once per month or monthly,,"No, not really",No,319
Multiple times per day,,"No, not at all",Not sure/can't remember,320
A few times per month or weekly,Less than once per month or monthly,"No, not really",Yes,321
A few times per month or weekly,Less than once per month or monthly,"No, not really",Yes,322
A few times per month or weekly,,"No, not at all",No,323
A few times per week,Less than once per month or monthly,"Yes, somewhat",Yes,324
A few times per month or weekly,,Neutral,Not sure/can't remember,325
Daily or almost daily,A few times per month or weekly,"Yes, somewhat",Yes,326
Less than once per month or monthly,,"No, not at all",No,327
Multiple times per day,Less than once per month or monthly,"Yes, definitely",Yes,328
Daily or almost daily,,Neutral,No,329
A few times per week,Less than once per month or monthly,"No, not really",Yes,330
A few times per week,Less than once per month or monthly,Neutral,Yes,331
Daily or almost daily,,Neutral,No,332
Less than once per month or monthly,,"No, not at all",Not sure/can't remember,333
A few times per week,,"No, not really",No,334
A few times per month or weekly,I have never participated in Q&A on Stack Overflow,"No, not really",Yes,335
Daily or almost daily,Less than once per month or monthly,Neutral,Yes,336
Multiple times per day,Multiple times per day,Neutral,Yes,337
A few times per month or weekly,I have never participated in Q&A on Stack Overflow,"No, not at all",Yes,338
Daily or almost daily,Daily or almost daily,"Yes, somewhat",Yes,339
Multiple times per day,Multiple times per day,"Yes, somewhat",Yes,340
A few times per week,,"No, not really",No,341
A few times per week,I have never participated in Q&A on Stack Overflow,"No, not really",Yes,342
A few times per month or weekly,,"No, not at all",No,343
A few times per week,,Neutral,Not sure/can't remember,344
Less than once per month or monthly,I have never participated in Q&A on Stack Overflow,"No, not really",Yes,345
Multiple times per day,Less than once per month or monthly,"No, not really",Yes,346
Daily or almost daily,Less than once per month or monthly,"No, not really",Yes,347
Daily or almost daily,I have never participated in Q&A on Stack Overflow,"No, not really",Yes,348
Multiple times per day,,"Yes, definitely",Not sure/can't remember,349
A few times per week,,"No, not really",No,350
A few times per week,I have never participated in Q&A on Stack Overflow,"No, not at all",Yes,351
A few times per month or weekly,A few times per month or weekly,"Yes, definitely",Yes,352
A few times per week,,"No, not at all",No,353
A few times per week,,"No, not at all",No,354
A few times per month or weekly,Less than once per month or monthly,"No, not really",Yes,355
A few times per week,Less than once per month or monthly,"Yes, definitely",Yes,356
A few times per month or weekly,,"No, not really",Not sure/can't remember,357
A few times per week,,"No, not at all",No,358
A few times per week,Less than once per month or monthly,"Yes, somewhat",Yes,359
A few times per week,,Neutral,No,360
A few times per week,,"No, not really",No,361
A few times per month or weekly,,"No, not really",Not sure/can't remember,362
Daily or almost daily,A few times per month or weekly,Neutral,Yes,363
Less than once per month or monthly,Less than once per month or monthly,"No, not at all",Yes,364
A few times per week,Less than once per month or monthly,"No, not really",Yes,365
A few times per month or weekly,,"No, not at all",No,366
A few times per month or weekly,Less than once per month or monthly,"Yes, somewhat",Yes,367
Multiple times per day,,Neutral,No,368
A few times per week,I have never participated in Q&A on Stack Overflow,"No, not really",Yes,369
A few times per month or weekly,Less than once per month or monthly,"No, not really",Yes,370
Daily or almost daily,I have never participated in Q&A on Stack Overflow,Neutral,Yes,371
Daily or almost daily,Less than once per month or monthly,"Yes, somewhat",Yes,372
A few times per month or weekly,I have never participated in Q&A on Stack Overflow,"No, not at all",Yes,373
Daily or almost daily,,"Yes, somewhat",No,374
A few times per week,Less than once per month or monthly,"No, not really",Yes,375
A few times per month or weekly,I have never participated in Q&A on Stack Overflow,"No, not at all",Yes,376
A few times per week,Less than once per month or monthly,"Yes, somewhat",Yes,377
A few times per week,I have never participated in Q&A on Stack Overflow,Neutral,Yes,378
A few times per month or weekly,Less than once per month or monthly,"No, not really",Yes,379
Multiple times per day,I have never participated in Q&A on Stack Overflow,"Yes, somewhat",Yes,380
Less than once per month or monthly,,"No, not really",No,381
Less than once per month or monthly,Less than once per month or monthly,"No, not at all",Yes,382
Daily or almost daily,,"No, not at all",No,383
Multiple times per day,I have never participated in Q&A on Stack Overflow,Neutral,Yes,384
Multiple times per day,Multiple times per day,"Yes, definitely",Yes,385
Daily or almost daily,,"No, not really",No,386
Daily or almost daily,Less than once per month or monthly,"No, not really",Yes,387
A few times per week,A few times per month or weekly,"Yes, definitely",Yes,388
Multiple times per day,Less than once per month or monthly,Neutral,Yes,389
Daily or almost daily,,"No, not at all",No,390
A few times per week,Less than once per month or monthly,"No, not really",Yes,391
A few times per month or weekly,I have never participated in Q&A on Stack Overflow,"No, not really",Yes,392
Daily or almost daily,A few times per month or weekly,Neutral,Yes,393
A few times per week,A few times per month or weekly,"Yes, definitely",Yes,394
A few times per week,,"No, not really",No,395
Multiple times per day,A few times per month or weekly,"No, not really",Yes,396
Daily or almost daily,,"No, not at all",Not sure/can't remember,397
Multiple times per day,A few times per week,Neutral,Yes,398
Multiple times per day,Less than once per month or monthly,"Yes, somewhat",Yes,399
Daily or almost daily,Less than once per month or monthly,"No, not really",Yes,400
A few times per month or weekly,,"No, not really",Not sure/can't remember,401
Multiple times per day,Multiple times per day,Neutral,Yes,402
Daily or almost daily,I have never participated in Q&A on Stack Overflow,"No, not at all",Yes,403
A few times per week,Less than once per month or monthly,"No, not really",Yes,404
Daily or almost daily,Less than once per month or monthly,"Yes, somewhat",Yes,405
A few times per month or weekly,Less than once per month or monthly,"Yes, somewhat",Yes,406
Daily or almost daily,,Neutral,Not sure/can't remember,407
A few times per month or weekly,,"No, not really",Not sure/can't remember,408
A few times per month or weekly,,"No, not really",No,409
Multiple times per day,Less than once per month or monthly,"No, not really",Yes,410
A few times per month or weekly,I have never participated in Q&A on Stack Overflow,"No, not really",Yes,411
A few times per month or weekly,Less than once per month or monthly,"No, not really",Yes,412
A few times per month or weekly,Less than once per month or monthly,Neutral,Yes,413
Daily or almost daily,,"No, not really",No,414
A few times per month or weekly,,"No, not really",No,415
A few times per week,A few times per month or weekly,"Yes, somewhat",Yes,416
A few times per month or weekly,Less than once per month or monthly,"No, not really",Yes,417
A few times per month or weekly,I have never participated in Q&A on Stack Overflow,"No, not really",Yes,418
A few times per week,I have never participated in Q&A on Stack Overflow,Neutral,Yes,419
Daily or almost daily,Less than once per month or monthly,"No, not really",Yes,420
A few times per week,Less than once per month or monthly,"No, not really",Yes,421
A few times per week,Less than once per month or monthly,"No, not really",Yes,422
Multiple times per day,Less than once per month or monthly,"No, not at all",Yes,423
A few times per month or weekly,Less than once per month or monthly,"Yes, somewhat",Yes,424
Daily or almost daily,,"No, not at all",No,425
A few times per month or weekly,,"No, not at all",No,426
A few times per month or weekly,,"No, not at all",No,427
Multiple times per day,Less than once per month or monthly,"Yes, somewhat",Yes,428
Multiple times per day,Less than once per month or monthly,"No, not really",Yes,429
A few times per week,,"No, not at all",No,430
Multiple times per day,Less than once per month or monthly,"No, not really",Yes,431
A few times per month or weekly,Less than once per month or monthly,"No, not really",Yes,432
A few times per month or weekly,Less than once per month or monthly,"No, not really",Yes,433
Daily or almost daily,A few times per month or weekly,"Yes, somewhat",Yes,434
Daily or almost daily,I have never participated in Q&A on Stack Overflow,"No, not really",Yes,435
Multiple times per day,,"No, not at all",No,436
A few times per week,,"No, not really",No,437
A few times per week,,"No, not at all",No,438
A few times per week,Less than once per month or monthly,"Yes, somewhat",Yes,439
Multiple times per day,A few times per month or weekly,"Yes, definitely",Yes,440
A few times per week,,"No, not at all",No,441
Multiple times per day,I have never participated in Q&A on Stack Overflow,Neutral,Yes,442
Daily or almost daily,,"No, not at all",No,443
A few times per month or weekly,I have never participated in Q&A on Stack Overflow,"No, not at all",Yes,444
Daily or almost daily,A few times per month or weekly,"Yes, somewhat",Yes,445
A few times per week,,"No, not really",No,446
A few times per month or weekly,Less than once per month or monthly,"No, not really",Yes,447
Daily or almost daily,Less than once per month or monthly,Neutral,Yes,448
Daily or almost daily,Daily or almost daily,"No, not really",Yes,449
A few times per week,Less than once per month or monthly,Neutral,Yes,450
A few times per month or weekly,,Not sure,No,451
A few times per month or weekly,I have never participated in Q&A on Stack Overflow,"No, not really",Yes,452
A few times per week,Less than once per month or monthly,"Yes, somewhat",Yes,453
A few times per month or weekly,,"No, not at all",No,454
A few times per month or weekly,,"No, not at all",No,455
A few times per month or weekly,,"No, not really",No,456
Daily or almost daily,Less than once per month or monthly,"Yes, somewhat",Yes,457
A few times per month or weekly,A few times per month or weekly,"No, not really",Yes,458
A few times per month or weekly,,"No, not really",No,459
A few times per month or weekly,,"No, not really",Not sure/can't remember,460
Multiple times per day,I have never participated in Q&A on Stack Overflow,"No, not at all",Yes,461
Multiple times per day,A few times per month or weekly,"Yes, somewhat",Yes,462
Multiple times per day,,Not sure,No,463
A few times per month or weekly,I have never participated in Q&A on Stack Overflow,"No, not really",Yes,464
A few times per month or weekly,Less than once per month or monthly,"No, not really",Yes,465
Multiple times per day,Less than once per month or monthly,"No, not really",Yes,466
Daily or almost daily,,"No, not at all",No,467
Daily or almost daily,I have never participated in Q&A on Stack Overflow,"No, not really",Yes,468
A few times per week,,"No, not really",No,469
A few times per week,A few times per month or weekly,"Yes, somewhat",Yes,470
Daily or almost daily,I have never participated in Q&A on Stack Overflow,"No, not really",Yes,471
A few times per week,Less than once per month or monthly,"No, not really",Yes,472
Multiple times per day,,"No, not at all",No,473
A few times per week,A few times per week,"Yes, somewhat",Yes,474
Daily or almost daily,A few times per month or weekly,"Yes, definitely",Yes,475
Multiple times per day,Multiple times per day,"Yes, somewhat",Yes,476
A few times per week,Less than once per month or monthly,"Yes, somewhat",Yes,477
Multiple times per day,Daily or almost daily,"Yes, somewhat",Yes,478
Multiple times per day,Multiple times per day,"Yes, definitely",Yes,479
A few times per week,Less than once per month or monthly,"No, not really",Yes,480
A few times per week,,"No, not really",Not sure/can't remember,481
Multiple times per day,Less than once per month or monthly,"No, not really",Yes,482
A few times per month or weekly,,"No, not really",No,483
A few times per month or weekly,,Neutral,No,484
A few times per month or weekly,I have never participated in Q&A on Stack Overflow,"No, not at all",Yes,485
A few times per week,Less than once per month or monthly,Neutral,Yes,486
A few times per week,Less than once per month or monthly,"No, not really",Yes,487
A few times per week,Less than once per month or monthly,"No, not really",Yes,488
Multiple times per day,A few times per month or weekly,"No, not really",Yes,489
Daily or almost daily,A few times per month or weekly,"Yes, somewhat",Yes,490
A few times per month or weekly,I have never participated in Q&A on Stack Overflow,"No, not really",Yes,491
Daily or almost daily,,Neutral,Not sure/can't remember,492
Daily or almost daily,,"Yes, somewhat",No,493
A few times per week,Less than once per month or monthly,"Yes, somewhat",Yes,494
,,Neutral,No,495
Daily or almost daily,,"No, not really",No,496
Less than once per month or monthly,,"No, not at all",Not sure/can't remember,497
Multiple times per day,A few times per month or weekly,"Yes, somewhat",Yes,498
A few times per month or weekly,,Neutral,No,499
Daily or almost daily,I have never participated in Q&A on Stack Overflow,"No, not at all",Yes,500
Daily or almost daily,Daily or almost daily,Neutral,Yes,501
A few times per month or weekly,,"No, not really",No,502
Multiple times per day,Daily or almost daily,"Yes, somewhat",Yes,503
A few times per month or weekly,,"No, not really",No,504
Daily or almost daily,A few times per month or weekly,"Yes, definitely",Yes,505
A few times per week,,"No, not at all",No,506
A few times per week,,Neutral,No,507
A few times per month or weekly,Less than once per month or monthly,"No, not at all",Yes,508
Daily or almost daily,,"No, not really",No,509
Daily or almost daily,Less than once per month or monthly,"No, not really",Yes,510
A few times per week,,"No, not at all",Not sure/can't remember,511
Multiple times per day,,"No, not at all",No,512
Multiple times per day,Less than once per month or monthly,"No, not at all",Yes,513
A few times per week,,"No, not really",No,514
Daily or almost daily,A few times per week,"Yes, somewhat",Yes,515
A few times per month or weekly,I have never participated in Q&A on Stack Overflow,"No, not at all",Yes,516
Multiple times per day,Less than once per month or monthly,"Yes, somewhat",Yes,517
Daily or almost daily,,Neutral,No,518
Daily or almost daily,,"No, not really",No,519
A few times per week,Less than once per month or monthly,"No, not really",Yes,520
A few times per week,Less than once per month or monthly,"No, not really",Yes,522
Daily or almost daily,A few times per week,"Yes, somewhat",Yes,523
Multiple times per day,Less than once per month or monthly,"Yes, somewhat",Yes,524
A few times per week,I have never participated in Q&A on Stack Overflow,"Yes, somewhat",Yes,525
A few times per week,,"No, not really",No,526
A few times per month or weekly,I have never participated in Q&A on Stack Overflow,"No, not really",Yes,527
A few times per week,Less than once per month or monthly,Neutral,Yes,528
A few times per week,,"No, not really",Not sure/can't remember,529
Daily or almost daily,A few times per month or weekly,"Yes, somewhat",Yes,530
A few times per week,Less than once per month or monthly,Neutral,Yes,531
A few times per week,I have never participated in Q&A on Stack Overflow,"No, not really",Yes,532
A few times per month or weekly,,"No, not really",No,533
A few times per month or weekly,,"No, not really",Not sure/can't remember,534
A few times per month or weekly,I have never participated in Q&A on Stack Overflow,Neutral,Yes,535
A few times per week,I have never participated in Q&A on Stack Overflow,"No, not really",Yes,536
A few times per month or weekly,,Neutral,No,537
Daily or almost daily,Less than once per month or monthly,Neutral,Yes,538
A few times per month or weekly,,"No, not at all",No,539
A few times per week,Less than once per month or monthly,"No, not really",Yes,540
A few times per week,Less than once per month or monthly,"Yes, somewhat",Yes,541
A few times per month or weekly,,"No, not really",Not sure/can't remember,543
Less than once per month or monthly,,"No, not really",No,544
Daily or almost daily,A few times per month or weekly,Neutral,Yes,545
A few times per week,,"No, not really",Not sure/can't remember,546
A few times per week,,Neutral,No,547
A few times per week,Less than once per month or monthly,Neutral,Yes,548
Daily or almost daily,I have never participated in Q&A on Stack Overflow,"No, not at all",Yes,549
A few times per week,,"No, not really",No,550
A few times per week,Less than once per month or monthly,"Yes, somewhat",Yes,551
Daily or almost daily,Multiple times per day,"Yes, definitely",Yes,552
A few times per week,,"No, not really",No,553
Daily or almost daily,,"No, not really",No,554
Daily or almost daily,Less than once per month or monthly,"No, not at all",Yes,555
Daily or almost daily,,"No, not really",No,556
Daily or almost daily,Less than once per month or monthly,"Yes, somewhat",Yes,557
Less than once per month or monthly,Less than once per month or monthly,"No, not at all",Yes,558
A few times per week,,Neutral,No,559
A few times per week,,Neutral,No,560
Daily or almost daily,Less than once per month or monthly,Neutral,Yes,561
Multiple times per day,,"No, not really",No,562
Daily or almost daily,Less than once per month or monthly,"Yes, somewhat",Yes,563
A few times per week,Less than once per month or monthly,Neutral,Yes,564
A few times per week,A few times per week,"No, not really",Yes,565
Multiple times per day,I have never participated in Q&A on Stack Overflow,"Yes, somewhat",Yes,566
A few times per month or weekly,Less than once per month or monthly,"No, not really",Yes,567
A few times per month or weekly,I have never participated in Q&A on Stack Overflow,"No, not at all",Yes,568
A few times per month or weekly,,"No, not really",No,569
A few times per week,,Neutral,No,570
A few times per week,A few times per month or weekly,"Yes, somewhat",Yes,571
Less than once per month or monthly,Less than once per month or monthly,"No, not really",Yes,572
A few times per week,,"No, not at all",Not sure/can't remember,573
Multiple times per day,A few times per week,"Yes, somewhat",Yes,574
A few times per month or weekly,,"No, not at all",No,575
A few times per week,,"No, not at all",No,576
Multiple times per day,,"No, not really",Not sure/can't remember,577
Daily or almost daily,,"No, not at all",No,578
A few times per week,,"No, not really",No,579
Less than once per month or monthly,,Neutral,No,580
Daily or almost daily,,"No, not really",Not sure/can't remember,581
A few times per month or weekly,I have never participated in Q&A on Stack Overflow,"No, not at all",Yes,582
A few times per week,A few times per month or weekly,"No, not really",Yes,583
Multiple times per day,A few times per month or weekly,"Yes, somewhat",Yes,584
Daily or almost daily,Less than once per month or monthly,"Yes, somewhat",Yes,585
A few times per week,Less than once per month or monthly,"Yes, somewhat",Yes,586
A few times per week,Less than once per month or monthly,"No, not really",Yes,587
A few times per month or weekly,Less than once per month or monthly,Neutral,Yes,588
A few times per week,A few times per month or weekly,Neutral,Yes,589
Daily or almost daily,,"No, not at all",No,590
A few times per month or weekly,Less than once per month or monthly,"No, not really",Yes,591
A few times per week,Less than once per month or monthly,"No, not really",Yes,592
A few times per month or weekly,,"No, not really",No,593
A few times per month or weekly,Less than once per month or monthly,"No, not really",Yes,594
Daily or almost daily,Less than once per month or monthly,Neutral,Yes,595
A few times per week,Less than once per month or monthly,"No, not really",Yes,596
Daily or almost daily,A few times per week,"Yes, somewhat",Yes,597
Daily or almost daily,A few times per month or weekly,"Yes, definitely",Yes,598
Daily or almost daily,A few times per week,"Yes, definitely",Yes,599
A few times per week,,"No, not really",No,601
Multiple times per day,Less than once per month or monthly,"No, not really",Yes,602
Daily or almost daily,I have never participated in Q&A on Stack Overflow,"Yes, somewhat",Yes,603
A few times per week,,"No, not at all",No,604
Multiple times per day,Less than once per month or monthly,"No, not really",Yes,605
A few times per month or weekly,Less than once per month or monthly,"Yes, somewhat",Yes,606
Daily or almost daily,,"No, not really",No,607
A few times per month or weekly,Less than once per month or monthly,"No, not really",Yes,608
Multiple times per day,Less than once per month or monthly,Neutral,Yes,609
A few times per week,Less than once per month or monthly,"No, not really",Yes,610
Multiple times per day,,Neutral,No,611
A few times per week,Less than once per month or monthly,"No, not really",Yes,612
A few times per week,Less than once per month or monthly,"Yes, somewhat",Yes,613
A few times per week,Less than once per month or monthly,"Yes, somewhat",Yes,614
A few times per month or weekly,Less than once per month or monthly,"Yes, somewhat",Yes,615
A few times per week,,"No, not really",No,616
Daily or almost daily,Daily or almost daily,Neutral,Yes,617
Multiple times per day,A few times per week,"Yes, somewhat",Yes,618
A few times per month or weekly,,"No, not at all",Not sure/can't remember,619
A few times per month or weekly,,"No, not really",Not sure/can't remember,620
A few times per month or weekly,Less than once per month or monthly,"Yes, somewhat",Yes,621
A few times per week,,Neutral,No,622
A few times per week,Less than once per month or monthly,"No, not really",Yes,623
A few times per week,,"No, not really",Not sure/can't remember,624
A few times per week,Less than once per month or monthly,"No, not really",Yes,625
Less than once per month or monthly,,"No, not really",Not sure/can't remember,626
A few times per month or weekly,,"No, not really",Not sure/can't remember,627
A few times per month or weekly,,Neutral,No,628
Multiple times per day,Less than once per month or monthly,"Yes, definitely",Yes,629
Multiple times per day,Less than once per month or monthly,Neutral,Yes,630
A few times per month or weekly,Less than once per month or monthly,Neutral,Yes,631
Less than once per month or monthly,,"No, not at all",No,632
A few times per month or weekly,Less than once per month or monthly,"No, not really",Yes,633
A few times per month or weekly,,Neutral,No,634
Daily or almost daily,Less than once per month or monthly,"Yes, somewhat",Yes,635
A few times per week,A few times per month or weekly,"Yes, somewhat",Yes,636
A few times per month or weekly,Less than once per month or monthly,"No, not at all",Yes,637
A few times per week,,Neutral,Not sure/can't remember,638
Multiple times per day,I have never participated in Q&A on Stack Overflow,"No, not really",Yes,639
Daily or almost daily,Less than once per month or monthly,"Yes, somewhat",Yes,640
Multiple times per day,A few times per month or weekly,"Yes, somewhat",Yes,641
Daily or almost daily,I have never participated in Q&A on Stack Overflow,"No, not at all",Yes,642
A few times per month or weekly,Less than once per month or monthly,"No, not at all",Yes,643
A few times per week,Less than once per month or monthly,Neutral,Yes,644
Daily or almost daily,Daily or almost daily,"Yes, definitely",Yes,645
A few times per week,Less than once per month or monthly,"No, not at all",Yes,646
A few times per month or weekly,Less than once per month or monthly,Neutral,Yes,647
A few times per week,,"No, not at all",No,648
A few times per month or weekly,,"No, not at all",No,649
A few times per month or weekly,Less than once per month or monthly,"No, not really",Yes,650
A few times per week,Less than once per month or monthly,Neutral,Yes,651
Multiple times per day,A few times per week,"Yes, somewhat",Yes,652
Daily or almost daily,,"No, not really",Not sure/can't remember,653
Daily or almost daily,,Neutral,Not sure/can't remember,654
A few times per month or weekly,I have never participated in Q&A on Stack Overflow,"No, not really",Yes,655
Multiple times per day,,"No, not really",No,656
Daily or almost daily,,"No, not at all",Not sure/can't remember,657
A few times per month or weekly,Less than once per month or monthly,"No, not really",Yes,658
Daily or almost daily,,Neutral,No,659
Multiple times per day,A few times per month or weekly,"Yes, somewhat",Yes,660
Daily or almost daily,Less than once per month or monthly,"No, not really",Yes,661
Daily or almost daily,I have never participated in Q&A on Stack Overflow,"No, not at all",Yes,662
Multiple times per day,I have never participated in Q&A on Stack Overflow,"Yes, somewhat",Yes,663
Less than once per month or monthly,Less than once per month or monthly,"No, not really",Yes,664
Daily or almost daily,,"No, not really",No,665
A few times per month or weekly,I have never participated in Q&A on Stack Overflow,"No, not really",Yes,666
Multiple times per day,Daily or almost daily,"Yes, definitely",Yes,667
Daily or almost daily,Less than once per month or monthly,"Yes, somewhat",Yes,668
A few times per month or weekly,Less than once per month or monthly,"No, not really",Yes,669
Multiple times per day,A few times per week,Neutral,Yes,670
A few times per month or weekly,I have never participated in Q&A on Stack Overflow,"No, not really",Yes,671
A few times per week,I have never participated in Q&A on Stack Overflow,"No, not really",Yes,672
Daily or almost daily,Less than once per month or monthly,"No, not really",Yes,673
A few times per month or weekly,Less than once per month or monthly,"Yes, definitely",Yes,674
A few times per month or weekly,Less than once per month or monthly,"Yes, somewhat",Yes,675
A few times per week,Less than once per month or monthly,"No, not really",Yes,676
A few times per week,A few times per month or weekly,Neutral,Yes,677
A few times per week,Less than once per month or monthly,Neutral,Yes,678
A few times per month or weekly,Less than once per month or monthly,Neutral,Yes,679
Multiple times per day,,"No, not really",No,680
Daily or almost daily,Less than once per month or monthly,Neutral,Yes,681
Multiple times per day,Multiple times per day,"Yes, definitely",Yes,682
A few times per month or weekly,Less than once per month or monthly,"No, not really",Yes,683
Multiple times per day,I have never participated in Q&A on Stack Overflow,"No, not really",Yes,684
Less than once per month or monthly,Less than once per month or monthly,"No, not really",Yes,685
Multiple times per day,Less than once per month or monthly,"No, not really",Yes,686
Daily or almost daily,,"No, not really",No,687
A few times per month or weekly,I have never participated in Q&A on Stack Overflow,"No, not really",Yes,688
Daily or almost daily,A few times per month or weekly,"No, not really",Yes,689
A few times per week,I have never participated in Q&A on Stack Overflow,"No, not really",Yes,690
A few times per week,Less than once per month or monthly,"Yes, somewhat",Yes,691
Daily or almost daily,Less than once per month or monthly,"Yes, somewhat",Yes,692
Daily or almost daily,,"No, not really",No,693
Daily or almost daily,,Neutral,No,694
Multiple times per day,,Not sure,No,695
A few times per month or weekly,Less than once per month or monthly,Neutral,Yes,696
A few times per week,I have never participated in Q&A on Stack Overflow,"Yes, somewhat",Yes,697
A few times per week,Less than once per month or monthly,"Yes, somewhat",Yes,698
Daily or almost daily,,"No, not really",Not sure/can't remember,699
Daily or almost daily,Less than once per month or monthly,"No, not at all",Yes,700
A few times per week,Less than once per month or monthly,Neutral,Yes,701
A few times per week,Less than once per month or monthly,"No, not really",Yes,702
A few times per week,I have never participated in Q&A on Stack Overflow,"No, not really",Yes,703
A few times per week,Less than once per month or monthly,"Yes, somewhat",Yes,704
Daily or almost daily,A few times per month or weekly,Neutral,Yes,706
Multiple times per day,I have never participated in Q&A on Stack Overflow,Neutral,Yes,707
A few times per week,,Neutral,Not sure/can't remember,708
A few times per month or weekly,Less than once per month or monthly,"No, not really",Yes,709
,,"No, not really",No,710
A few times per month or weekly,Less than once per month or monthly,"No, not really",Yes,711
A few times per week,I have never participated in Q&A on Stack Overflow,"No, not really",Yes,712
Multiple times per day,,"No, not really",No,713
A few times per week,,Neutral,No,714
Daily or almost daily,A few times per month or weekly,Neutral,Yes,715
Daily or almost daily,Less than once per month or monthly,"Yes, somewhat",Yes,716
A few times per month or weekly,,Neutral,Not sure/can't remember,717
Multiple times per day,Multiple times per day,"Yes, definitely",Yes,718
Daily or almost daily,,"No, not really",No,719
Daily or almost daily,,"No, not at all",No,720
Daily or almost daily,A few times per month or weekly,"Yes, somewhat",Yes,721
A few times per week,A few times per week,"No, not at all",Yes,722
Daily or almost daily,Less than once per month or monthly,Neutral,Yes,723
Multiple times per day,A few times per week,"Yes, definitely",Yes,724
A few times per week,,"No, not really",No,725
A few times per week,Less than once per month or monthly,"No, not really",Yes,726
A few times per month or weekly,I have never participated in Q&A on Stack Overflow,"No, not at all",Yes,727
Multiple times per day,,"No, not really",No,728
Daily or almost daily,Less than once per month or monthly,"No, not really",Yes,729
A few times per week,Less than once per month or monthly,"No, not really",Yes,730
A few times per week,Less than once per month or monthly,Neutral,Yes,731
A few times per month or weekly,Less than once per month or monthly,"No, not at all",Yes,732
Multiple times per day,,"No, not at all",No,733
A few times per week,A few times per week,"Yes, somewhat",Yes,734
A few times per week,I have never participated in Q&A on Stack Overflow,"No, not really",Yes,735
A few times per week,Less than once per month or monthly,Neutral,Yes,736
Less than once per month or monthly,,"No, not at all",No,737
A few times per month or weekly,Less than once per month or monthly,"No, not really",Yes,738
Daily or almost daily,,"No, not at all",No,739
Daily or almost daily,I have never participated in Q&A on Stack Overflow,"No, not really",Yes,740
Multiple times per day,I have never participated in Q&A on Stack Overflow,"No, not really",Yes,741
Less than once per month or monthly,,"No, not at all",No,742
Multiple times per day,A few times per month or weekly,"Yes, somewhat",Yes,743
A few times per month or weekly,Less than once per month or monthly,"No, not at all",Yes,744
Daily or almost daily,,"No, not really",No,745
A few times per week,I have never participated in Q&A on Stack Overflow,"No, not at all",Yes,746
A few times per week,Less than once per month or monthly,"No, not really",Yes,747
Multiple times per day,,"No, not at all",No,748
A few times per week,I have never participated in Q&A on Stack Overflow,Not sure,Yes,749
Less than once per month or monthly,Less than once per month or monthly,"No, not really",Yes,750
Daily or almost daily,Less than once per month or monthly,"No, not really",Yes,751
A few times per week,Less than once per month or monthly,"No, not really",Yes,752
A few times per month or weekly,Less than once per month or monthly,"No, not at all",Yes,753
A few times per month or weekly,,"No, not at all",No,754
Multiple times per day,,"No, not at all",No,755
Daily or almost daily,,"No, not really",No,756
A few times per week,Less than once per month or monthly,"Yes, somewhat",Yes,757
A few times per month or weekly,Less than once per month or monthly,"No, not really",Yes,758
A few times per week,,Neutral,No,759
Multiple times per day,A few times per week,"Yes, definitely",Yes,760
A few times per week,Less than once per month or monthly,"No, not really",Yes,761
A few times per week,Less than once per month or monthly,"Yes, somewhat",Yes,762
Daily or almost daily,,"No, not at all",Not sure/can't remember,763
Daily or almost daily,Less than once per month or monthly,"No, not really",Yes,764
A few times per month or weekly,,"No, not at all",No,765
A few times per month or weekly,,"No, not at all",No,766
Daily or almost daily,A few times per week,"No, not really",Yes,767
Multiple times per day,Daily or almost daily,"Yes, definitely",Yes,768
Daily or almost daily,A few times per month or weekly,Neutral,Yes,769
Multiple times per day,I have never participated in Q&A on Stack Overflow,"No, not really",Yes,770
Daily or almost daily,,"No, not at all",No,771
A few times per week,,"No, not at all",No,772
A few times per month or weekly,Less than once per month or monthly,"No, not really",Yes,773
A few times per week,I have never participated in Q&A on Stack Overflow,Neutral,Yes,774
Multiple times per day,I have never participated in Q&A on Stack Overflow,"Yes, definitely",Yes,775
A few times per week,Less than once per month or monthly,"No, not really",Yes,776
Daily or almost daily,,"No, not really",No,777
A few times per month or weekly,Less than once per month or monthly,"No, not really",Yes,778
A few times per week,,"No, not really",Not sure/can't remember,779
A few times per week,Less than once per month or monthly,"No, not really",Yes,780
A few times per week,,"No, not at all",Not sure/can't remember,781
A few times per week,,"No, not really",No,782
A few times per week,,"No, not really",No,783
A few times per week,,"No, not really",No,784
A few times per week,I have never participated in Q&A on Stack Overflow,"No, not at all",Yes,785
Daily or almost daily,I have never participated in Q&A on Stack Overflow,"No, not at all",Yes,786
A few times per week,,"No, not really",Not sure/can't remember,787
A few times per month or weekly,I have never participated in Q&A on Stack Overflow,"No, not at all",Yes,788
Multiple times per day,,"No, not really",No,789
Daily or almost daily,,"No, not really",No,790
A few times per month or weekly,A few times per month or weekly,"Yes, somewhat",Yes,791
Daily or almost daily,Less than once per month or monthly,"Yes, somewhat",Yes,792
A few times per week,Less than once per month or monthly,Neutral,Yes,793
A few times per week,,"No, not at all",No,794
Daily or almost daily,,"No, not at all",Not sure/can't remember,795
Multiple times per day,,"No, not at all",No,796
A few times per month or weekly,I have never participated in Q&A on Stack Overflow,"No, not at all",Yes,797
A few times per month or weekly,,"No, not at all",No,798
Daily or almost daily,Less than once per month or monthly,"No, not really",Yes,799
Multiple times per day,,"No, not at all",No,800
A few times per month or weekly,Less than once per month or monthly,Neutral,Yes,801
Daily or almost daily,,"No, not really",No,802
Multiple times per day,Multiple times per day,"Yes, somewhat",Yes,803
Multiple times per day,A few times per week,"Yes, definitely",Yes,804
Less than once per month or monthly,,"No, not at all",No,805
Daily or almost daily,,"No, not at all",No,806
A few times per month or weekly,,"No, not really",Not sure/can't remember,807
A few times per week,Less than once per month or monthly,"No, not really",Yes,809
A few times per week,Less than once per month or monthly,Neutral,Yes,810
A few times per week,,"No, not really",Not sure/can't remember,811
A few times per month or weekly,Less than once per month or monthly,"Yes, somewhat",Yes,812
A few times per month or weekly,,"No, not really",No,813
A few times per month or weekly,A few times per month or weekly,"Yes, somewhat",Yes,814
Daily or almost daily,A few times per week,"Yes, definitely",Yes,815
Daily or almost daily,Less than once per month or monthly,"No, not really",Yes,816
Less than once per month or monthly,,"No, not at all",No,817
A few times per month or weekly,Less than once per month or monthly,"Yes, somewhat",Yes,818
A few times per month or weekly,Less than once per month or monthly,"No, not really",Yes,819
A few times per week,Less than once per month or monthly,"No, not really",Yes,820
A few times per month or weekly,A few times per month or weekly,"No, not really",Yes,821
A few times per week,I have never participated in Q&A on Stack Overflow,Neutral,Yes,822
A few times per week,Less than once per month or monthly,"Yes, somewhat",Yes,823
Daily or almost daily,I have never participated in Q&A on Stack Overflow,"No, not really",Yes,824
A few times per week,I have never participated in Q&A on Stack Overflow,"No, not at all",Yes,825
A few times per month or weekly,A few times per month or weekly,"Yes, definitely",Yes,826
A few times per week,,"No, not really",No,827
A few times per month or weekly,Less than once per month or monthly,"No, not really",Yes,828
A few times per week,Less than once per month or monthly,Neutral,Yes,829
A few times per week,Less than once per month or monthly,"No, not really",Yes,830
Multiple times per day,Less than once per month or monthly,"No, not at all",Yes,831
A few times per week,Less than once per month or monthly,"No, not really",Yes,832
A few times per month or weekly,I have never participated in Q&A on Stack Overflow,"No, not at all",Yes,833
A few times per week,,"No, not at all",No,834
A few times per month or weekly,I have never participated in Q&A on Stack Overflow,"No, not really",Yes,835
A few times per week,Less than once per month or monthly,"No, not really",Yes,836
A few times per month or weekly,,"No, not at all",No,837
A few times per week,Less than once per month or monthly,"No, not really",Yes,838
Multiple times per day,,Neutral,No,839
A few times per month or weekly,Less than once per month or monthly,"No, not really",Yes,840
A few times per month or weekly,,"No, not really",Not sure/can't remember,841
A few times per week,,"No, not at all",No,842
Daily or almost daily,,Neutral,No,843
Multiple times per day,,"Yes, somewhat",Not sure/can't remember,844
Daily or almost daily,Less than once per month or monthly,"Yes, somewhat",Yes,845
A few times per week,A few times per month or weekly,"Yes, somewhat",Yes,846
A few times per month or weekly,A few times per month or weekly,"Yes, definitely",Yes,847
Daily or almost daily,Less than once per month or monthly,Neutral,Yes,848
Daily or almost daily,A few times per month or weekly,"No, not at all",Yes,849
Daily or almost daily,,"No, not at all",No,850
Multiple times per day,Multiple times per day,"Yes, definitely",Yes,851
Daily or almost daily,Less than once per month or monthly,Neutral,Yes,852
Daily or almost daily,,"No, not at all",No,853
A few times per month or weekly,Less than once per month or monthly,"No, not really",Yes,854
Daily or almost daily,,Neutral,No,855
Less than once per month or monthly,,"No, not at all",No,856
A few times per month or weekly,,"No, not at all",No,857
Less than once per month or monthly,Less than once per month or monthly,"No, not at all",Yes,858
A few times per week,,"No, not at all",No,859
A few times per week,Less than once per month or monthly,"No, not really",Yes,860
Less than once per month or monthly,Less than once per month or monthly,"No, not really",Yes,861
A few times per week,I have never participated in Q&A on Stack Overflow,"No, not really",Yes,862
A few times per month or weekly,,Neutral,No,863
A few times per week,I have never participated in Q&A on Stack Overflow,Neutral,Yes,864
Less than once per month or monthly,I have never participated in Q&A on Stack Overflow,"No, not at all",Yes,865
A few times per week,,"No, not at all",No,866
Daily or almost daily,,"No, not at all",No,867
Less than once per month or monthly,I have never participated in Q&A on Stack Overflow,"No, not really",Yes,868
A few times per week,I have never participated in Q&A on Stack Overflow,"No, not really",Yes,869
A few times per month or weekly,,"No, not at all",No,870
A few times per week,,"No, not really",No,871
A few times per week,,"No, not really",No,872
A few times per month or weekly,Less than once per month or monthly,"Yes, somewhat",Yes,873
Daily or almost daily,Less than once per month or monthly,"Yes, definitely",Yes,874
Daily or almost daily,Less than once per month or monthly,"Yes, somewhat",Yes,875
A few times per month or weekly,Less than once per month or monthly,"No, not really",Yes,876
Multiple times per day,,Neutral,No,877
Less than once per month or monthly,I have never participated in Q&A on Stack Overflow,"No, not really",Yes,878
Daily or almost daily,Less than once per month or monthly,"No, not really",Yes,879
A few times per month or weekly,Less than once per month or monthly,"No, not really",Yes,880
Daily or almost daily,Less than once per month or monthly,"No, not really",Yes,881
A few times per month or weekly,I have never participated in Q&A on Stack Overflow,"No, not at all",Yes,882
Daily or almost daily,,"No, not really",Not sure/can't remember,883
Multiple times per day,Less than once per month or monthly,"Yes, somewhat",Yes,884
A few times per month or weekly,I have never participated in Q&A on Stack Overflow,"No, not really",Yes,885
A few times per week,,"No, not really",No,886
Multiple times per day,,"No, not at all",No,887
A few times per week,I have never participated in Q&A on Stack Overflow,Neutral,Yes,888
Daily or almost daily,,"No, not at all",No,889
Daily or almost daily,,"No, not really",No,890
Less than once per month or monthly,Less than once per month or monthly,"No, not at all",Yes,891
Multiple times per day,A few times per month or weekly,"No, not really",Yes,892
A few times per week,I have never participated in Q&A on Stack Overflow,"No, not at all",Yes,893
A few times per week,Less than once per month or monthly,Neutral,Yes,894
A few times per week,Less than once per month or monthly,Neutral,Yes,895
Daily or almost daily,Less than once per month or monthly,"No, not at all",Yes,896
Multiple times per day,Less than once per month or monthly,"No, not really",Yes,897
A few times per week,I have never participated in Q&A on Stack Overflow,Neutral,Yes,898
Daily or almost daily,A few times per month or weekly,"Yes, somewhat",Yes,899
A few times per month or weekly,,"No, not at all",No,900
A few times per month or weekly,Less than once per month or monthly,"No, not really",Yes,901
A few times per month or weekly,Less than once per month or monthly,"No, not really",Yes,902
A few times per week,A few times per month or weekly,"No, not really",Yes,903
A few times per month or weekly,,"No, not really",No,904
Daily or almost daily,Less than once per month or monthly,Neutral,Yes,905
Less than once per month or monthly,,"No, not at all",No,906
Daily or almost daily,A few times per month or weekly,"Yes, somewhat",Yes,907
A few times per week,Less than once per month or monthly,Neutral,Yes,908
Daily or almost daily,Less than once per month or monthly,"No, not at all",Yes,909
Multiple times per day,I have never participated in Q&A on Stack Overflow,"Yes, somewhat",Yes,910
Multiple times per day,Multiple times per day,"Yes, definitely",Yes,911
A few times per week,,"No, not at all",Not sure/can't remember,912
Daily or almost daily,A few times per month or weekly,Neutral,Yes,913
A few times per month or weekly,,"No, not really",No,914
Daily or almost daily,,Neutral,No,915
Multiple times per day,,"No, not really",Not sure/can't remember,916
A few times per month or weekly,Less than once per month or monthly,Neutral,Yes,917
A few times per week,,"No, not at all",No,918
,I have never participated in Q&A on Stack Overflow,"No, not at all",Yes,919
A few times per month or weekly,I have never participated in Q&A on Stack Overflow,"No, not at all",Yes,920
A few times per week,Less than once per month or monthly,"No, not really",Yes,921
A few times per month or weekly,,"No, not really",Not sure/can't remember,922
A few times per month or weekly,I have never participated in Q&A on Stack Overflow,Neutral,Yes,923
Daily or almost daily,I have never participated in Q&A on Stack Overflow,"No, not at all",Yes,924
A few times per week,,"No, not at all",No,925
A few times per week,I have never participated in Q&A on Stack Overflow,"No, not really",Yes,926
A few times per week,A few times per month or weekly,"Yes, somewhat",Yes,927
A few times per month or weekly,,"No, not really",Not sure/can't remember,928
Multiple times per day,Multiple times per day,"Yes, definitely",Yes,929
A few times per month or weekly,,"No, not really",Not sure/can't remember,930
A few times per week,I have never participated in Q&A on Stack Overflow,"No, not really",Yes,931
Multiple times per day,Less than once per month or monthly,"No, not really",Yes,932
Daily or almost daily,I have never participated in Q&A on Stack Overflow,"No, not really",Yes,933
A few times per week,Less than once per month or monthly,Neutral,Yes,935
A few times per month or weekly,Less than once per month or monthly,"No, not really",Yes,936
A few times per week,I have never participated in Q&A on Stack Overflow,"Yes, definitely",Yes,937
Multiple times per day,Less than once per month or monthly,"No, not really",Yes,938
Multiple times per day,Less than once per month or monthly,Neutral,Yes,939
A few times per month or weekly,Less than once per month or monthly,"No, not really",Yes,940
Daily or almost daily,A few times per month or weekly,"No, not at all",Yes,941
A few times per week,A few times per month or weekly,"Yes, somewhat",Yes,942
Daily or almost daily,I have never participated in Q&A on Stack Overflow,"No, not at all",Yes,943
Daily or almost daily,A few times per week,"Yes, somewhat",Yes,944
A few times per month or weekly,Less than once per month or monthly,"No, not at all",Yes,945
Daily or almost daily,Less than once per month or monthly,Neutral,Yes,946
Multiple times per day,Less than once per month or monthly,"No, not at all",Yes,947
A few times per month or weekly,,"No, not really",No,948
A few times per month or weekly,,"No, not really",Not sure/can't remember,949
Daily or almost daily,Less than once per month or monthly,"No, not really",Yes,950
A few times per month or weekly,Less than once per month or monthly,"Yes, somewhat",Yes,951
Daily or almost daily,I have never participated in Q&A on Stack Overflow,"No, not really",Yes,952
Multiple times per day,Less than once per month or monthly,"Yes, definitely",Yes,953
A few times per week,Less than once per month or monthly,"No, not really",Yes,954
A few times per month or weekly,I have never participated in Q&A on Stack Overflow,"No, not really",Yes,955
Multiple times per day,Daily or almost daily,"Yes, definitely",Yes,956
A few times per month or weekly,Less than once per month or monthly,"No, not at all",Yes,957
A few times per week,,"No, not at all",No,958
A few times per month or weekly,I have never participated in Q&A on Stack Overflow,Neutral,Yes,959
Daily or almost daily,Less than once per month or monthly,"Yes, somewhat",Yes,960
Daily or almost daily,Less than once per month or monthly,"No, not really",Yes,961
A few times per week,Less than once per month or monthly,"No, not really",Yes,962
A few times per month or weekly,,"No, not really",No,963
Daily or almost daily,,"Yes, somewhat",No,964
Multiple times per day,Daily or almost daily,"Yes, somewhat",Yes,965
A few times per week,Less than once per month or monthly,Not sure,Yes,966
Multiple times per day,Multiple times per day,Neutral,Yes,967
A few times per month or weekly,Less than once per month or monthly,"No, not really",Yes,968
A few times per month or weekly,,"No, not really",Not sure/can't remember,969
A few times per week,I have never participated in Q&A on Stack Overflow,"No, not really",Yes,970
A few times per month or weekly,Less than once per month or monthly,"No, not really",Yes,971
Multiple times per day,Multiple times per day,"Yes, definitely",Yes,972
A few times per month or weekly,,"No, not at all",Not sure/can't remember,973
Less than once per month or monthly,Less than once per month or monthly,"No, not really",Yes,974
Daily or almost daily,,"No, not really",No,975
A few times per month or weekly,Less than once per month or monthly,"No, not really",Yes,976
A few times per week,I have never participated in Q&A on Stack Overflow,"No, not at all",Yes,977
Daily or almost daily,A few times per month or weekly,Neutral,Yes,978
A few times per week,Less than once per month or monthly,"No, not really",Yes,979
A few times per week,,"No, not really",No,980
A few times per month or weekly,Less than once per month or monthly,"No, not at all",Yes,981
A few times per month or weekly,,"No, not really",Not sure/can't remember,982
Multiple times per day,A few times per week,"Yes, definitely",Yes,983
Daily or almost daily,Less than once per month or monthly,"No, not really",Yes,984
A few times per week,,"No, not really",No,985
A few times per week,,"No, not at all",No,986
A few times per week,I have never participated in Q&A on Stack Overflow,Neutral,Yes,987
Daily or almost daily,I have never participated in Q&A on Stack Overflow,"No, not really",Yes,988
Daily or almost daily,,"No, not really",No,989
Multiple times per day,,"No, not really",No,990
A few times per week,A few times per month or weekly,"No, not really",Yes,991
A few times per month or weekly,,"No, not really",Not sure/can't remember,992
A few times per month or weekly,,"No, not really",No,993
Daily or almost daily,I have never participated in Q&A on Stack Overflow,Neutral,Yes,994
Daily or almost daily,Less than once per month or monthly,"Yes, somewhat",Yes,995
Daily or almost daily,,"No, not at all",No,996
A few times per week,Less than once per month or monthly,"No, not really",Yes,997
A few times per month or weekly,,"No, not at all",No,998
Multiple times per day,,Neutral,No,999
Daily or almost daily,Less than once per month or monthly,Neutral,Yes,1000
A few times per month or weekly,Less than once per month or monthly,"No, not really",Yes,1001
A few times per month or weekly,Less than once per month or monthly,Neutral,Yes,1002
A few times per week,A few times per month or weekly,"No, not really",Yes,1003
Multiple times per day,I have never participated in Q&A on Stack Overflow,"Yes, somewhat",Yes,1004
A few times per week,,"No, not really",Not sure/can't remember,1005
A few times per week,I have never participated in Q&A on Stack Overflow,"No, not really",Yes,1006
Multiple times per day,,Neutral,No,1007
Daily or almost daily,Less than once per month or monthly,"No, not really",Yes,1008
Daily or almost daily,,"No, not really",No,1009
A few times per week,,"No, not really",No,1010
A few times per week,,"No, not at all",Not sure/can't remember,1011
